uid,title,description,long_description,begin,end,location_name,location_city,location_address,origin_agenda
18104453,Étrange diptyque signé Guillaume Bottazzi sur le patrimoine historique des Gratte-Ciel de Villeurbanne,Cette création de Guillaume Bottazzi mesure 4m de haut et se situe sur le patrimoine historique des premiers gratte-ciels de France.,"### Cette création de Guillaume Bottazzi mesure 4m de haut et se situe sur le patrimoine historique des premiers gratte-ciels de France.

Cette étrange et mystérieuse création a été réalisée en 2009. Située dans l'une des rues les plus emblématiques de la ville, jalonnée de gratte-ciels et de commerces, elle a reçu les félicitations des architectes des Bâtiments de France.  
Cette commande in situ implique une approche globale intégrant différents paramètres spécifiques au lieu où elles se trouvent en soulignant notamment la hauteur et la symétrie de l’architecture.  
Elle crée un espace onirique, enchanteur, qui évolue en fonction de l’imaginaire de chacun.  
À l'occasion de la 43e édition des Journées européennes du patrimoine, l'artiste peintre [Guillaume Bottazzi](https://fr.wikipedia.org/wiki/Guillaume_Bottazzi), pionnier de la [neuroesthétique](https://fr.wikipedia.org/wiki/Neuroesth%C3%A9tique) appliquée, nous invite à un parcours artistique gargantuesque composé de plus de 90 œuvres d'art patrimoniales qui nous font du bien.  
Cette initiative intervient alors que l'Union Européenne et la France ont désigné la santé mentale comme « Grande Cause nationale » pour 2026. Ces œuvres in situ améliorent notre qualité de vie. Ces créations poétiques, fondées sur des connaissances issues de la neurobiologie, créent un écosystème qui aide à vivre plus heureux.  
Site officiel de [Guillaume Bottazzi](https://guillaume.bottazzi.org)",2026-09-18 08:00:00+02:00,2026-09-18 21:00:00+02:00,Gratte-Ciel de Villeurbanne,Villeurbanne,"22 rue Paul Verlaine, 69100 Villeurbanne, Métropole de Lyon, Auvergne-Rhône-Alpes",Journées européennes du patrimoine 2026 - Auvergne – Rhône-Alpes
56288070,Six œuvres évanescentes et zénifiantes signées Guillaume Bottazzi,"Ces œuvres rétroéclairées sur toile d’avion, réalisées en 2020 et 2021, créent une atmosphère apaisante. La légèreté et la finesse d’exécution proviennent de la technique utilisée, appelée « glacis …","Ces œuvres rétroéclairées sur toile d’avion, réalisées en 2020 et 2021, créent une atmosphère apaisante. La légèreté et la finesse d’exécution proviennent de la technique utilisée, appelée « glacis », qui consiste à superposer de fines couches transparentes pour donner une douceur et une profondeur aux couleurs.  
Elles sont composées de bleu de Prusse, de turquoise, de blanc, de pourpre, de fuchsia et de rose renoncule. Elles créent un espace poétique et enchanteur qui évolue selon l'imaginaire de chacun.  
À l'occasion de la 43e édition des Journées européennes du patrimoine, l'artiste peintre [Guillaume Bottazzi](https://fr.wikipedia.org/wiki/Guillaume_Bottazzi), pionnier de la [neuroesthétique](https://fr.wikipedia.org/wiki/Neuroesth%C3%A9tique) appliquée, nous invite à un parcours artistique gargantuesque composé de plus de 90 œuvres d'art patrimoniales qui nous font du bien.  
Ces œuvres sont à découvrir dans toute la France, des Hauts-de-France à la région Occitanie, en passant par la capitale, le Grand Paris, l'Auvergne-Rhône-Alpes et la Provence-Alpes-Côte d'Azur.  
[Guillaume Bottazzi](https://guillaume.bottazzi.org) a signé plus de 180 œuvres patrimoniales qui ont la vocation de valoriser le patrimoine, en Europe, aux Etats-Unis, en Chine et au Japon, commandées par des villes, des musées et des architectes. Elles s’inscrivent au patrimoine architectural des lieux où elles se situent.  
Cette initiative intervient alors que l'Union Européenne et la France ont désigné la santé mentale comme « Grande Cause nationale » pour 2026. Ces œuvres in situ améliorent notre qualité de vie. Ces créations poétiques, fondées sur des connaissances issues de la neurobiologie, créent un écosystème qui aide à vivre plus heureux.  
Le public est invité à se promener en regardant ces œuvres pour voir s'il reçoit sa dose de bien-être.  
**Reportages télévisés :**  
[BFM TV](https://youtu.be/krB-QT5jbwQ)  
[France 3](https://youtu.be/HMkNp3uoD8w)

Site officiel de [Guillaume Bottazzi](https://guillaume.bottazzi.org)",2026-09-18 08:00:00+02:00,2026-09-18 20:00:00+02:00,7ème Squ'ART,Lyon,107 rue Bechevelin 69007 Lyon,Journées européennes du patrimoine 2026 - Auvergne – Rhône-Alpes
26408086,Métiers et transmission Meilleurs Ouvriers de France,Les Meilleurs Ouvriers de France du Rhône organisent un événement exceptionnel à LYON 4 en exterieur sur la place Bertone et en interieur à la maison des MOF au 22 rue Belfort.,"Les Meilleurs Ouvriers de France du Rhône organisent un événement exceptionnel à LYON 4 en exterieur sur la place Bertone et en interieur à la maison des MOF au 22 rue Belfort.  
Le vendredi sera entièrement réservé aux publics scolaires et le reste du week-end sera tout public.  
À cette occasion, des ateliers participatifs permettront de découvrir et expérimenter les gestes des métiers du patrimoine bâti : charpente, couverture, taille de pierre, maçonnerie, métiers du verre, ferronnerie, serrurerie, paysagisme…  
Encadrés par des Meilleurs Ouvriers de France (MOF), des Meilleurs Apprentis de France (MAF), les Compagnons du Devoir et des artisans issus d’Entreprises du Patrimoine Vivant, le public aura l’opportunité unique de s’initier à ces savoir-faire d’exception et de dialoguer avec des professionnels passionnés.",2026-09-18 08:00:00+02:00,2026-09-18 18:00:00+02:00,place bertone,Lyon,place bertone 69004 Lyon,Journées européennes du patrimoine 2026 - Auvergne – Rhône-Alpes
9967308,Fontaine aux salamandres et texte du carrier Louis Ligneux,"Les répliques du carrier Pierre Ligneux, trouvées sur le front de taille ont été déposées à côté de la fontaine, lieu de ponte des salamandres. Jusqu'au 19 è siècle le chemin du Pinay était emprunté…","Les répliques du carrier Pierre Ligneux, trouvées sur le front de taille ont été déposées à côté de la fontaine, lieu de ponte des salamandres. Jusqu'au 19 è siècle le chemin du Pinay était emprunté par les carriers et leurs charrettes jusqu'à la Saône où les pierres étaient embarquées pouyr construire Lyon avant l'arrivée du train. Ce chemin et les répliques du texte de Pierre Ligneux sont une manière de se souvenir du passé des carriers.",2026-09-18 08:00:00+02:00,2026-09-18 20:00:00+02:00,Chemin du Pinay,Saint-Romain-au-Mont-d'Or,Chemin du Pinay 69270 Saint-Romain au mont d or,Journées européennes du patrimoine 2026 - Auvergne – Rhône-Alpes
56531615,Exposition « vibrations phéniciennes »,Tahar Aouidan artiste peintre et calligraphe tunisien exposera ses œuvres inspirées de la méditerranée et du milieu marin,"Tahar Aouidan artiste peintre et calligraphe tunisien exposera ses œuvres inspirées de la méditerranée et du milieu marin  
La méditerranée a toujours été un point de rencontre, de transit, d’échanges et contacts culturels. Voir et faire voir la mer c’est un peu appeler à revoir l’héritage humain et les transmissions universelles en matière de création et d’esthétique, de sorte à ce que la mer finisse par ne plus être qu’une partie du décor naturel ou un élément neutre du spectacle. Elle est la vie.",2026-09-18 08:30:00+02:00,2026-09-18 13:00:00+02:00,Institut Français de Civilisation Musulmane,Lyon,52 Rue Guillaume Paradin 69008 Lyon,Journées européennes du patrimoine 2026 - Auvergne – Rhône-Alpes
47303680,Patrimoine en péril,Journées européennes du patrimoine,"Exposition en libre accès dans la cathédrale.  
Comment protéger notre patrimoine ? Faut-il seulement le préserver ou plutôt le faire évoluer ? Selon les époques, les évènements qui ont marqué la cathédrale de Lyon, les sensibilités des différentes personnes qui lui donnent vie depuis plusieurs siècles et qui l’entretienne, plusieurs réponses ont été apportées à ces questions.",2026-09-18 09:00:00+02:00,2026-09-18 19:30:00+02:00,Cathédrale Saint-Jean-Baptiste,Lyon,"Place Saint Jean, 69005 Lyon, France",Journées européennes du patrimoine 2026 - Auvergne – Rhône-Alpes
54463204,VISITE ATELIER DE SOIERIE LYONNAISE,"Venez visiter l’atelier familial de tissage à bras, classé Monument Historique, du célèbre maître tisseur Georges Mattelon.","Venez visiter l’atelier familial de tissage à bras, classé **Monument Historique**, du célèbre maître tisseur **Georges Mattelon**.  
_Les visites comportent une d__**émonstration de tissage**_ _sur les métiers d’origine, accompagnés d’explications sur les_ _**techniques employées**__, d’une présentation des différents_ _**métiers de la Fabrique**_ _des Soies, un rappel de l’histoire de l’atelier et un autre évoquant l__**’histoire de la soierie à Lyon.**_",2026-09-18 09:00:00+02:00,2026-09-18 17:30:00+02:00,Atelier Mattelon,Lyon,"10 Rue Richan, 69004 Lyon, France",Journées européennes du patrimoine 2026 - Auvergne – Rhône-Alpes
26922569,Exposition « Patrimoine de Lissieu »,"Photographies, plans napoléoniens et bannière de la Chorale datant de 1865.","Photographies, plans napoléoniens et bannière de la Chorale datant de 1865.",2026-09-18 09:00:00+02:00,2026-09-18 17:00:00+02:00,Mairie de Lissieu,Lissieu,75 route départementale 306 69380 Lissieu,Journées européennes du patrimoine 2026 - Auvergne – Rhône-Alpes
24995180,Tableau vert émeraude de 4m de long signé Guillaume Bottazzi,Cette œuvre émaillée réalisée en 2018 mesure plus de 4 mètres de long. Elle orne le hall d'accueil d’un immeuble de bureaux appelé « La Vague ». Elle se trouve face à la Saône et à la brasserie Elle …,"Cette œuvre émaillée réalisée en 2018 mesure plus de 4 mètres de long. Elle orne le hall d'accueil d’un immeuble de bureaux appelé « La Vague ». Elle se trouve face à la Saône et à la brasserie Bocuse Ouest. Elle est visible de l’extérieur à travers de grandes baies vitrées.  
Ses tonalités bleu canard, vert émeraude et turquoise font référence à la Saône et à l’architecture environnante. Cette création est composée d’émaux déposés sur du verre, ensuite trempé et feuilleté.  
Elle crée un espace poétique et enchanteur, qui évolue selon l'imaginaire de chacun. Le public est convié à découvrir cette création poétique immersive dans le 9ème arrondissement.  
À l'occasion de la 43e édition des Journées européennes du patrimoine, l'artiste peintre [Guillaume Bottazzi](https://fr.wikipedia.org/wiki/Guillaume_Bottazzi), pionnier de la [neuroesthétique](https://fr.wikipedia.org/wiki/Neuroesth%C3%A9tique) appliquée, nous invite à un parcours artistique gargantuesque composé de plus de 90 œuvres d'art patrimoniales qui nous font du bien.  
Ces œuvres sont à découvrir dans toute la France, des Hauts-de-France à la région Occitanie, en passant par la capitale, le Grand Paris, l'Auvergne-Rhône-Alpes et la Provence-Alpes-Côte d'Azur.  
[Guillaume Bottazzi](https://guillaume.bottazzi.org) a signé plus de 180 œuvres patrimoniales qui ont la vocation de valoriser le patrimoine, en Europe, aux Etats-Unis, en Chine et au Japon, commandées par des villes, des musées et des architectes. Elles s’inscrivent au patrimoine architectural des lieux où elles se situent.  
Cette initiative intervient alors que l'Union Européenne et la France ont désigné la santé mentale comme « Grande Cause nationale » pour 2026. Ces œuvres in situ améliorent notre qualité de vie. Ces créations poétiques, fondées sur des connaissances issues de la neurobiologie, créent un écosystème qui aide à vivre plus heureux.  
Le public est invité à se promener en regardant ces œuvres pour voir s'il reçoit sa dose de bien-être.  
Site officiel de [Guillaume Bottazzi](https://guillaume.bottazzi.org)",2026-09-18 09:00:00+02:00,2026-09-18 18:00:00+02:00,Immeuble La Vague,Lyon,"2, quai du Commerce, 69009 Lyon, Métropole de Lyon, Auvergne-Rhône-Alpes",Journées européennes du patrimoine 2026 - Auvergne – Rhône-Alpes
93747077,Levez les yeux - fresques et rosaces de la chapelle du Lycée St Marc,Accueil commun des deux classes avec une présentation du chantier des fresques et du métier de restaurateur-restauratrice.,"Accueil commun des deux classes avec une présentation du chantier des fresques et du métier de restaurateur-restauratrice.  
Puis répartition en deux groupes :  
un premier groupe découvre plus en détail le travail de restauration des fresques et échange autour du chantier ;  
un second groupe participe à une médiation dans le lieu (visite, questionnaire, dessin, écriture ou observation autour du thème « Levez les yeux ! ») - Rosace, architecture, autres fresques...  
Les groupes inversent ensuite leurs parcours.  
des classes se sont déjà pré-inscrites.",2026-09-18 09:00:00+02:00,2026-09-18 11:30:00+02:00,Lycée Saint-Marc,Lyon,10 rue Sainte Hélène 69002 Lyon,Journées européennes du patrimoine 2026 - Auvergne – Rhône-Alpes
57821294,A la découverte de l'ingénierie nucléaire !,Comment conçoit-on une centrale nucléaire ? A quoi ressembleront les réacteurs de demain ?,"_**Comment conçoit-on une centrale nucléaire ? A quoi ressembleront les réacteurs de demain ?**_  
A Lyon, 2ᵉ pôle de l’ingénierie nucléaire, les élèves sont invités à découvrir les coulisses de cet univers fascinant : de notre mobilisation pour les centrales en exploitation, la prolongation de leur durée de fonctionnement jusqu'à la conception des réacteurs du futur… Entrez en immersion dans l'ingénierie nucléaire et son rôle central dans les projets à fort enjeux d'EDF !",2026-09-18 09:30:00+02:00,2026-09-18 11:00:00+02:00,La Grande Halle,Lyon,"19 Rue Pierre Bourdeix, 69007 Lyon",Journées européennes du patrimoine 2026 - Auvergne – Rhône-Alpes
33098397,"Le Vieux Lyon secret: entre Renaissance et 18ème siècle, suivez votre guide costumée et redécouvrez des lieux cachés (traboules et miraboules)","Suivez la très distinguée Mme de Monterrad, dont la famille fait commerce dans la soie. Découvrez le Lyon du 18e siècle avec les nouvelles constructions de Soufflot et sa loge du Change, les prémices…","Suivez la très distinguée Mme de Monterrad, dont la famille fait commerce dans la soie. Découvrez le Lyon du 18e siècle avec les nouvelles constructions de Soufflot et sa loge du Change, les prémices de la Grande Révolte des ouvriers de la soie ou les derniers travaux de la Cathédrale Saint-Jean.  
Entre deux conseils beauté, elle vous fera également découvrir des cours intérieures d'anciens hôtels particuliers datant de la Renaissance, vestiges d'une période de faste.  
La visite débutera Place des Terreaux (DEVANT l'entrée du musée des Beaux Arts), pour se poursuivre dans le Vieux Lyon en empruntant le pont de la Feuillée. Après un clin d'œil à la colline de Fourvière, vous découvrirez notamment, la rue Lainerie puis la rue Juiverie qui a été la plus belle rue du Vieux Lyon.  
Loin de la foule, vous emprunterez des traboules méconnues et des cours intérieures cachées uniquement accessibles le matin.",2026-09-18 09:45:00+02:00,2026-09-18 11:45:00+02:00,Place des Terreaux,Lyon,Place des Terreaux 69001 Lyon,Journées européennes du patrimoine 2026 - Auvergne – Rhône-Alpes
16271065,Visite de l'atelier de l'artiste peintre sculpteur Josiane Mermet-Jaeck,L'artiste Peinte Josiane Mermet Jaeck vous ouvre son atelier exceptionnellement pour les Journées du Patrimoine. Venez la rencontrer et découvrir son univers et son atelier.,L'artiste Peinte Josiane Mermet Jaeck vous ouvre son atelier exceptionnellement pour les Journées du Patrimoine. Venez la rencontrer et découvrir son univers et son atelier.,2026-09-18 10:00:00+02:00,2026-09-18 12:30:00+02:00,Atelier Mermet-Jaeck,Lyon,7 avenue Birmingham 69004 Lyon,Journées européennes du patrimoine 2026 - Auvergne – Rhône-Alpes
94537987,Visite libre du trésor de la Cathédrale de Lyon,Visite libre du trésor de la cathédrale de Lyon.,Visite libre du trésor de la cathédrale de Lyon.,2026-09-18 10:00:00+02:00,2026-09-18 12:30:00+02:00,Cathédrale Saint-Jean-Baptiste,Lyon,"Place Saint Jean, 69005 Lyon, France",Journées européennes du patrimoine 2026 - Auvergne – Rhône-Alpes
79988641,Visite guidée : Premiers pas dans l'histoire d'Oullins,Visite guidée du centre historique d'Oullins :,"Visite guidée du centre historique d'Oullins :
----------------------------------------------

Rentrez dans l’histoire inattendue de cette commune de la métropole lyonnaises : entre château de la Renaissance et industrie ferroviaire découvrez l’étendu du patrimoine d’Oullins.  
Une visite d'1h30 pour découvrir le coeur de l'histoire de la ville. Passage du quartier Centre à celui de la Bussière.  
Attention : dénivelé en descente sur certains passages de la visite.  
Accessible aux chiens, chats tenus en laisse ou dans un sac.  
Accès PMR et sac sensoriel disponible ( fidgets, casques antibruit, loupe, carte...) sur demande. Pour tout autre handicap ne pas hésiter à prévenir en amont pour adapter le parcours.",2026-09-18 10:00:00+02:00,2026-09-18 11:30:00+02:00,Hôtel de ville d' Oullins,Oullins,place roger salengro 69600 Oullins,Journées européennes du patrimoine 2026 - Auvergne – Rhône-Alpes
49902431,Visite guidée de L'Antiquaille,"Dans le cadre de ces Journées Européennes du Patrimoine, L’Antiquaille présente une exposition de banderoles illustrées retraçant les différentes étapes de la restructuration de l’ancien hôpital de à…","Dans le cadre de ces Journées Européennes du Patrimoine, L’Antiquaille présente une exposition de banderoles illustrées retraçant les différentes étapes de la restructuration de l’ancien hôpital de L’Antiquaille. Grâce à de nombreuses photographies, les visiteurs pourront découvrir l’ampleur des travaux qui ont permis de préserver et de valoriser ce lieu historique afin de le transformer en centre culturel consacré à l’histoire du christianisme lyonnais.

Cette exposition s’inscrit pleinement dans les thèmes nationaux de l’édition 2026 en montrant comment un patrimoine remarquable peut être sauvegardé, réinventé et transmis aux générations futures. Les photographies témoignent de cette métamorphose et offrent un regard unique sur l’évolution d’un site majeur du patrimoine lyonnais.

Les visiteurs pourront également participer à des visites découvertes commentées de deux espaces emblématiques de L’Antiquaille, tous deux classés Monuments Historiques :  
\- **La Crypte des mosaïques**, édifiée en hommage aux 48 martyrs de Lyon de l’an 177 sous l’Empire romain.  
\- **Le Cachot de Pothin**, consacré à saint Pothin, premier évêque de Lugdunum et figure majeure des origines du christianisme en Gaule.  
Chaque visite dure 45 minutes.",2026-09-18 10:00:00+02:00,2026-09-18 17:00:00+02:00,L'Antiquaille,Lyon,49 Montée Saint-Barthélémy 69005 Lyon,Journées européennes du patrimoine 2026 - Auvergne – Rhône-Alpes
73795002,Arch'ivres en Turakie,Arch'ivres en Turakie,"Arch'ivres en Turakie
---------------------

Quand le théâtre d'objets s'empare des Archives pour vous proposer une vision poétique et décalée de la conservation du patrimoine et de l'histoire !  
[En savoir +](https://www.archives-lyon.fr/evenements/journees-europeennes-du-patrimoine)",2026-09-18 10:00:00+02:00,2026-09-18 19:00:00+02:00,Archives de Lyon,Lyon,"1 Place des Archives, 69002 Lyon, France",Journées européennes du patrimoine 2026 - Auvergne – Rhône-Alpes
12766962,L'œil de Mermoz,Une action culturelle portée par la MJC Laënnec-Mermoz et le Monde est Flou,"Une action culturelle portée par la MJC Laënnec-Mermoz et le Monde est Flou  
Des enquêtes photographiques menées en 2026 par plus de 90 participant-es à Mermoz (8e arr.) mettent en lumière les habitant-es et leur quartier en mutation. À partir de leurs productions, les habitant-es ont imaginé et conçu une scénographie immersive et en constante évolution.  
Exposition en accès-libre aux horaires d’ouverture de Gadagne, à voir jusqu'au 27/09",2026-09-18 10:30:00+02:00,2026-09-18 18:00:00+02:00,Musée d'histoire de Lyon et Musée des arts de la marionnette,Lyon,"1 Place du Petit Collège, 69005 Lyon, France",Journées européennes du patrimoine 2026 - Auvergne – Rhône-Alpes
7549135,Exposition Savoir-Faire,"A l'occasion des Journées Européennes du Patrimoine, la Maison Arthus Bertrand vous invite à découvrir son savoir-faire à travers une exposition retraçant les différentes étapes de fabrication de La…","A l'occasion des Journées Européennes du Patrimoine, la Maison Arthus Bertrand vous invite à découvrir son savoir-faire à travers une exposition retraçant les différentes étapes de fabrication de leurs bijoux. La responsable du patrimoine de la Maison sera présente le vendredi pour répondre à vos questions et vous éclairer sur l'histoire de cette maison historique.",2026-09-18 10:30:00+02:00,2026-09-18 19:00:00+02:00,Boutique Arthus Bertrand,Lyon,15 rue des Archers 69002 Lyon,Journées européennes du patrimoine 2026 - Auvergne – Rhône-Alpes
11560678,Des Corps célestes,Exposition de huit artistes contemporain(e)s,"Cette exposition de huit artistes contemporain(e)s, vivant(e)s, s’inscrit dans l’action pérenne et constante d’une structure associative, Souchaud Art Project, dont l’un des buts est de participer activement à « l’économie poétique » du territoire rhonalpin en mettant en relation artistes et public autour de projets artistiques sensibles connectés à des lieux patrimoniaux, ancrés dans l’histoire et le développement des territoires.  
Direction artistique : Françoise Souchaud  
Commissariat d'exposition : Jean-Marc Paubel",2026-09-18 11:00:00+02:00,2026-09-18 18:00:00+02:00,Chapelle Notre dame de L'île Barbe Lyon 69009,Lyon,Chemin du Bas du Port île Barbe,Journées européennes du patrimoine 2026 - Auvergne – Rhône-Alpes
43091126,Atelier reconstitution d'une chambrée militaire,Un atelier de reconstitution d’une chambrée militaire sera proposé aux visiteurs. Cet atelier participatif permettra de découvrir concrètement l’organisation d’un espace de vie militaire d’époque à…,Un atelier de reconstitution d’une chambrée militaire sera proposé aux visiteurs. Cet atelier participatif permettra de découvrir concrètement l’organisation d’un espace de vie militaire d’époque à travers le remontage de lits doubles superposés et la reconstitution d’une chambrée du Fort de Feyzin. Une occasion de mieux comprendre les conditions d’hébergement des soldats et la vie quotidienne au sein du fort.,2026-09-18 11:00:00+02:00,2026-09-18 17:30:00+02:00,Fort de Feyzin,Feyzin,1 allée Séré de Rivières 69320 Feyzin.,Journées européennes du patrimoine 2026 - Auvergne – Rhône-Alpes
22326733,La grande guerre racontée en photos,"Exposition présente en septembre au collège Frédéric Mistral, dans le cadre des cours d’histoire ; réalisée par la San-Priode, grandes étapes de la grande guerre, des tranchées et la guerre dans à de…","Exposition présente en septembre au collège Frédéric Mistral, dans le cadre des cours d’histoire ; réalisée par la San-Priode, grandes étapes de la grande guerre, des tranchées et la guerre dans notre région à l’armistice, mais aussi recrutements de combattants et travailleurs dans nos colonies. Apparition de la photographie de guerre.",2026-09-18 11:00:00+02:00,2026-09-18 12:00:00+02:00,Collège Frédéric Mistral,Feyzin,Chemin sous le Fort 69320 Feyzin,Journées européennes du patrimoine 2026 - Auvergne – Rhône-Alpes
93569173,Visite guidée du Musée Soieries Brochier,"Le Musée Soieries Brochier ouvre les portes de sa Maison de soierie créée en 1890 et toujours en activité aujourd’hui. A travers l’histoire de 4 générations de la famille Brochier, découvrez les avec…","Le Musée Soieries Brochier ouvre les portes de sa Maison de soierie créée en 1890 et toujours en activité aujourd’hui. A travers l’histoire de 4 générations de la famille Brochier, découvrez les liens étroits tissés avec le monde de la mode et de la haute couture, les collaborations avec les grands artistes contemporains, et l’innovation des textiles techniques.",2026-09-18 11:30:00+02:00,2026-09-18 12:30:00+02:00,Musée Soieries Brochier,Lyon,18 quai Jules Courmont 69002 Lyon,Journées européennes du patrimoine 2026 - Auvergne – Rhône-Alpes
98786639,"Photographier le sensible, Le Vinatier en images","Photographier le sensible, Le Vinatier en images","Photographier le sensible, Le Vinatier en images  
Du 18 septembre au 23 octobre  
Exposition présentée sur les grilles extérieures de l'hôpital, issue du concours photographique mené au printemps 2026 dans le cadre des 150 ans de l'hôpital.  
Afin de donner la parole aux personnes travaillant à l’hôpital ainsi qu’aux usagers, La Ferme du Vinatier a proposé, au printemps, un concours photographique où chaque personne pouvait livrer son regard sur l’hôpital au travers de la thématique Photographier le sensible - Le Vinatier en images.  
Les participant.es ont ainsi pu proposer des images originales, mettant en lumière les espaces, les animaux, les personnes qui font le quotidien de l’hôpital. Scènes de vie et des services, paysages, images bucoliques et architecturales composent ainsi cette exposition.  
Les clichés lauréats, exposés sur les grilles extérieures de l’hôpital, font dialoguer l’hôpital et la ville et donnent à voir des représentations sensibles de l’établissement.  
Rendez-vous vendredi 18 septembre à 17h pour découvrir les lauréats et lauréates et assister à la remise des prix. La soirée se poursuivra avec un concert du groupe Whatever \[shebringswesing\], en partenariat avec l'association Léonard, encore.",2026-09-18 14:00:00+02:00,2026-09-18 20:00:00+02:00,La Ferme du Vinatier,Bron,95 Boulevard Pinel 69500 Bron,Journées européennes du patrimoine 2026 - Auvergne – Rhône-Alpes
13461907,"Expo photo - Langlet-Santy, La Permanence Photographique",Le quartier Langlet-Santy s’expose à la galerie item,"A l’occasion de la sortie du livre « Langlet-Santy, la permanence photographique », et dans la cadre du bicentenaire de la photographie, nous sommes heureux de présenter à la galerie ce nouvel ouvrage ainsi que l’exposition éponyme qui revient sur cette expérience fondatrice.

En 2020, au sortir du confinement, le collectif répond à un appel à résidence qui l’engage durant trois années à documenter le renouvellement urbain d’un quartier prioritaire du 8ème arrondissement de Lyon. Au-delà du constat d’évolution urbaine et de la reconfiguration qu’elle oblige, l’équipe s’attache à produire des images du quartier — par les photographes membres, mais aussi par celles et ceux qui l’habitent. Faire circuler les regards, partager les points de vue. Transmettre, à travers des ateliers d’éducation à l’image et à l’information où la pratique est centrale. Manipuler, expérimenter, questionner. Ouvrir enfin un espace d’exposition exigeant et accessible à toutes et tous. Présenter des œuvres qui dialoguent avec le territoire sans jamais le réduire.",2026-09-18 14:00:00+02:00,2026-09-18 19:00:00+02:00,Galerie item,Lyon,35 rue burdeau 69001 lyon,Journées européennes du patrimoine 2026 - Auvergne – Rhône-Alpes
80443487,Raconte-moi Le Vinatier,Raconte-moi Le Vinatier,"Raconte-moi Le Vinatier  
Du 18 septembre au 23 octobre  
Exposition photographique et patrimoniale sur l'histoire du Vinatier, dans le cadre des 150 ans de l'hôpital  
La Ferme du Vinatier propose de découvrir l’histoire de l’hôpital, son territoire et ses transformations, à travers une sélection de photographies et d’objets.  
L’exposition met en lumière les fonds historiques et patrimoniaux conservés au sein de La Ferme du Vinatier. Vous découvrirez le fonctionnement de l’ancien Asile départemental d’aliénés de Bron, inauguré en 1876, l’évolution de la psychiatrie, la prise en charge des patients ainsi que la formation en soins infirmiers. Vous en apprendrez davantage sur les métiers exercés au Vinatier, sur sa volonté initiale d’autonomie et d’auto-suffisance, et sur l’évolution des lieux de soin. Trois axes mettront en avant la vie médicale, la vie agricole et la vie quotidienne et sociale des patients, des soignants et des ouvriers.  
Vernissage le vendredi 18 septembre à partir de 17h (rdv devant l'entrée principale de l'hôpital), suivi à 20h30 d'un concert du groupe Whatever \[shebringswesing\]",2026-09-18 14:00:00+02:00,2026-09-18 17:00:00+02:00,La Ferme du Vinatier,Bron,95 Boulevard Pinel 69500 Bron,Journées européennes du patrimoine 2026 - Auvergne – Rhône-Alpes
16998503,Le patrimoine photographique de l’artothèque,"Accrochage visible du mercredi 2 au samedi 19 septembre 2026, les mercredis, jeudis, vendredis de 14h à 19h et samedis de 14h à 18h","Accrochage visible du mercredi 2 au samedi 19 septembre 2026, les mercredis, jeudis, vendredis de 14h à 19h et samedis de 14h à 18h

samedi 19 septembre à 11h40 et 16h40 : médiation flash proposée à la fin de la visite de la Maison du livre, de l’image et du son pour les Journées Européennes du Patrimoine

À l’occasion des Journées européennes du patrimoine 2026 célébrant le bicentenaire de la photographie, l’artothèque propose une rétrospective de ses photographies les plus emblématiques acquises depuis 1987 (année précédant l’ouverture de la Mlis). Traversée des ans et des continents témoignant d’une politique d’acquisition internationale (William Klein, Malick Sidibé, Denis Roche, Duane Michals, William Wegman, Donna Gottschalk, Steve McCurry, Andres Serrano, Nan Goldin, Li Wei, Bettina Rheims…), œuvres d’artistes vivant en France et souvent issus d’horizons plus lointains (Jordi Colomer, Atiq Rahimi, Virya Chotpanyavisut, Joana Hadjithomas et Khalil Joreige), photographes emblématiques de la scène française (Eric Tabuchi, Patrick Tosani, Natacha Lesueur, Gerald Petit…) : à Villeurbanne, la photographie est un art multiple et patrimonial.",2026-09-18 14:00:00+02:00,2026-09-18 19:00:00+02:00,"Maison du livre, de l'image et du son",Villeurbanne,247 cours emile zola 69100 villeurbanne,Journées européennes du patrimoine 2026 - Auvergne – Rhône-Alpes
79502122,Visite architecturale de la Banque de France,Journées européennes du patrimoine,"A la découverte des locaux de la Banque de France qui datent de 2012, il s'agit de mieux comprendre l'histoire et les missions de cette succursale régionale. La visite permettra de découvrir les endroits stratégiques du bâtiment.",2026-09-18 14:00:00+02:00,2026-09-18 18:00:00+02:00,Banque de France de Lyon,Lyon,"4 bis cours Bayard, 69002 Lyon",Journées européennes du patrimoine 2026 - Auvergne – Rhône-Alpes
61770736,"""Au chevalet, à la plume et aux fourneaux : les femmes agissantes du VIème""",Le VIème arrondissement de Lyon véhicule une image de quartier d'oisifs nantis où les femmes auraient été encore plus qu'ailleurs astreintes à un rôle passif les éloignant de toutes fonctions Mais de…,"Le VIème arrondissement de Lyon véhicule une image de quartier d'oisifs nantis où les femmes auraient été encore plus qu'ailleurs astreintes à un rôle passif les éloignant de toutes fonctions professionnelles. Mais lors de ce parcours commenté, des dames du VIème nous révéleront que leur quotidien fut tout autre. Nous découvrirons au fil des rues une sculptrice dont les œuvres sont aujourd'hui toujours visibles à l'entrée d'un bâtiment bien connu des lyonnais, la première directrice d'un lycée français, la dirigeante d'une entreprise qui a toujours pignon sur rue, une parachutiste professionnelle, des Mères lyonnaises et bien d'autres femmes remarquables parce que agissantes.  
**Départ du parcours à 14h place du Maréchal Lyautey face au Café du Pond**  
_Ce parcours s'adresse en particulier aux collégiens et aux lycéens à partir de 13 ans mais les adultes peuvent aussi participer._  
_La réservation est possible car elle garantit votre participation mais elle n'est pas obligatoire._",2026-09-18 14:00:00+02:00,2026-09-18 16:00:00+02:00,Place du Maréchal Lyautey  Lyon VIème,Lyon,Place du Maréchal Lyautey 69006 Lyon,Journées européennes du patrimoine 2026 - Auvergne – Rhône-Alpes
25911544,"Balade guidée : 1 heure, 1000 ans, moins de 500 mètres dans le Vieux-Lyon !",Faites une balade guidée d'une heure dans le Vieux-Lyon en parcourant 1000 ans... en moins de 500 mètres !,"**Faites une balade guidée d'une heure dans le Vieux-Lyon en parcourant 1000 ans... en moins de 500 mètres !**  
Venez rencontrer les Amoureux du Vieux-Lyon Annie et Régis NEYRET, deux grands architectes Girard DESARGUES et Jacques-Germain SOUFFLOT, et découvrez deux cours privées dont une « conventionnée », mais aussi une trompe, un des plus vieux plafonds peints de France (fin du XIIIème siècle), des actes notariés du XVIème siècle, un temple qui n'en était pas un, une rue qui n'en était pas une... et enfin une mairie qui n'avait rien d'annexe !  
Visite guidée par Frédéric AURIA, adjoint au patrimoine du 5ème arrondissement et guide-conférencier.  
**Non-accessible aux personnes à mobilité réduite (escaliers, station debout)**  
Fin de la visite : Mairie annexe du 5ème arrondissement, 5 place du Petit Collège LYON 5",2026-09-18 14:30:00+02:00,2026-09-18 15:30:00+02:00,Promenade Annie et Régis NEYRET,Lyon,1 quai Romain Rolland 69005 Lyon,Journées européennes du patrimoine 2026 - Auvergne – Rhône-Alpes
30047371,Atelier enluminure,Atelier d’Enluminure Persane,"Atelier d’Enluminure Persane  
Présentation & Démonstration  
Animé par : Manijeh Jabbarzadeh  
Artiste spécialisée dans l’art de l’enluminure (tazhib) et la miniature persane.

🌿 Au programme :  
✨ Découverte de l’histoire et des symboles de l’enluminure persane.  
✨ Présentation des matériaux et des techniques traditionnelles.  
✨ Démonstration en direct : motifs, couleurs et feuille d’or.

🌸 Pourquoi participer ?  
✔ Plonger dans un art raffiné, entre tradition et modernité.  
✔ Découvrir un savoir-faire rare et délicat.  
✔ Vivre un moment de créativité et de méditation.",2026-09-18 14:30:00+02:00,2026-09-18 18:00:00+02:00,Institut Français de Civilisation Musulmane,Lyon,52 Rue Guillaume Paradin 69008 Lyon,Journées européennes du patrimoine 2026 - Auvergne – Rhône-Alpes
81896082,Balade contée au Fort de Feyzin,"Laissez-vous emporter par une balade contée au cœur du Fort de Feyzin. Guidés par une conteuse, petits et grands découvriront le site sous un autre regard, à travers des histoires mêlant imaginaire,…","Laissez-vous emporter par une balade contée au cœur du Fort de Feyzin. Guidés par une conteuse, petits et grands découvriront le site sous un autre regard, à travers des histoires mêlant imaginaire, patrimoine et poésie. Une parenthèse enchantée pour explorer le fort autrement.",2026-09-18 14:30:00+02:00,2026-09-18 15:30:00+02:00,Fort de Feyzin,Feyzin,1 allée Séré de Rivières 69320 Feyzin.,Journées européennes du patrimoine 2026 - Auvergne – Rhône-Alpes
47466961,Visites flash de la cathédrale,Journées européennes du patrimoine,"Visites flash de 20 mn, avec un départ toutes les 10 mn sur un des thèmes en alternance :  
\- L'horloge astronomique de Saint-Jean  
\- Histoire & architecture de la cathédrale  
Départs à l'entrée de la cathédrale.",2026-09-18 14:30:00+02:00,2026-09-18 17:30:00+02:00,Cathédrale Saint-Jean-Baptiste,Lyon,"Place Saint Jean, 69005 Lyon, France",Journées européennes du patrimoine 2026 - Auvergne – Rhône-Alpes
75705190,Visite guidée du Vieux Lyon : suivez votre guide costumée et redécouvrez le Vieux Lyon du XVe / Renaissance (traboules et cours intérieures),"Suivez Dame Morel, issue d’une ancienne famille bourgeoise et traboulez à travers le Vieux Lyon du XVIe. Avec son architecture italienne, ses hôtels particuliers et ses cours intérieures ce quartier …","Suivez Dame Morel, issue d’une ancienne famille bourgeoise et traboulez à travers le Vieux Lyon du XVIe. Avec son architecture italienne, ses hôtels particuliers et ses cours intérieures ce quartier regorge d’histoire et d’anecdotes.  
D’ailleurs, en parlant d’anecdotes, Dame Morel en connait quelques-unes concernant Henri IV et son passage à Lyon, ses noces avec Marie de Médicis, les fêtes d'entrées royales, l’hygiène, les guerres de religions et la venue des italiens négociants à Lyon.  
Rendez-vous devant la cathédrale Saint Jean, Vieux Lyon",2026-09-18 15:00:00+02:00,2026-09-18 16:30:00+02:00,Cathédrale Saint-Jean-Baptiste,Lyon,"Place Saint Jean, 69005 Lyon, France",Journées européennes du patrimoine 2026 - Auvergne – Rhône-Alpes
9626270,Exposition : Instants volés de vie de quartier en photo,Instants volés de vie de quartier en photo,"**Instants volés de vie de quartier en photo**  
Cette exposition participative s’inscrit dans le cadre des Journées Européennes du Patrimoine.  
L’objectif est de sensibiliser le public et de donner à voir, ressentir et imaginer l’espace de la ville et du quartier à travers des instants de vie passés ou présents, saisis en photographie.  
La collecte des photographies est ouverte jusqu’au 4 septembre 2026.  
Appel aux lecteurs : venez enrichir notre collection !  
Partagez vos photos par mail ou déposez-les directement à l’accueil de la bibliothèque Marie-Ghislaine Chassine avant le 4 septembre 2026 :  
📧 [bmchassine@mairie-vaulxenvelin.fr](mailto:bmchassine@mairie-vaulxenvelin.fr)",2026-09-18 15:00:00+02:00,2026-09-18 19:00:00+02:00,Bibliothèque Marie-Ghislaine Chassine,Vaulx-en-Velin,Rue Joseph Blein 69120 Vaulx-en-Velin,Journées européennes du patrimoine 2026 - Auvergne – Rhône-Alpes
48666986,Exposition : Trésor caché de Vaulx Village dans votre objectif !,Trésor caché de Vaulx Village dans votre objectif !,"**Trésor caché de Vaulx Village dans votre objectif !**  
Cette exposition participative s’inscrit dans le cadre des Journées Européennes du Patrimoine.  
L’objectif est de sensibiliser le public et de donner à voir, ressentir et imaginer l’espace de la ville et du quartier à travers des instants de vie passés ou présents, saisis en photographie.  
La collecte des photographies est ouverte jusqu’au 4 septembre 2026.  
Appel aux lecteurs : venez enrichir notre collection !  
Partagez vos photos par mail ou déposez-les directement à l’accueil de la bibliothèque Paul Éluard avant le 4 septembre 2026 :  
📧 [bmeluard@mairie-vaulxenvelin.fr](mailto:bmeluard@mairie-vaulxenvelin.fr)",2026-09-18 15:00:00+02:00,2026-09-18 19:00:00+02:00,Bibliothèque Paul Éluard,Vaulx-en-Velin,"55, rue de la République 69120 Vaulx-en-Velin",Journées européennes du patrimoine 2026 - Auvergne – Rhône-Alpes
18799480,"Visitez une Église d'architecture byzantine du XXe siècle, fresque d’origine byzantine, icônes byzantines.","L’église de l’Annonciation à la Mère de Dieu est un bâtiment cultuel qui représente l’architecture byzantine, construite le 20e siècle. Si vous chercher les racines orthodoxes, venez découvrir notre …",Visite libre de l'église,2026-09-18 17:00:00+02:00,2026-09-18 20:00:00+02:00,Communauté hellénique de Lyon,Lyon,"45 rue père Chevrier, 69007 LYON",Journées européennes du patrimoine 2026 - Auvergne – Rhône-Alpes
96273170,Le Centre Hospitalier de Sainte Foy-lès-Lyon à travers le temps,Le Centre Hospitalier de Sainte Foy-lès-Lyon ouvre son parc autour de son Histoire. Une rétrospective photos et une visite commentée des lieux sont organisées tout au long de ces deux jours.,Le Centre Hospitalier de Sainte Foy-lès-Lyon ouvre son parc autour de son Histoire. Une rétrospective photos et une visite commentée des lieux sont organisées tout au long de ces deux jours.,2026-09-18 17:30:00+02:00,2026-09-18 20:00:00+02:00,Centre Hospitalier de Sainte-Foy-lès-Lyon,Sainte-Foy-lès-Lyon,78 Chemin de Montray - 69110 Sainte Foy les Lyon,Journées européennes du patrimoine 2026 - Auvergne – Rhône-Alpes
79819345,Concert au carillon de Vaise,"Des carillonneurs feront résonner les 15 cloches du carillon de ce beffroi-clocher, et le public pourra s'installer dans le jardin ombragé de la cure pour profiter confortablement du concert","Des carillonneurs feront résonner les 15 cloches du carillon de ce beffroi-clocher, et le public pourra s'installer dans le jardin ombragé de la cure pour profiter confortablement du concert",2026-09-18 18:00:00+02:00,2026-09-18 19:00:00+02:00,Jardin de la cure de Saint-Pierre-de-Vaise,Lyon,"3 bd de saint Exupéry, 69009 Lyon",Journées européennes du patrimoine 2026 - Auvergne – Rhône-Alpes
95309145,Jazz sur les Places Lyon Festival,Concerts de jazz festif en plein air,Concerts de jazz festif en plein air,2026-09-18 18:00:00+02:00,2026-09-18 23:00:00+02:00,Jazz sur les Places Lyon Festival,Lyon,Place Benoît Crépu 69005 Lyon,Journées européennes du patrimoine 2026 - Auvergne – Rhône-Alpes
6562580,Panorama Gratte-Ciel,"Pour l’ouverture du festival de balades urbaines, prenez de la hauteur pour voir les Gratte-Ciel comme vous ne les avez jamais vus. A travers plusieurs points de vue, le quartier et ses paysages se à…","Pour l’ouverture du festival de balades urbaines, prenez de la hauteur pour voir les Gratte-Ciel comme vous ne les avez jamais vus. A travers plusieurs points de vue, le quartier et ses paysages se dévoilent sous vos yeux…parfois même à 360 ° !  
En partenariat avec le TNP",2026-09-18 18:00:00+02:00,2026-09-18 20:00:00+02:00,TNP - Théâtre national populaire,Villeurbanne,"8 Place Docteur Lazare Goujon, 69100 Villeurbanne, France",Journées européennes du patrimoine 2026 - Auvergne – Rhône-Alpes
99531389,L'herbier de l’Université Lyon 1 : des collectes du XVIIIème siècle à l’herbier virtuel,"Cette visite entre Histoire et Science vous fera découvrir comment ces précieuses collections botaniques ont été constituées depuis le XVIII° siècle et comment elles sont conservées, étudiées par les…","Cette visite entre Histoire et Science vous fera découvrir comment ces précieuses collections botaniques ont été constituées depuis le XVIII° siècle et comment elles sont conservées, étudiées par les chercheurs du monde entier et valorisées au XXI° siècle.",2026-09-18 18:00:00+02:00,2026-09-18 19:00:00+02:00,"Herbier LY, FR BioEEnVis, UCB Lyon 1",Villeurbanne,"9 rue Raphaël Dubois, 69100 Villeurbanne",Journées européennes du patrimoine 2026 - Auvergne – Rhône-Alpes
30199797,"[Les Mémoires Vives à la Soie] - Germinal, par les Batteurs de Pavés","Étienne Lantier, mineur au chômage, arrive sur un carreau de mine du Nord de la France. Prenant fait et cause pour les mineurs, il les pousse à la grève quand la compagnie décide de baisser les  du –…","Étienne Lantier, mineur au chômage, arrive sur un carreau de mine du Nord de la France. Prenant fait et cause pour les mineurs, il les pousse à la grève quand la compagnie décide de baisser les salaires.  
Adapté du chef d’œuvre d’Émile Zola, le spectacle Germinal des Batteurs de Pavés met en scène – en rue ! – **la lutte des classes au gré d’un spectacle interactif où les enfants vont jouer presque tous les rôles.**

*   Genre : Théâtre de rue / participatif
*   Jauge : 400 personnes
*   Public : **tout public à partir de 6 ans**
*   Durée : 40 minutes
*   Lieu : extérieur
*   Production : CCO-La Rayonne en partenariat avec la RATP DEV Lyon",2026-09-18 18:30:00+02:00,2026-09-18 19:15:00+02:00,Ateliers de la Poudrette,Villeurbanne,"41 rue de la poudrette, 69120 Vaulx en Velin",Journées européennes du patrimoine 2026 - Auvergne – Rhône-Alpes
51642151,Visites nocturnes de la cathédrale,"Découvrez le vénérable édifice dans la pénombre, avec les commentaires d'un guide muni de sa lampe-torche... Un circuit de 30 mn sur le thème du patrimoine historique des représentations de la Vierge…","Découvrez le vénérable édifice dans la pénombre, avec les commentaires d'un guide muni de sa lampe-torche... Un circuit de 30 mn sur le thème du patrimoine historique des représentations de la Vierge Marie à travers les siècles et sur différents supports.  
Une visite exceptionnelle !  
1 départ de visite toutes les 10 mn.",2026-09-18 19:30:00+02:00,2026-09-18 22:30:00+02:00,Cathédrale Saint-Jean-Baptiste,Lyon,"Place Saint Jean, 69005 Lyon, France",Journées européennes du patrimoine 2026 - Auvergne – Rhône-Alpes
46314727,"Ouverture du festival MUSIC'LY - Concert Quatuor Debussy et Ariana Vafadari ""Un chant qui nous éveille"" - gratuit",Journées européennes du patrimoine,"Le Quatuor Debussy et la mezzo-soprano Ariana Vafadari vous invitent à un voyage musical où les chefs-d'œuvre baroques dialoguent avec des créations contemporaines et la poésie orientale. Porté par des figures féminines fortes, ce concert célèbre la rencontre des cultures et interroge avec sensibilité la place des femmes dans nos sociétés. Une création originale, entre émotion, découverte et dialogue des époques.",2026-09-18 20:00:00+02:00,2026-09-18 21:30:00+02:00,UCLy - Université Catholique de Lyon,Lyon,10 place des archives 69002 Lyon,Journées européennes du patrimoine 2026 - Auvergne – Rhône-Alpes
76696863,Visites guidées des Puces du Canal,Découvrez autrement les Puces du Canal pendant les Journées Européennes du Patrimoine !,"Découvrez autrement les Puces du Canal pendant les Journées Européennes du Patrimoine !  
Inscrivez-vous dès maintenant à une visite guidée par Jocelyne Vidal : [https://forms.gle/kG5hNY113pZFKyYX9](https://forms.gle/C9z9jigktq4C6zvw9)",2026-09-19 07:00:00+02:00,2026-09-19 13:00:00+02:00,Puces du Canal,Villeurbanne,5 rue Eugène Pottier 69100 Villeurbanne,Journées européennes du patrimoine 2026 - Auvergne – Rhône-Alpes
81669145,Parcours géocaching Gnolus,"Equipé de votre smartphone, partez à la chasse aux Gnolus grace au parcours éphémère "" C'est qui le plus Fort?"" autour du Fort du Bruissin. Répondez aux énigmes de l’application de geocaching pour à …","Equipé de votre smartphone, partez à la chasse aux Gnolus grace au parcours éphémère "" C'est qui le plus Fort?"" autour du Fort du Bruissin. Répondez aux énigmes de l’application de geocaching pour obtenir des indices qui vous conduiront à un Gnolu « JEP/Fort du Bruissin » uniquement disponible lors des Journées Europénnes du Patrimoine.  
_Parcours de 4km , Durée d'environ 2h. Dénivellé sur la fin du parcours._  
**Téléchargez l'application :** [**https://www.lesgnolus.fr/**](https://www.lesgnolus.fr/)",2026-09-19 08:00:00+02:00,2026-09-19 19:00:00+02:00,Fort du Bruissin,Francheville,69340 Francheville,Journées européennes du patrimoine 2026 - Auvergne – Rhône-Alpes
27084014,Découverte de la Nécropole nationale de la Doua,"Terrain militaire à l'origine, ce site a été utilisé comme lieu d'exécution par l'armée allemande pendant l'occupation. Aménagée en 1951, la nécropole nationale de la Doua, dite de regroupement, plus…","Terrain militaire à l'origine, ce site a été utilisé comme lieu d'exécution par l'armée allemande pendant l'occupation. Aménagée en 1951, la nécropole nationale de la Doua, dite de regroupement, rassemble plus de 6 000 tombes représentant les conflits contemporains dans leur diversité.",2026-09-19 08:00:00+02:00,2026-09-19 18:00:00+02:00,Nécropole Nationale de la Doua,Villeurbanne,Allée du Frère Benoît 69100 VILLEURBANNE,Journées européennes du patrimoine 2026 - Auvergne – Rhône-Alpes
71370285,L'ancienne prison Saint-Paul devenue université - visite libre,Journées européennes du patrimoine,"En parallèle des visites guidées, des plans permettant de déambuler dans le site sur un circuit cohérent seront proposés pour permettre aux visiteurs n’ayant pas pu bénéficier des visites guidées de découvrir le site à leur rythme.",2026-09-19 08:00:00+02:00,2026-09-19 18:00:00+02:00,UCLy - Université Catholique de Lyon,Lyon,10 place des archives 69002 Lyon,Journées européennes du patrimoine 2026 - Auvergne – Rhône-Alpes
70075660,Découverte des métiers de la lutherie - festival MUSIC'LY,"Une présentation d’instruments de musique récemment conçus permettra d’ouvrir un espace de dialogue autour de leur fabrication. Cet échange s’adressera autant aux musicien·ne·s qu’aux curieux·ses, la…","Une présentation d’instruments de musique récemment conçus permettra d’ouvrir un espace de dialogue autour de leur fabrication. Cet échange s’adressera autant aux musicien·ne·s qu’aux curieux·ses, avec la volonté d’expliquer les enjeux techniques, musicaux, historiques ou encore professionnels liés à la lutherie. Des supports visuels et pédagogiques (outils, gabarits…) accompagneront cette démarche. Les instruments pourront être manipulés et testés, dans une atmosphère propice à la découverte et au partage des savoirs.",2026-09-19 08:00:00+02:00,2026-09-19 18:00:00+02:00,UCLy - Université Catholique de Lyon,Lyon,10 place des archives 69002 Lyon,Journées européennes du patrimoine 2026 - Auvergne – Rhône-Alpes
25805928,Périphérique Nord,Durée des visites : 1 h 30 - Pièce d'identité OBLIGATOIRE,"Visites guidées d’environ 1h30 comprenant :  
Accueil des visiteurs :  
Diffusion d’un film sur la sécurité routière  
Atelier de prévention et de sensibilisation aux effets de l'alcool, drogues, et fatigue aux volants  
En salle :  
La projection d’un film sur l'histoire de l’ouvrage et son exploitation,  
Explication sur les métiers du BPNL  
Présentation des bonnes pratiques en cas d’incident en tunnel  
La visite du Poste de Commandement et de Surveillance du Réseau (PC Cordière),  
•  
Présentation d’un véhicule d’intervention et atelier de pose d’un balisage.  
Horaires des visites : 1 jour => le samedi 19 septembre de 8h45 à 17h15  
5 Groupes de 20 personnes maxi sur inscription :  
Groupe 1 : de 8h45 à 10h15  
Groupe 2 : de 10h15 à 11h45  
Groupe 3 : de 12h45 à 14h15  
Groupe 4 : de 14h15 à 15h45  
Groupe 5 : de 15h45 à 17h15  
Inscription préalable obligatoire - Pièce d'identité OBLIGATOIRE",2026-09-19 08:45:00+02:00,2026-09-19 17:00:00+02:00,Périphérique Nord Caluire,Caluire-et-Cuire,Chemin de la belle cordiere 69300 Caluire-et-Cuire,Journées européennes du patrimoine 2026 - Auvergne – Rhône-Alpes
1525864,"Exposition photographique – « Patrimoine de la photographie : raviver, résister, réimaginer »","La Ville de Vaulx-en-Velin propose une exposition photographique inédite réalisée à partir de ses fonds iconographiques (Archives municipales, service Communication, GPV et partenaires).","**La Ville de Vaulx-en-Velin propose une exposition photographique inédite réalisée à partir de ses fonds iconographiques (Archives municipales, service Communication, GPV et partenaires).**  
À travers une sélection de clichés anciens et contemporains, cette exposition invite les habitants à redécouvrir l’histoire de leur ville sous un angle sensible et vivant. Patrimoine architectural, transformations urbaines, paysages du quotidien et scènes de vie se dévoilent au fil d’un parcours qui met en lumière la mémoire collective de Vaulx-en-Velin et les évolutions qui ont façonné son identité.  
L’exposition accorde également une place particulière au matrimoine local. Des figures féminines marquantes, l’histoire des noms d’équipements publics et les parcours de femmes ayant contribué à la vie sociale, culturelle ou citoyenne du territoire viendront enrichir le regard porté sur l’histoire de la commune.  
Pour prolonger l’expérience, des QR codes intégrés aux panneaux permettront d’accéder à des témoignages audios d’habitants. Anecdotes, souvenirs et récits personnels donneront une dimension humaine et intime aux lieux et bâtiments présentés.  
Un livret pédagogique destiné au jeune public, conçu sous la forme d’un parcours-jeu, accompagnera également l’exposition. Distribué lors des Journées européennes du patrimoine puis mis à disposition des écoles de la ville, il permettra aux enfants de découvrir le patrimoine vaudais de manière ludique et participative.  
Exposition présentée pendant un mois à partir du 18 septembre.  
Accès libre et gratuit.",2026-09-19 09:00:00+02:00,2026-09-19 20:00:00+02:00,Collège Pierre Valdo,Vaulx-en-Velin,"11 Chemin Claude Debussy, 69120 Vaulx-en-Velin",Journées européennes du patrimoine 2026 - Auvergne – Rhône-Alpes
85678791,Visite guidée de la plateforme SkinTechnology du groupe L'Oréal,Visite du batiment principal et atelier pratique,Visite du batiment principal et atelier pratique,2026-09-19 09:00:00+02:00,2026-09-19 12:30:00+02:00,Laboratoire EPISKIN,Lyon,"4, rue Alexander Fleming 69366 Lyon",Journées européennes du patrimoine 2026 - Auvergne – Rhône-Alpes
89393266,"Sur le Chemin de Saint Jacques et l'association ""Compostelle en Rhône-Alpes""","Stand d'information sur le Chemin de Saint-Jacques et l'association ""Compostelle en Rhône-Alpes"".","Stand d'information sur le Chemin de Saint-Jacques et l'association ""Compostelle en Rhône-Alpes"".  
Objectif: répondre à toutes les demandes d'information sur le Chemin de Saint-Jacques, les différents itinéraires possibles, particulièrement en Rhône-Alpes ...",2026-09-19 09:00:00+02:00,2026-09-19 18:00:00+02:00,Église Saint-Nizier,Lyon,"Place Saint-Nizier, 69002 Lyon, France",Journées européennes du patrimoine 2026 - Auvergne – Rhône-Alpes
11185492,Visite guidée casemate de Montessuy,CASEMATE : DÉCOUVERTE INSOLITE D'UN PATRIMOINE BÂTI SOUTERRAIN,"**CASEMATE : DÉCOUVERTE INSOLITE D'UN PATRIMOINE BÂTI SOUTERRAIN**  
Partez à la rencontre d'une découverte singulière, celle d'un héritage architectural souterrain : la Casemate.  
Embarquez pour une exploration insolite des tréfonds de ce patrimoine bâti.",2026-09-19 09:00:00+02:00,2026-09-19 13:00:00+02:00,Casemate de Montessuy,Caluire-et-Cuire,Esplanade Jacques Chirac 69300 Caluire et Cuire,Journées européennes du patrimoine 2026 - Auvergne – Rhône-Alpes
46626359,Visite de la Cuisine Centrale Municipale,"Plongez au cœur du fonctionnement de la cuisine centrale municipale ! Le service Restauration vous propose une immersion dans les coulisses de ce site essentiel à la restauration des écoliers,  sont…","Plongez au cœur du fonctionnement de la cuisine centrale municipale ! Le service Restauration vous propose une immersion dans les coulisses de ce site essentiel à la restauration des écoliers, seniors.  
Découvrez comment sont préparés, chaque jour, plusieurs milliers de repas équilibrés, en privilégiant les produits de saison et les circuits courts. Cette visite guidée permet d’échanger avec les agents mobilisés et de mieux comprendre les enjeux logistiques, sanitaires et environnementaux liés à la restauration collective.",2026-09-19 09:00:00+02:00,2026-09-19 17:00:00+02:00,Cuisine Centrale,Caluire-et-Cuire,19 avenue Barthélémy Thimonnier 69300 Caluire et Cuire,Journées européennes du patrimoine 2026 - Auvergne – Rhône-Alpes
69970271,Visites guidées : les bastions du Parc Blandan,Journées européennes du patrimoine,"Bastions reconvertis : du génie militaire au bien commun.  
Le Parc Blandan cache une histoire fortifiée. Cet ancien fort du 19ème siècle s’articulait autour de plusieurs bastions : murs épais, angles de tir calculés, système de défense témoignent du génie militaire de l’époque.  
En 2026, trois bastions ont été réimaginés. Conservés partiellement et bien intégrés au paysage, ils sont devenus des coeurs de verdure. Cette visite vous fera traverser deux siècles d’histoire.  
Amoureux d’histoire urbaine, cette reconversion vous montre comment le patrimoine se réinvente.  
_Les départs se feront à partir du stand devant la grande fresque de l'ADPB à droite après l'entrée principale de la rue de l'Epargne_",2026-09-19 09:00:00+02:00,2026-09-19 17:00:00+02:00,Parc Blandan Lyon,Lyon,17 rue de l'Epargne 69007 Lyon,Journées européennes du patrimoine 2026 - Auvergne – Rhône-Alpes
76566588,Exposition : Le Monde dans vos yeux 2,"Anthropologue, spécialisée dans les interactions Sociétés/Nature, Claire Harpet utilise, dès ses premières missions de terrain en Océan Indien, le dessin et la peinture pour rendre compte de la des  …","Anthropologue, spécialisée dans les interactions Sociétés/Nature, Claire Harpet utilise, dès ses premières missions de terrain en Océan Indien, le dessin et la peinture pour rendre compte de la multiplicité des liens que les populations humaines ont développé avec leurs milieux naturels.  
Les lémuriens, animaux endémiques de Madagascar, ont été ses premiers « modèles vivants ».  
Ils constituent un exemple remarquable de diversité biologique et culturelle sur un territoire  
insulaire.  
Au fil de ses recherches ethnographiques, Claire Harpet s’est intéressée à la terre et aux végétaux comme éléments de parures et de soin.  
De la forêt Amazonienne jusqu’au bush australien, en passant par les côtes malgaches et papouasiennes, des regards de femmes, d’hommes et d’enfants peuplent son cheminement artistique. C’est à travers leurs yeux que se dessine le monde…  
www.claireharpet.com",2026-09-19 09:00:00+02:00,2026-09-19 12:00:00+02:00,MAIRIE DE CALUIRE ET CUIRE,Caluire-et-Cuire,Place du Docteur Dugoujon 69300,Journées européennes du patrimoine 2026 - Auvergne – Rhône-Alpes
18058596,Visite guidée les Jardins Municipaux Ouvriers,Les jardins municipaux ouvriers sont établis dans un cadre idyllique au sein des coteaux de Montessuy.,"Les jardins municipaux ouvriers sont établis dans un cadre idyllique au sein des coteaux de Montessuy.  
La vision panoramique à 180° sur l'agglomération, les majestueuses Alpes et le Massif central sont d'une splendeur saisissante. Au sein de ces jardins, l'entraide et les échanges fructueux de conseils, techniques, semences et graines règnent en maitres, créant une ambiance conviviale. Les jardins, privilégiés de pouvoir jouir d'une parcelle, vous accueillent chaleureusement et vous ouvrent les portes de leur petit havre de paix.",2026-09-19 09:00:00+02:00,2026-09-19 12:00:00+02:00,Jardins communaux ouvriers de Caluire-et-Cuire,Caluire-et-Cuire,16 rue Abbé Lemire 69300 Caluire et Cuire,Journées européennes du patrimoine 2026 - Auvergne – Rhône-Alpes
97885357,Visite exclusive de la Brasserie Georges,Les 190 ans de la Georges.,"Les 190 ans de la Georges.  
Pour célébrer près de deux siècles d’histoire, la Brasserie Georges vous ouvre ses coulisses. Parcourez la grande salle et nos espaces souterrains, découvrez notre microbrasserie et explorez nos cuisines en pleine effervescence.  
Les inscriptions se feront exclusivement sur place, à partir de 8h45 le jour même. Visites guidées toutes les 15 minutes par groupe de 20 personnes maximum à partir de 9h00. Dernier départ à 11h00.",2026-09-19 09:00:00+02:00,2026-09-19 11:00:00+02:00,La Brasserie Georges,Lyon,30 cours de verdun 69002 Lyon,Journées européennes du patrimoine 2026 - Auvergne – Rhône-Alpes
38705162,Visite des caves Bahadourian,https://youtu.be/hRBxwp0thtI?si=P5iYkppWBfQR392Q,"[https://youtu.be/hRBxwp0thtI?si=P5iYkppWBfQR392Q](https://youtu.be/hRBxwp0thtI?si=P5iYkppWBfQR392Q)  
Partez à la découverte des caves du plus célèbre épicier de Lyon.  
Les visites sont commentées et vous permettront de faire plus ample connaissance avec cette grande famille lyonnaise.",2026-09-19 09:00:00+02:00,2026-09-19 18:30:00+02:00,Caves Bahadourian,Lyon,20 rue Villeroy 69003 LYON,Journées européennes du patrimoine 2026 - Auvergne – Rhône-Alpes
8686753,Chapelle du Bois Dieu,Visite libre de l'église,Visite libre de l'église,2026-09-19 09:00:00+02:00,2026-09-19 18:00:00+02:00,Chapelle du Bois Dieu,Lissieu,allée de la chapelle 69380 lissieu,Journées européennes du patrimoine 2026 - Auvergne – Rhône-Alpes
69270709,Église Saint-Christophe,La partie la plus ancienne de l'église date du XIème siècle. Elle fait partie des paroisses St Pierre et St Paul en Val d'Azergues.,La partie la plus ancienne de l'église date du XIème siècle. Elle fait partie des paroisses St Pierre et St Paul en Val d'Azergues.,2026-09-19 09:00:00+02:00,2026-09-19 18:00:00+02:00,Église Saint-Christophe,Lissieu,5 rue de l'église 69380 lissieu,Journées européennes du patrimoine 2026 - Auvergne – Rhône-Alpes
93890663,Tours de Lissieu,"Attention les tours ne seront pas ouvertes, visite exterieure uniquement.","**Attention les tours ne seront pas ouvertes, visite exterieure uniquement.**",2026-09-19 09:00:00+02:00,2026-09-19 18:00:00+02:00,Les Tours de Lissieu,Lissieu,Place des tours 69380 Lissieu,Journées européennes du patrimoine 2026 - Auvergne – Rhône-Alpes
2027826,Visite guidée de l'atelier municipal de passementerie,"Qu'est ce que la passementerie ? Poussez les porte d'un atelier authentique afin d'écouter le quotidien de Mme Létourneau, maître passementière et meilleure ouvrière de France en 1976. Durant la du y…","Qu'est ce que la passementerie ? Poussez les porte d'un atelier authentique afin d'écouter le quotidien de Mme Létourneau, maître passementière et meilleure ouvrière de France en 1976. Durant la visite guidée, découvrez l'histoire du lieu et de la famille qui y a vécu, pour une immersion totale dans le quotidien de ces travailleurs de la soie et autres matériaux précieux. Vous pourrez observer un métier à tisser en action afin de comprendre le principe du tissage aidé de la mécanique Jacquard. Écoutez le métier à tisser fonctionner et imaginez la vie des familles de canuts rythmée au son de leurs métiers !",2026-09-19 09:00:00+02:00,2026-09-19 09:40:00+02:00,Soierie Vivante : Atelier municipal de passementerie,Lyon,"21 rue Richan, 69004 Lyon, Métropole de Lyon, Auvergne-Rhône-Alpes",Journées européennes du patrimoine 2026 - Auvergne – Rhône-Alpes
42088870,Visite guidée de l'atelier municipal de tissage,Pénétrez dans le dernier véritable logis de canut avec ses métiers à tisser et sa fameuse soupente du XIXe siècle. Cet atelier était le lieu de travail de toute une famille de canut : la famille la à…,"Pénétrez dans le dernier véritable logis de canut avec ses métiers à tisser et sa fameuse soupente du XIXe siècle. Cet atelier était le lieu de travail de toute une famille de canut : la famille Ressicaud. Durant la visite guidée, vous comprendrez le croisement des fils de chaîne et du fil de trame sur un métier à bras du XIXème siècle, le célèbre "" bistanclaque pan "" par l'usage de la mécanique Jacquard. Puis vous entendrez le son de métiers mécaniques du XXème siècle en action, sensations garanties !",2026-09-19 09:00:00+02:00,2026-09-19 09:40:00+02:00,Soierie Vivante : Atelier municipal de tissage,Lyon,"12 bis montée Justin Godart, 69004 Lyon, Métropole de Lyon, Auvergne-Rhône-Alpes",Journées européennes du patrimoine 2026 - Auvergne – Rhône-Alpes
3151636,Visite du château du Vivier,"• De 9h à 12h et de 13h30 à 17 h : Visite du château du Vivier, en partenariat avec l’Institut Lyfe.","• De 9h à 12h et de 13h30 à 17 h : Visite du château du Vivier, en partenariat avec l’Institut Lyfe.",2026-09-19 09:00:00+02:00,2026-09-19 12:30:00+02:00,Château du Vivier,Écully,"1A chemin de calabert, 69130 Ecully",Journées européennes du patrimoine 2026 - Auvergne – Rhône-Alpes
11897981,Visite guidée de la préfecture du Rhône et du Conseil départemental,Journées européennes du patrimoine,"À l'occasion des Journées européennes du patrimoine, découvrez l'Hôtel de Préfecture du Rhône, siège de la préfecture du Rhône et du conseil départemental du Rhône. Construit au XIXᵉ siècle, cet édifice emblématique ouvre exceptionnellement ses portes au public.  
Au cours d'une visite guidée d'une heure, laissez-vous conter l'histoire de ce bâtiment remarquable par des agents de la préfecture et du conseil départemental. Ils partageront avec vous leur connaissance des lieux et de leur patrimoine. Vous découvrirez notamment les symboles qui ornent la façade, les prestigieux grands salons, la salle des délibérations, les escaliers d'honneur, le salon Carnot ainsi que les salons privés du préfet, habituellement fermés au public.  
Au fil de la visite, vous plongerez dans près de deux siècles d'histoire administrative et institutionnelle, tout en découvrant le riche patrimoine architectural et décoratif de ce monument emblématique de la vie publique lyonnaise.  
Une immersion unique au cœur d'un bâtiment où se mêlent histoire, patrimoine et institutions de la République.

Les inscriptions sont ouvertes du 26 août au 9 septembre via un formulaire en ligne. Le jour de votre visite, le 19 septembre, merci d’arriver 10 minutes avant l’horaire prévu.",2026-09-19 09:00:00+02:00,2026-09-19 17:00:00+02:00,Préfecture du Rhône,Lyon,18 rue Bonnel 69003 Lyon,Journées européennes du patrimoine 2026 - Auvergne – Rhône-Alpes
19863839,La Franc Maçonnerie propose une visite guidée de ses locaux et de son musée à Rillieux-La-Pape,La GLNF ouvre ses portes et son musée,"La Grande Loge Nationale Française ouvre ses portes et son musée pour une visite  
Inscription pour chaque plage horaire : [jedpglnf2026@gmail.com](mailto:jedpglnf2026@gmail.com)",2026-09-19 09:00:00+02:00,2026-09-19 10:30:00+02:00,Grande Loge Nationale Française,Rillieux-la-Pape,140 Avenue de l'Industrie 69140 Rillieux-La-Pape,Journées européennes du patrimoine 2026 - Auvergne – Rhône-Alpes
34615524,Découverte de la préservation et de la restauration du patrimoine illustrée par une exposition photographique,Restauration du four à chaux.,"**Restauration du four à chaux.**  
Nettoyage de la végétation.  
Réparation de murs avec des pierres et mortiers de chaux.  
(Pour les participants, nous conseillons le port de gants pour la manipulation).

Exposition photographique du patrimoine de Poleymieux-au-Mont-d'Or.

Stationnement possible à proximité.

Pour tout renseignements complémentaires, contactez l'association ""Poleymieux, mémoire et patrimoine"" par courriel : [poleymieux.memoireetpatrimoine@gmail.com](mailto:poleymieux.memoireetpatrimoine@gmail.com)",2026-09-19 09:00:00+02:00,2026-09-19 17:00:00+02:00,Four à chaux,Poleymieux-au-Mont-d'Or,"775 Route de la Glande, 69250 Poleymieux-au-Mont-d'Or",Journées européennes du patrimoine 2026 - Auvergne – Rhône-Alpes
50485266,"D’Oullins à Vénissieux, histoire d’un technicentre industriel",7 ans d'existence et pourtant 180 ans de mémoire !,"7 ans d'existence et pourtant 180 ans de mémoire !  
Pour les Journées Européennes du Patrimoine, le Technicentre industriel de Vénissieux ouvre exceptionnellement ses portes le samedi 19 septembre 2026.  
Pour cette édition, nous avons souhaité mettre à l'honneur la mémoire de nos agents. Parmi eux, certains ont exercé leur métier dans l'un des plus grands sites ferroviaires de Lyon : les Ateliers d'Oullins à la Mulatière.  
Ce technicentre a forgé l'histoire du train français depuis 1846 : les premières locomotives à vapeur y ont circulé, le prototype qui a donné naissance au TGV y a été transformé, et des générations de cheminots y ont travaillé pendant des décennies.  
En 2019, une partie des activités d'Oullins a été transféré à Vénissieux. Aujourd'hui, près de 380 agents y réparent les moteurs électriques et les convertisseurs de puissance qui font rouler les trains de toute la France.  
Venez découvrir 180 ans d'histoire à travers une exposition d'archives inédites ; et les gestes métier qui font battre, chaque jour, le cœur du train.",2026-09-19 09:00:00+02:00,2026-09-19 11:45:00+02:00,Technicentre Industriel de Vénissieux,Vénissieux,6 rue des frères amadéo 69200 Vénissieux,Journées européennes du patrimoine 2026 - Auvergne – Rhône-Alpes
73629105,Visite guidée Château du Vivier,Découvrez l'histoire du Château du Vivier,"**Découvrez l'histoire du Château du Vivier**
---------------------------------------------

Construit entre 1880 et 1884 dans un style néo-gothique par l’architecte Cahuzac, disciple de Viollet-le-Duc, le Château du Vivier fut la propriété de Cyrille Cottin, soyeux lyonnais. Le Château du Vivier accueille depuis sa création en 1990 les étudiants de l’Institut Lyfe, anciennement Institut Paul Bocuse. Venez découvrir l’histoire de ce célèbre château où les étudiants de l'Institut Lyfe ont la chance d’étudier au quotidien.  
Visite guidée réalisée par les membres du personnel et les étudiants de l'Institut Lyfe

### **Infos pratiques:**

Accueil au niveau de l'entrée du Château du Vivier (restaurant Saisons)

*   **Réservations fortement conseillées**

*   Durée de la visite : 30 minutes environ
*   Nombre de personnes par groupe : 25 personnes environ
*   Visite gratuite",2026-09-19 09:00:00+02:00,2026-09-19 17:00:00+02:00,Château du Vivier,Écully,"1A chemin de calabert, 69130 Ecully",Journées européennes du patrimoine 2026 - Auvergne – Rhône-Alpes
77687067,Meyzieu au fil de l'eau : balade à vélo,Rendez-vous au pont d’Herbens pour un circuit vélo jusqu’au pont de Jonage et retour. Un guide de l’association Eau à Lyon donnera des explications sur le patrimoine de l’eau lors de plusieurs Nous à…,"Rendez-vous au pont d’Herbens pour un circuit vélo jusqu’au pont de Jonage et retour. Un guide de l’association Eau à Lyon donnera des explications sur le patrimoine de l’eau lors de plusieurs haltes. Nous terminerons notre parcours avec un accueil à l’Iloz’, au Grand Parc de Miribel Jonage. Pique-niquer sorti du sac possible sur place.  
Circuit de 15 kms environ  
Pour votre sécurité, pensez au casque (obligatoire jusqu’à 12 ans) et à un gilet jaune. Chacun évolue sous sa propre responsabilité.  
Prévoir une gourde d’eau, des vêtements adaptés à la météo et le pique-nique pour ceux qui le souhaitent.  
En partenariat avec l’association Eau à Lyon et la pompe de Cornouailles. En partenariat avec l’Iloz’, centre eau et nature du Grand Parc Miribel Jonage (Chemin du Moulin de Cheyssin, à Meyzieu).  
RDV Pont D'Herbens côté Meyzieu, vers la borne fontaine à eau potable.  
Annulation en cas de pluie",2026-09-19 09:00:00+02:00,2026-09-19 12:00:00+02:00,Pont d'Herbens,Meyzieu,1 rue victor hugo 69330 Meyzieu,Journées européennes du patrimoine 2026 - Auvergne – Rhône-Alpes
9746050,Découverte du Mémorial National de la prison de Montluc,Découverte de l'ancienne prison : tous les visiteurs bénéficient d'une introduction sur l'histoire de la prison de Montluc puis parcourent le site librement en déambulant dans de nombreux espaces. Le…,"Découverte de l'ancienne prison : tous les visiteurs bénéficient d'une introduction sur l'histoire de la prison de Montluc puis parcourent le site librement en déambulant dans de nombreux espaces. Le public peut accéder aux anciennes cellules, espaces d’hommage aux victimes des répressions et persécutions nazies, ainsi qu’à l’ancien quartier de détention des femmes, fermé en 2009, exceptionnellement ouvert à la visite pour les Journées européennes du patrimoine.

À l’heure de la disparition des derniers témoins, une projection rassemblant plusieurs extraits de témoignages d’internés de la prison de Montluc durant la Seconde Guerre mondiale est proposée en continu durant le week-end.

L’exposition temporaire « Entre ces murs, un chantier pour l’Histoire », photographies de Bertrand Pichène, à découvrir dans le bâtiment des ateliers récemment réhabilité, permet de saisir les enjeux de la préservation du site et les travaux de restauration qui s’y sont déroulés durant trois ans (2022-2025).",2026-09-19 09:30:00+02:00,2026-09-19 12:30:00+02:00,Mémorial de la prison de Montluc,Lyon,"4 Rue Jeanne Hachette, 69003 Lyon, France",Journées européennes du patrimoine 2026 - Auvergne – Rhône-Alpes
66000090,Visite guidée de l'observatoire de Lyon,L'observatoire de Lyon vous ouvre ses portes !,"L'observatoire de Lyon vous ouvre ses portes !  
Venez découvrir ce lieu emblématique de la vie scientifique lyonnaise et sa riche histoire, **de sa création au XIXe siècle aux grands projets internationaux auxquels il participe aujourd'hui**. Accompagnés d'un(e) guide, vous visiterez son **parc**, son **ancienne bibliothèque**, ses **coupoles** avec son **impressionnant télescope** et le **hall d'intégration** du Centre de recherche astrophysique de Lyon.  
_**Réservation obligatoire.**_  
Note : ces visites guidées de jour ne comportent pas d'observations astronomiques.  
[Informations supplémentaires et inscription (à partir de fin août) sur le site Internet de l'observatoire](https://observatoire.univ-lyon1.fr/).",2026-09-19 09:30:00+02:00,2026-09-19 10:30:00+02:00,Observatoire de Lyon,Saint-Genis-Laval,"9 Avenue Charles André, 69230 Saint-Genis-Laval, France",Journées européennes du patrimoine 2026 - Auvergne – Rhône-Alpes
80855558,Dans les pas des policiers résistants par la société lyonnaise d'histoire de la police,Les policiers Résistants,"Les policiers résistants
------------------------

*   Découverte de la Résistance des policiers à Lyon, à travers des sites, des lieux, domiciles, arrestations, événements",2026-09-19 09:30:00+02:00,2026-09-19 11:30:00+02:00,1 rue des pierres plantées 69001,Lyon,1 rue des Pierres plantées 69001 Lyon,Journées européennes du patrimoine 2026 - Auvergne – Rhône-Alpes
54602794,"""Parcours jacquaires"": découvrez l'itinéraire des pèlerins de St Jacques de Compostelle au départ de Saint-Nizier à travers le Vieux-Lyon","Parcourir l'itinéraire emprunté autrefois par les pèlerins de Saint-Jacques, en partant du parvis de Saint-Nizier en direction de Saint-Just, puis retour vers Fourvière en passant par le théatre…","Parcourir l'itinéraire emprunté autrefois par les pèlerins de Saint-Jacques, en partant du parvis de Saint-Nizier en direction de Saint-Just, puis retour vers Fourvière en passant par le théatre romain.",2026-09-19 09:30:00+02:00,2026-09-19 12:30:00+02:00,Église Saint-Nizier,Lyon,"Place Saint-Nizier, 69002 Lyon, France",Journées européennes du patrimoine 2026 - Auvergne – Rhône-Alpes
94911940,Sur les traces de la police lyonnaise par la société Lyonnaise d'histoire de la police,Sur les traces de la police lyonnaise,"### Sur les traces de la police lyonnaise

### Du Moyen-Âge à nos jours

*   **Balade découverte** **de la place Sathonay à la place Bellecour à travers des lieux, des bâtiments, actuels ou disparus**",2026-09-19 09:30:00+02:00,2026-09-19 11:30:00+02:00,Place Sathonay,Lyon,Place Sathonay 69001 Lyon,Journées européennes du patrimoine 2026 - Auvergne – Rhône-Alpes
2993304,Visite de la Chapelle Ste-Philomène aux Lazaristes La Salle et de son orgue Merklin restauré,"Visitez la chapelle Sainte Philomène et son orgue Merklin restauré ! Écoutez l’instrument, présence d’organistes, toute la journée !","Visitez la chapelle Sainte Philomène et son orgue Merklin restauré ! Écoutez l’instrument, présence d’organistes, toute la journée !  
Venez découvrir le lieu et écoutez l’orgue remarquable, il sera joué régulièrement durant votre visite.",2026-09-19 09:30:00+02:00,2026-09-19 18:00:00+02:00,"Etablissement ""Aux Lazaristes La Salle""",Lyon,24 Montée Saint Barthélemy 69005 Lyon,Journées européennes du patrimoine 2026 - Auvergne – Rhône-Alpes
94668569,Bourse du Travail : 90 Ans du Front Populaire,Expositions et échanges avec les syndicats,"**Expositions et échanges avec les syndicats**  
Lors de cette journée plusieurs expositions :  
Premier étage sur les 90 ans du Front Populaire.  
Les trois autres étages vous pourrez découvrir differentes expositions realisées par les organisations syndicales CFDT, CGT et FSU, vous aurez la possibilité d'échanger avec les militants.",2026-09-19 09:30:00+02:00,2026-09-19 18:00:00+02:00,La Bourse du travail,Lyon,"Place Guichard, 69003 Lyon, France",Journées européennes du patrimoine 2026 - Auvergne – Rhône-Alpes
84922567,Visite de la Batterie des Carrières à Limonest.,Ancienne fortification militaire de 1878 avec casemates et casernemant enterrés recevant trois batterie de canons en soutient logistique au Fort de Mont Verdun. Petit musée décrivant la vie du soldat…,Ancienne fortification militaire de 1878 avec casemates et casernemant enterrés recevant trois batterie de canons en soutient logistique au Fort de Mont Verdun. Petit musée décrivant la vie du soldat de l'époque.,2026-09-19 09:30:00+02:00,2026-09-19 12:00:00+02:00,Batterie des Carrières,Limonest,Route du Mont Verdun 69760 Limonest,Journées européennes du patrimoine 2026 - Auvergne – Rhône-Alpes
12743032,Visite guidée de la Sablière,"La Sablière est une demeure du XIXᵉ siècle située à Caluire et Cuire, remarquable par son intérêt historique, botanique, artistique et paysager. Dominant Lyon, les balmes de Saint Clair et la vallée …","La Sablière est une demeure du XIXᵉ siècle située à Caluire et Cuire, remarquable par son intérêt historique, botanique, artistique et paysager. Dominant Lyon, les balmes de Saint Clair et la vallée du Rhône, elle constitue la dernière maison de soyeux lyonnais conservée dans son intégrité architecturale, entre la maison et les jardins architecturés à l'italienne.  
Le domaine abrite un ensemble exceptionnel de documents, dont des archives continues depuis la Révolution et une série rare de photographies des années 1850 réalisées par Jules Micol (1822-1900), peintre et photographe, permettant de suivre l’évolution du site sur près de trois siècles. Une partie du mobilier, les collections d’art, les salons restaurés et les jardins architecturés à l’italienne — surnommés « le Petit Parc de la Tête d’Or » — complètent cet ensemble unique, transformé au fil du temps en un parc exotique et botanique riche de plantes venues du monde entier.  
De nombreuses personnalités ont séjourné ou vécu à la Sablière, qui s’inscrit pleinement dans l’histoire lyonnaise comme dans l’histoire nationale. La maison et les jardins forment un tout indissociable, dont la compréhension passe par la découverte conjointe de son architecture, du paysage, de ses collections artistiques et botaniques.",2026-09-19 09:30:00+02:00,2026-09-19 12:00:00+02:00,La Sablière,Caluire-et-Cuire,16 rue de l'oratoire 69300 Caluire et Cuire,Journées européennes du patrimoine 2026 - Auvergne – Rhône-Alpes
70161492,Venez découvrir les salons du Palais Saint-Jean et l’Académie de Lyon,Visite d'une partie de Palais Saint-Jean,"Visite d'une partie de Palais Saint-Jean  
Visite de la bibliothèque de l'académie et du salon du Palais Saint-Jean  
La visite est libre, mais s'accompagne de parcours commentés (diaporama).  
L'Académie présentera de nombreux documents tirés de ses riches archives.",2026-09-19 09:30:00+02:00,2026-09-19 12:30:00+02:00,Palais Saint-Jean,Lyon,"4, avenue  Adolphe Max 69005 Lyon",Journées européennes du patrimoine 2026 - Auvergne – Rhône-Alpes
55607733,Venez découvrir le campus de formation de SNCF Réseau à Lyon Saint Priest!,Venez découvrir les métiers de SNCF Réseau!,"Le campus de formation SNCF réseau vous propose de découvrir ses installations sur lesquelles les salariés de SNCF Réseau viennent se former:  
les simulateurs de conduite  
les installations de signalisation ferroviaire  
les simulateurs de poste d'aiguillage  
les caméras de réalité virtuelle pour les formations des trains",2026-09-19 09:30:00+02:00,2026-09-19 16:00:00+02:00,Campus SNCF Réseau,Saint-Priest,20 rue Pierre Semard - 69800 Saint Priest,Journées européennes du patrimoine 2026 - Auvergne – Rhône-Alpes
72224107,Montre moi tes dents !,Journées européennes du patrimoine,"Elles dessinent nos sourires mais sont parfois source de peur ou de douleurs. A travers les livres anciens de la Bibliothèque Diderot et les spécimens des collections du département de biologie de l’École Normale Supérieure de Lyon, venez découvrir la diversité des dents, ratiches, quenottes et autres chicots et comment, au cours des âges, elles ont été entretenues et soignées.",2026-09-19 09:30:00+02:00,2026-09-19 10:30:00+02:00,Ecole Normale Supérieure de Lyon - Site Jacques Monod,Lyon,46 allée d'Italie 69007 Lyon,Journées européennes du patrimoine 2026 - Auvergne – Rhône-Alpes
13665320,Venez découvrir le projet urbain de la Part-Dieu,La Maison du Projet de la SPL Lyon Part-Dieu vous ouvre ses portes !,"La Maison du Projet de la SPL Lyon Part-Dieu vous ouvre ses portes !  
Venez découvrir la maquette du projet urbain, explorer l'espace d'exposition et profiter d'animations pour petits et grands : un atelier coloriage ainsi que des maquettes à confectionner.  
Au programme également : une balade urbaine et un atelier jeune public. Les inscriptions ouvriront prochainement sur le site de la SPL Lyon Part-Dieu ([https://www.lyon-partdieu.com/](https://www.lyon-partdieu.com/))",2026-09-19 09:30:00+02:00,2026-09-19 13:00:00+02:00,SPL Lyon Part-Dieu,Lyon,184 cours lafayette 69003 Lyon,Journées européennes du patrimoine 2026 - Auvergne – Rhône-Alpes
46105270,Dans les coulisses de l’Auditorium-Orchestre national de Lyon_visites commentées,Les équipes de l’Auditorium vous guident à travers les coulisses et les parties techniques du bâtiment et vous racontent les petits secrets qui font la grande histoire de cette salle de concert. Ces …,"Les équipes de l’Auditorium vous guident à travers les coulisses et les parties techniques du bâtiment et vous racontent les petits secrets qui font la grande histoire de cette salle de concert. Ces visites guidées donnent exceptionnellement accès aux espaces techniques du bâtiment : grill technique, fosse, scène, coulisses, dégagements…  
Durée : 1h30",2026-09-19 09:30:00+02:00,2026-09-19 11:00:00+02:00,Auditorium Maurice-Ravel,Lyon,"149 rue Garibaldi, 69003 Lyon, France",Journées européennes du patrimoine 2026 - Auvergne – Rhône-Alpes
68801724,Visite guidée de la Mairie du 2e arrondissement,Visite guidée de la Marie par le Maire et les élus.,"Visite guidée de la Marie par le Maire et les élus.  
Venez découvrir ce lieu, chargé d'histoire construit par le grand architecte et écrivain lyonnais Clair Tisseur.  
La Compagnie des Fonderies et des Forges de Bessèges et Terrenoire fait construire cet hôtel en 1875 pour ses bureaux.  
Le plan de l’intérieur du bâtiment a été modifié entre 1890 et 1893 par Abraham Hirsch, architecte en chef de la ville de Lyon.  
Après acquisition du bâtiment par la Ville de Lyon, la Mairie du 2e arrondissement de Lyon, s'installe en 1891 au 2 rue d'Enghien.",2026-09-19 09:30:00+02:00,2026-09-19 12:00:00+02:00,Mairie du 2e arrondissement de Lyon,Lyon,2 rue d'Enghien 69002 LYON,Journées européennes du patrimoine 2026 - Auvergne – Rhône-Alpes
85120656,"Exposition « Charles Popineau, photographe lyonnais de la Belle Époque »",Journées européennes du patrimoine,"À l’occasion des Journées européennes du patrimoine, la Mairie du 2e arrondissement en collaboration avec la Bibliothèque Municipale de Lyon, présente l’exposition « Charles Popineau, photographe lyonnais de la Belle Époque »  
Muni de son appareil photo Suisse Suter, Charles Popineau reporter au Lyon Républicain arpente les rues de la ville de 1885 à 1927.  
L’exposition présente une trentaine de ses clichés, témoignage de la vie lyonnaise à cette époque.",2026-09-19 09:30:00+02:00,2026-09-19 12:00:00+02:00,Mairie du 2e arrondissement de Lyon,Lyon,2 rue d'Enghien 69002 LYON,Journées européennes du patrimoine 2026 - Auvergne – Rhône-Alpes
27624450,"""La médina de Lyon"" images, clichés, imaginaires...","Promenade dans le quartier Moncey appelé depuis 1920 ""la médina de Lyon"" (architecture, urbanisme, commerces, sociabilités, identités, récits... ) organisée par l’association la place du pont, comité…","Promenade dans le quartier Moncey appelé depuis 1920 ""la médina de Lyon"" (architecture, urbanisme, commerces, sociabilités, identités, récits... ) organisée par l’association la place du pont, comité d’habitants et de commerçants du quartier de Moncey.",2026-09-19 09:30:00+02:00,2026-09-19 11:00:00+02:00,Place Balanche quartier Moncey,Lyon,Place Ballanche 69003 Lyon,Journées européennes du patrimoine 2026 - Auvergne – Rhône-Alpes
71128772,"Entre Rhône et Saône, regards photographiques d’hier et d’aujourdhui","Dans le cadre des Journées Européennes du Patrimoine 2026, ""Péniches du Val de Rhône"" vous propose 6 navigations commentées au cœur de Lyon pour valoriser son patrimoine en revisitant la ville depuis…","Dans le cadre des Journées Européennes du Patrimoine 2026, ""Péniches du Val de Rhône"" vous propose 6 navigations commentées au cœur de Lyon pour valoriser son patrimoine en revisitant la ville depuis le fleuve et la rivière, entre histoire et modernité.  
A bord de la Vorgine Et Ma Découverte, nous vous proposerons de découvrir les évolutions du paysage urbain à l'aide de photographies anciennes (cartes postales), à comparer au paysage actuel :  
\- Parcours A 9h45-12h : en remontant le Rhône vers la Cité Internationale  
\- Parcours B 13h45-15h45 : en descendant le Rhône vers la Confluence et le port Edouard Herriot  
\- Parcours C 16h-18h : en remontant la Saône vers l'Île Barbe  
Chaque parcours s'appuiera sur un carnet individuel à compléter, pour comparer les paysages d'hier et d'aujourd'hui au patrimoine photographique!",2026-09-19 09:45:00+02:00,2026-09-19 12:00:00+02:00,La Vorgine Et Ma Découverte,Lyon,"9 avenue Leclerc, 69007 Lyon",Journées européennes du patrimoine 2026 - Auvergne – Rhône-Alpes
1149224,"Visite guidée d'un atelier d'horlogerie spécialisé en réparation d'horloges, pendules, pendulettes et montres anciennes.",Visite d’environ 60 minutes (sur inscription),"_Visite d’environ 60 minutes (sur inscription)_

Présentation du métier d’horloger réparateur (25min)
----------------------------------------------------

### En naviguant dans l’atelier, nous vous montrerons les différentes étapes avec les outils et machines nécessaires à la réparation d’horloges et pendules anciennes.

*   Démontage
*   Nettoyage & ravivage
*   Correction des usures mécaniques et défauts
*   Remontage & lubrification
*   Mise en test & réglage

Histoire de l’horlogerie autour des mécanismes en réparation à l’atelier (35min)
--------------------------------------------------------------------------------

### En regroupant les mécanismes par ""famille"", nous vous raconterons leur histoire ainsi que les évolutions techniques notables.

*   Horloge Comtoise (aussi appelée Franc-comtoise, Horloge au coq, Horloge de parquet…) ;
*   Pendule de cheminée (mouvement de Paris) ;
*   Œil de bœuf ou Morbier ;
*   Coucou ou Forêt Noire ;
*   Pendulette d’officier ou pendulette de voyage ;
*   Carillon ;
*   Montre gousset ;
*   ainsi que ... (en fonction des mécanismes actuellement en réparation).",2026-09-19 10:00:00+02:00,2026-09-19 11:00:00+02:00,Atelier Horlogers Lyonnais,Lyon,19 rue barrème 69006 Lyon,Journées européennes du patrimoine 2026 - Auvergne – Rhône-Alpes
84172115,Visite libre de l'église Saint-Bruno les Chartreux,"Splendeur du baroque, monument historique entièrement restauré, l'église Saint-Bruno contient de nombreuses œuvres d'art classées, notamment un exceptionnel et unique baldaquin avec ses draperies en…","Splendeur du baroque, monument historique entièrement restauré, l'église Saint-Bruno contient de nombreuses œuvres d'art classées, notamment un exceptionnel et unique baldaquin avec ses draperies en tissu stuqué.",2026-09-19 10:00:00+02:00,2026-09-19 12:30:00+02:00,Église Saint-Bruno-les-Chartreux,Lyon,"Rue Pierre Dupont, 69001 Lyon, France",Journées européennes du patrimoine 2026 - Auvergne – Rhône-Alpes
71803462,Un Escape Game dans les rues de Lyon,Voyage à travers le temps,"Voyage à travers le temps  
Partez en mission collective sur les traces du professeur Patfolles, brillant inventeur de la Machine à voyager dans le temps.  
Après une utilisation mystérieuse, il a disparu. La Machine est revenue … mais seule.  
Patfolles, sans sa machine, est perdu dans le passé. A vous, de vous lancer dans la ville afin de trouver les indices laissés par le professeur au cours de l'histoire et de ses voyages.  
En famille ou entre amis, profitez d’une balade ludique à travers la ville. Ce jeu vous mènera à la découverte de lieux emblématiques et chargés d’histoire.

*   Temps de jeu : 1h à 1h30.
*   Rendez-vous Place des Jacobins
*   Jouable en famille dès 6 ans.
*   Gratuit

\+ d'infos sur [www.john-doe.fr/lyon](https://www.john-doe.fr/lyon)",2026-09-19 10:00:00+02:00,2026-09-19 18:30:00+02:00,Place des jacobins,Lyon,place des jacobins 69002 Lyon,Journées européennes du patrimoine 2026 - Auvergne – Rhône-Alpes
427467,"Découverte du patrimoine en péril du Vieux-Lyon : raviver, résister, réimaginer","À l’origine de la création du 1er secteur sauvegardé de France en 1964 et de l’inscription sur la Liste du patrimoine de l’Unesco en 1998, découvrez le Vieux-Lyon avec notre association, sur les pas …","À l’origine de la création du 1er secteur sauvegardé de France en 1964 et de l’inscription sur la Liste du patrimoine de l’Unesco en 1998, découvrez le Vieux-Lyon avec notre association, sur les pas d’Annie et Régis Neyret, ses ardents défenseurs.  
Visites guidées d'une durée de 2h.  
Départ depuis notre association la Renaissance du Vieux Lyon située au 50 rue St Jean à 10h, 14h, 15h et 16h (dernier départ).  
Groupe de 20 personnes maximum.",2026-09-19 10:00:00+02:00,2026-09-19 12:00:00+02:00,Association Renaissance du Vieux-Lyon,Lyon,50 rue Saint- Jean 69005 Lyon,Journées européennes du patrimoine 2026 - Auvergne – Rhône-Alpes
11931463,Visite guidée du Hot Club de Lyon,Journées européennes du patrimoine,"À l'occasion des Journées Européennes du Patrimoine, venez découvrir l'histoire et les anecdotes qui rythment la vie du Hot Club de Lyon depuis 1948. Ludwig LAISNÉ, Président du Hot Club de Lyon, vous invite à deux visites commentées gratuites.  
Des présentations courtes et interactives, rythmées par vos questions et nos anecdotes. Le samedi 19, c'est aussi le concert de Michel Fernandez Quartet – une immersion garantie dans l’univers et la magie du jazz !",2026-09-19 10:00:00+02:00,2026-09-19 17:00:00+02:00,Hot Club de Lyon,Lyon,26 rue Lanterne 69001 LYON,Journées européennes du patrimoine 2026 - Auvergne – Rhône-Alpes
14664410,Visite de la Costumerie de la MJC de Sainte-Foy-Lès-Lyon,Venez découvrir cette Costumerie associative !,"Venez découvrir cette Costumerie associative !  
Un lieu magique comprenant plus de 7000 costumes !  
Lors de cette édition des journées européennes du patrimoine , venez visitez notre trésors ! Vous pourrez essayer un costumes (parmi une sélection faites).",2026-09-19 10:00:00+02:00,2026-09-19 12:00:00+02:00,La Costumerie de la MJC de Sainte-Foy-Lès-Lyon,La Mulatière,42 rue Gabriel Péri 69350 La Mulatière,Journées européennes du patrimoine 2026 - Auvergne – Rhône-Alpes
17500026,Exposition photographique des 20 ans d'acquisition du Fort,"Installée dans la caponnière double, cette exposition photographique retracera les 20 ans d'acquisition du Fort de Feyzin par la Ville. À travers une série de panneaux, les visiteurs découvriront les…","Installée dans la caponnière double, cette exposition photographique retracera les 20 ans d'acquisition du Fort de Feyzin par la Ville. À travers une série de panneaux, les visiteurs découvriront les grandes étapes de la renaissance du site : son ouverture progressive au public, les importants travaux de restauration, les aménagements réalisés, ainsi que les nombreuses manifestations et animations qui ont fait vivre le fort au fil des années. Un retour en images sur l'évolution de ce patrimoine emblématique.",2026-09-19 10:00:00+02:00,2026-09-19 18:00:00+02:00,Fort de Feyzin,Feyzin,1 allée Séré de Rivières 69320 Feyzin.,Journées européennes du patrimoine 2026 - Auvergne – Rhône-Alpes
20304587,"Exposition ""Jean Couty - Voyage en Italie""",Et si vous partiez en Italie… sans quitter Lyon ?,"Et si vous partiez en Italie… sans quitter Lyon ?  
Le Musée Jean Couty vous invite à venir découvrir l’exposition  
« Jean Couty – Voyage en Italie ».  
Une immersion lumineuse entre Venise, Rome et la Sicile,  
avec des œuvres inédites dévoilées pour la première fois.  
Un voyage artistique, intense et coloré, à ne pas manquer !",2026-09-19 10:00:00+02:00,2026-09-19 16:00:00+02:00,Musée Jean Couty,Lyon,1 place Henri Barbusse 69009 Lyon,Journées européennes du patrimoine 2026 - Auvergne – Rhône-Alpes
24570210,Un jeu vidéo sur la TASE : TASE Memory,"L’architecte Azel Laâlej, l’association Vive la TASE ! et le laboratoire MAP-Aria de l’École nationale supérieure d’architecture de Lyon portent un projet ambitieux : créer, d’ici 2027, un jeu vidéo …","L’architecte Azel Laâlej, l’association Vive la TASE ! et le laboratoire MAP-Aria de l’École nationale supérieure d’architecture de Lyon portent un projet ambitieux : créer, d’ici 2027, un jeu vidéo immersif consacré à l’Usine TASE et à son ensemble urbain.  
Rues, bâtiments et reconstitutions d’édifices disparus deviendront un véritable terrain d’exploration et d’expérimentation, où se croisent différentes époques. Nourri par les récits de celles et ceux qui ont fait vivre la TASE, ce projet associe sauvegarde, valorisation et médiation d’un patrimoine à la fois matériel et immatériel.  
Venez découvrir l’avancement du travail grâce à un casque de réalité virtuelle qui vous plongera au cœur du quartier, de son architecture et de son histoire.",2026-09-19 10:00:00+02:00,2026-09-19 18:00:00+02:00,Usine TASE,Vaulx-en-Velin,8 Allée du textile 69120 Vaulx-en-Velin,Journées européennes du patrimoine 2026 - Auvergne – Rhône-Alpes
26208200,Parcourez les collections du musée des Beaux-Arts de Lyon,Parcourez les collections du musée des Beaux-Arts de Lyon,"Découvrez 5000 ans d'histoire de l'art au musée des Beaux-Arts de Lyon, de l'Égypte des pharaons à l'art moderne de Matisse et Picasso. Faites une pause nature en plein cœur de Lyon : vous êtes accueillis dans un magnifique palais et son paisible jardin de sculptures.  
Bienvenue au musée !

A noter : l'exposition Musée sentimental n'est pas accessible pendant les Journées Européennes du Patrimoine.",2026-09-19 10:00:00+02:00,2026-09-19 18:00:00+02:00,Musée des Beaux-Arts,Lyon,"20 place des Terreaux, 69001 Lyon, France",Journées européennes du patrimoine 2026 - Auvergne – Rhône-Alpes
27119953,Notre village aux premiers temps de la photo argentique (de 1860 à 1930),Journées européennes du patrimoine,"En 2026, la photographie fête ses 200 ans. L’Association du Patrimoine Fleurentin a le plaisir de vous amener à découvrir une courte histoire de son invention par Nicéphore Nièpce jusqu’à son essor pratique et son utilisation par les premiers amateurs passionnés, comme l’abbé Révérand, curé de Fleurieu de 1897 à 1929.  
Une infographie pédagogique expliquera ensuite le principe de la photographie argentique (prise de vue, développement et fixation du négatif, tirage sur papier).  
Pour continuer, le visiteur pourra admirer quelques appareils précurseurs ou contemporains de cette période (lanterne magique, stéréoscope, projecteur de film fixe, appareils photo), mais surtout une quantité de négatifs sur plaque de verre avec leurs tirages sur papier ou les cartes postales qui en ont été faites.  
Par ailleurs, une collection privée de clichés et portraits datant de la première guerre mondiale sera proposée à sa bienvenue curiosité !",2026-09-19 10:00:00+02:00,2026-09-19 12:00:00+02:00,Maison fleurentine,Fleurieu-sur-Saône,39 grande rue 69250 Fleurieu-sur-Saône,Journées européennes du patrimoine 2026 - Auvergne – Rhône-Alpes
31166070,"Projection du film documentaire : ""Saint-Paul, de la prison à l'université""","Les prisons Saint-Paul et Saint-Joseph ont été construites l'une à coté de l'autre au XIXe siècle à Lyon au sud de la gare de Perrache. Désaffectées depuis 2009, elles ont été réhabilitées par l'UCLy…","Les prisons Saint-Paul et Saint-Joseph ont été construites l'une à coté de l'autre au XIXe siècle à Lyon au sud de la gare de Perrache. Désaffectées depuis 2009, elles ont été réhabilitées par l'UCLy et inaugurée en 2015. Comme le prônait Victor Hugo, ""ouvrir une école, c'est fermer une prison"". L'Université Catholique de Lyon, fondée en 1875, a choisi d’investir le site et d’y créer un campus ouvert sur la ville et sur le monde.  
A travers ce film, nous voyons que, si le premier défi était architectural, il s’agit surtout d’un projet ambitieux humainement, culturellement et intellectuellement.",2026-09-19 10:00:00+02:00,2026-09-19 18:00:00+02:00,UCLy - Université Catholique de Lyon,Lyon,10 place des archives 69002 Lyon,Journées européennes du patrimoine 2026 - Auvergne – Rhône-Alpes
37334178,[Les mémoires vives à la la Soie] - Enquête à TASE : Souvenirs d’une ouvrière,"Lors de la rénovation du foyer Jeanne d’Arc, une boite en fer remplie de souvenirs a été retrouvée dans les caves. Elle semble dater de la période de construction, les années 1920. Nous ne perdons de…","Lors de la rénovation du foyer Jeanne d’Arc, une boite en fer remplie de souvenirs a été retrouvée dans les caves. Elle semble dater de la période de construction, les années 1920. Nous ne perdons pas l’espoir, de parvenir, un jour, à mettre l’histoire de sa propriétaire en lumière. Mais a qui appartient cette boite? A vous de nous aidez en parcourant l’ensemble industriel à la recherche des indices.  
Une enquête à réaliser entre amis ou en famille. La présence d’au moins deux adultes est conseillée. Le parcours vous conduira à la découverte des lieux emblématiques de l’ensemble industriel TASE.

*   Genre : Jeu de piste, enquête dans les rues de l’ensemble industriel TASE.
*   Public : Adultes et familles.
*   Durée : Prévoir minimum 1h30
*   Lieu : extérieur
*   Activité à réaliser en autonomie après retrait du kit d’enquête.",2026-09-19 10:00:00+02:00,2026-09-19 18:00:00+02:00,Autre soie / CCO / La Rayonne,Villeurbanne,"28 rue alfred de musset, 69100 villeurbanne",Journées européennes du patrimoine 2026 - Auvergne – Rhône-Alpes
41324367,Visite commentée de l'église Notre Dame du Monde Entier. Exposition de photos d'archives.,Visite commentée avec explications et exposition de photos d'archives de la construction de l'église et du quartier de La Duchère.,"Visite commentée avec explications et exposition de photos d'archives de la construction de l'église et du quartier de La Duchère.  
Eglise construite en 1968 par l'architecte Jean-François COTTIN.  
Magnifique charpente en lamellé collé.  
Photos d'archives.  
Accès: Parking au pied de l'église. Bus C14 - Direction Les Sources - Arrêt Duchère plateau.",2026-09-19 10:00:00+02:00,2026-09-19 12:00:00+02:00,Église Notre Dame du Monde entier,Lyon,240 avenue du Plateau 69009 Lyon,Journées européennes du patrimoine 2026 - Auvergne – Rhône-Alpes
42288639,Visite libre des salons de l'Hôtel de Ville,"Venez découvrir les salons de l’Hôtel de Ville. Accompagnés dans l’histoire de ce lieu par des explications audios, vous découvrirez le grand escalier d’honneur, les salons, les décors et d'autres ce…","Venez découvrir les salons de l’Hôtel de Ville. Accompagnés dans l’histoire de ce lieu par des explications audios, vous découvrirez le grand escalier d’honneur, les salons, les décors et d'autres œuvres conservées dans ce lieu prestigieux.",2026-09-19 10:00:00+02:00,2026-09-19 18:00:00+02:00,Hôtel de Ville,Lyon,1 Place de la Comédie 69001 Lyon,[Archives] Journées européennes du patrimoine 2023 : Auvergne - Rhône-Alpes
52375888,Visite de la Villa Berliet,"La Villa Art Nouveau, demeure de Marius Berliet depuis 1912, décoré par Louis Majorel et Jacques Gruber, est inscrite depuis 1989 à l'Inventaire Supplémantaire des Monuments Historiques.","La Villa Art Nouveau, demeure de Marius Berliet depuis 1912, décoré par Louis Majorel et Jacques Gruber, est inscrite depuis 1989 à l'Inventaire Supplémantaire des Monuments Historiques.  
Depuis 1982, elle abrite le siège de la Fondation Berliet et son centre d'Archives et de Documentation.  
Un véhicule de notre collection sera exposé dans le parc de la Villa Berliet.",2026-09-19 10:00:00+02:00,2026-09-19 18:00:00+02:00,Villa Berliet,Lyon,"39 avenue Esquirol, 69003 Lyon",Journées européennes du patrimoine 2026 - Auvergne – Rhône-Alpes
54721367,"Découvrez ""Le Glacis""","Le Glacis, le centre patrimonial de Feyzin, sera ouvert en libre accès tout au long du week-end. Petits et grands pourront découvrir l'histoire de la ville, du IIIᵉ millénaire avant Jésus-Christ à à…","Le Glacis, le centre patrimonial de Feyzin, sera ouvert en libre accès tout au long du week-end. Petits et grands pourront découvrir l'histoire de la ville, du IIIᵉ millénaire avant Jésus-Christ à aujourd'hui, à travers un parcours ludique et accessible à tous. Objets, maquettes, photos et films invitent les visiteurs à explorer le passé de Feyzin de manière originale et participative. Une salle entière est consacrée au Fort de Feyzin et à son histoire, pour mieux comprendre ce patrimoine militaire unique et les événements qui l'ont façonné.",2026-09-19 10:00:00+02:00,2026-09-19 18:00:00+02:00,Fort de Feyzin,Feyzin,1 allée Séré de Rivières 69320 Feyzin.,Journées européennes du patrimoine 2026 - Auvergne – Rhône-Alpes
55875439,Visite de l'église Saint-Paul,"Visite libre de l'église St-Paul, 2ème plus ancienne église de Lyon. Bâtie au 12ème siècle, elle a été modifiée au cours des temps.","Visite libre de l'église St-Paul, 2ème plus ancienne église de Lyon. Bâtie au 12ème siècle, elle a été modifiée au cours des temps.",2026-09-19 10:00:00+02:00,2026-09-19 12:00:00+02:00,Église Saint-Paul,Lyon,"3 Place Gerson, 69005 Lyon, France",Journées européennes du patrimoine 2026 - Auvergne – Rhône-Alpes
62608133,Visite de l'église romane de Saint-Romain-au-mont-d'or,"Modeste chapelle de style roman à l’origine formant au XII° siècle un ensemble avec le château de la Bessée voisin, encore visible (classé MH en 1926) et un cloître, l’église de Saint-Romain a été et…","Modeste chapelle de style roman à l’origine formant au XII° siècle un ensemble avec le château de la Bessée voisin, encore visible (classé MH en 1926) et un cloître, l’église de Saint-Romain a été aménagée, agrandie et décorée au fil des siècles ; ainsi les chapelles latérales datent du XV° siècle, la nef a été reconstruite au XVII° siècle, les statues datent du XIX° siècle.La visite de l'église est proposée tous les ans lors des Journées du Patrimoine.Cette église romane dont la partie la plus ancienne date du XII° siècle, est partiellement inscrite à l’inventaire des Monuments Historiques : abside, clocher, transept.L’abside semi-circulaire est en cul de four, revêtue de lauzes, coiffée d’une tour lanterne. A l’intérieur, 16 objets sont classés ou inscrits à l’inventaire des Monuments Historiques.",2026-09-19 10:00:00+02:00,2026-09-19 12:00:00+02:00,Église,Saint-Romain-au-Mont-d'Or,"4 Rte du Mont-Thou, 69270 Saint-Romain-au-Mont-d'Or, France",Journées européennes du patrimoine 2026 - Auvergne – Rhône-Alpes
65157722,Démonstrations du pont roulant du Fort de Feyzin,"Tout au long du week-end, petits et grands pourront participer aux démonstrations du pont roulant du Fort de Feyzin et découvrir le fonctionnement de cet ouvrage patrimonial exceptionnel. Il ne que À…","Tout au long du week-end, petits et grands pourront participer aux démonstrations du pont roulant du Fort de Feyzin et découvrir le fonctionnement de cet ouvrage patrimonial exceptionnel. Il ne subsiste aujourd'hui que cinq ponts roulants de ce type en France, et celui du Fort de Feyzin est le seul encore en état de fonctionnement. À cette occasion, une collecte de dons sera organisée dans le cadre de la campagne « Sauvons le pont ! » afin de contribuer à sa restauration, aujourd'hui devenue urgente, et de préserver ce patrimoine unique pour les générations futures.",2026-09-19 10:00:00+02:00,2026-09-19 18:00:00+02:00,Fort de Feyzin,Feyzin,1 allée Séré de Rivières 69320 Feyzin.,Journées européennes du patrimoine 2026 - Auvergne – Rhône-Alpes
67838953,Entrez dans la Chapelle de la Trinité,"La chapelle sera ouverte à la visite samedi et dimanche de 10h à 18h, une occasion idéale pour découvrir son histoire et rencontrer l'équipe !","**La chapelle sera ouverte à la visite samedi et dimanche de 10h à 18h, une occasion idéale pour découvrir son histoire et rencontrer l'équipe !**

Perle de l’architecture baroque lyonnaise édifiée par les Jésuites au début du XVIIe siècle, la chapelle de la Trinité a longtemps été destinée au culte, à l’enseignement et à la musique. Désacralisée il y a cent ans, elle est inscrite à l’inventaire des Monuments Historiques en 1939 et restaurée magnifiquement à la fin des années 1990.

Elle est depuis une salle de concert à temps plein et fait peau neuve en 2024 avec La Trinité, nouvelle scène de musiques baroques et irrégulières, qui ouvre la chapelle comme un lieu « trois en un » :

*   Une maison baroque, ouverte à la diversité des acteurs de la filière et des publics d’aujourd’hui ;

*   Un laboratoire de nouvelles pratiques créatives, capable de réconcilier le goût de l’expérimentation et le plaisir de l’expérience sensible ;

*   Un lieu d’hospitalité culturelle au cœur du territoire métropolitain, où chacun peut se sentir chez soi et se réapproprier un patrimoine commun, musical comme architectural.",2026-09-19 10:00:00+02:00,2026-09-19 18:00:00+02:00,Chapelle de la Trinité,Lyon,29 - 31 rue de la bourse 69002 Lyon,Journées européennes du patrimoine 2026 - Auvergne – Rhône-Alpes
76946876,Exposition Elles et les Luttes : histoire des femmes de la TASE,"Une exposition exceptionnelle consacrée à l’histoire des femmes de la TASE, imaginée par l’association Vive la TASE ! et l’atelier de surcyclage du CCO.","Une exposition exceptionnelle consacrée à l’histoire des femmes de la TASE, imaginée par l’association Vive la TASE ! et l’atelier de surcyclage du CCO.  
Des sheds de l’usine TASE au parc aux Hérissons, en passant par l’ancien foyer de jeunes filles Jeanne d’Arc, partez à la découverte de celles qui ont façonné l’histoire de la TASE.  
Témoignages audio et vidéo, images d’archives et œuvres textiles réalisées lors d’un atelier artistique mené par Tina Marais donnent vie à leurs parcours.  
À la croisée de la recherche historique et de la création artistique, cette exposition est le fruit de deux années de travail consacrées aux femmes et à leur place dans l’histoire de l’ensemble industriel.",2026-09-19 10:00:00+02:00,2026-09-19 18:00:00+02:00,Usine TASE,Vaulx-en-Velin,8 Allée du textile 69120 Vaulx-en-Velin,Journées européennes du patrimoine 2026 - Auvergne – Rhône-Alpes
82567932,Le Mémorial Jean Moulin,Réservation sur place le jour même,"Réservation sur place le jour même  
Nombre de visiteurs limité à 19 personnes simultanément.  
Durée 30 minutes  
Départ toutes les 15 minutes",2026-09-19 10:00:00+02:00,2026-09-19 12:00:00+02:00,Mémorial Jean Moulin - Maison du docteur Dugoujon,Caluire-et-Cuire,"2 Place Jean Gouailhardou, 69300 Caluire-et-Cuire, France",Journées européennes du patrimoine 2026 - Auvergne – Rhône-Alpes
88230514,Portes ouvertes à l'atelier des 3 pierres,Journées européennes du patrimoine,"A l'occasion des Journées européennes du patrimoine, nous ouvrons l'atelier des 3 pierres le samedi 19 et dimanche 20 septembre de 10h à 18h.

### Les artistes exposants :

**Isabelle Picard** (_artiste invitée_) : gravures variées sur papier.  
**Bernard Mathieu** (_artiste invité_) : Illustrations variées sur papier  
**Sandra Vigouroux** : Oeuvres sur papier à l'encre. Thèmes : paysages et corps.  
**Guillaume Desbiolles** : Illustrations sur papier dans un style de dessin proche de la BD franco - belge.  
Les oeuvres sont exposées tout le week-end.  
Isabelle Picard, Sandra Vigouroux et Guillaume Desbiolles seront présents le samedi et le dimanche.",2026-09-19 10:00:00+02:00,2026-09-19 18:00:00+02:00,Atelier des 3 pierres,Lyon,14 rue des trois pierres 69007 Lyon,Journées européennes du patrimoine 2026 - Auvergne – Rhône-Alpes
92724495,[Les mémoires vives à la la Soie] - Jeu de piste au parc aux Hérissons,"Un jeu de piste pour les 7-11 ans à la découverte des trésors naturels et artistiques du parc aux hérissons. Prenez votre crayon, retirez un cahier à l’accueil et suivez Artémisia, la dinosaure qui  …","Un jeu de piste pour les 7-11 ans à la découverte des trésors naturels et artistiques du parc aux hérissons. Prenez votre crayon, retirez un cahier à l’accueil et suivez Artémisia, la dinosaure emblématique qui garde toujours un oeil sur les oeuvres et sur la biodiversité. Suivez les traces!  
Pour les parents, cette promenade est aussi l’occasion de découvrir un parc cogéré par des habitants, un verger, un potager et un espace pensé pour préserver activités humaines et respect du vivant.

*   Genre : Jeu de piste jeune public
*   Public : de 7 à 11 ans.
*   Durée : Libre
*   Lieu : extérieur
*   Activité à réaliser en autonomie après retrait du cahier de médiation à l’accueil.",2026-09-19 10:00:00+02:00,2026-09-19 18:00:00+02:00,Autre soie / CCO / La Rayonne,Villeurbanne,"28 rue alfred de musset, 69100 villeurbanne",Journées européennes du patrimoine 2026 - Auvergne – Rhône-Alpes
96602456,Moulin de la Terrasse,"Dans un site champêtre, visite d'un moulin à blé qui existait déjà avant 1201. Deux corps de bâtiment. Ruisseau à eau vive, écluse et son bief. Une roue métallique à augets de 7,40 m de diamètre !","Dans un site champêtre, un moulin à blé qui existait déjà avant 1201. avec 2 corps de bâtiment pour le moulin et l'habitation du meunier sur 4 nivaux. En amont : 1 ruisseau à eau vive, 1 écluse et son bief, en pierre taillée dans la masse, 2 bassins, 1roue métallique à augets de 7,40 m de diamètre, le bief en aval. 1 cylindre pour le nettoyage du blé. Ecomusée de meunerie comportant un jeu de deux meules en pierres assemblées avec son cache meule ; potence de soulèvement, trémies, auges, et petits accessoires, une vis sans fin de 10 m, bascules, pupitre. Beffroi et blutoir.  
Ecomusée de la famille Pittiou et des outils pour le bois. Une salle d'exposition des sculptures de Marc Pittiou.",2026-06-27 10:00:00+02:00,2026-06-27 12:00:00+02:00,Moulin de la Terrasse,Fontaines-Saint-Martin,545 rue des Prolières 69270 Fontaines-Saint-Martin,Journées du Patrimoine de Pays 2026
97106142,Visite libre du Fort de Feyzin,"Cette année, découvrez le Fort de Feyzin autrement grâce à un parcours en visite libre. Explorez à votre rythme plusieurs espaces habituellement fermés au public, plongez dans l'histoire du site et…","Cette année, découvrez le Fort de Feyzin autrement grâce à un parcours en visite libre. Explorez à votre rythme plusieurs espaces habituellement fermés au public, plongez dans l'histoire du site et laissez-vous surprendre par son architecture militaire unique. Une occasion de découvrir le fort en toute autonomie, au fil de votre curiosité. Des explications vous serons proposez dans les pièces importantes de cette visite.",2026-09-19 10:00:00+02:00,2026-09-19 18:00:00+02:00,Fort de Feyzin,Feyzin,1 allée Séré de Rivières 69320 Feyzin.,Journées européennes du patrimoine 2026 - Auvergne – Rhône-Alpes
4588542,Visite du lavoir de la Platte,Venez visiter l'ancien bassin d'irrigation du domaine de Beauregard devenu lavoir public du début du XIXe siècle.,Venez visiter l'ancien bassin d'irrigation du domaine de Beauregard devenu lavoir public du début du XIXe siècle.,2026-09-19 10:00:00+02:00,2026-09-19 17:30:00+02:00,Le Lavoir de la Platte,Saint-Genis-Laval,"13 bis avenue de Beauregard, Saint-Genis-Laval, 69230",Journées européennes du patrimoine 2026 - Auvergne – Rhône-Alpes
10088017,Visite guidée de l'église Saint-Bruno les Chartreux,"Visites commentées de l'église St Bruno et de l'ancienne Chartreuse de Lyon (vestiges grand cloître, petit cloître, salle capitulaire...) : 10h ( sauf dimanche), 14h, 15h, 16h.","Visites commentées de l'église St Bruno et de l'ancienne Chartreuse de Lyon (vestiges grand cloître, petit cloître, salle capitulaire...) : 10h ( sauf dimanche), 14h, 15h, 16h.  
Splendeur du baroque, monument historique entièrement restauré, l'église Saint-Bruno contient de nombreuses œuvres d'art classées, notamment un exceptionnel et unique baldaquin avec ses draperies en tissu stuqué.",2026-09-19 10:00:00+02:00,2026-09-19 11:30:00+02:00,Église Saint-Bruno-les-Chartreux,Lyon,"Rue Pierre Dupont, 69001 Lyon, France",Journées européennes du patrimoine 2026 - Auvergne – Rhône-Alpes
27809478,Les coulisses du Jardin botanique de Lyon,Osez la curiosité et pénétrez dans les coulisses du Jardin botanique d’ordinaire inaccessibles…,"Osez la curiosité et pénétrez dans les coulisses du Jardin botanique d’ordinaire inaccessibles…  
Vous vous demandez ce qui se cache derrière les portes closes du Jardin botanique ? Loin des regards, les jardiniers travaillent pour élever les jeunes plants qui, un jour, rejoindront les collections. Découvrez leur quotidien et les trésors cachés du jardin en des lieux normalement inaccessibles.",2026-09-19 10:00:00+02:00,2026-09-19 11:30:00+02:00,Jardin botanique de Lyon- Parc de la tête d'or,Lyon,"Boulevard des Belges, 69006 Lyon",Journées européennes du patrimoine 2026 - Auvergne – Rhône-Alpes
34598007,"La Fréta, domaine du botaniste Pierre Poivre",La Fréta ancien domaine du voyageur botaniste lyonnais Pierre Poivre recèle encore bien des surprises ! Elle dévoilera son charme au gré d'une promenade riche en anecdotes végétales.,"La Fréta ancien domaine du voyageur botaniste lyonnais Pierre Poivre recèle encore bien des surprises ! Elle dévoilera son charme au gré d'une promenade riche en anecdotes végétales.  
La Fréta, lieu incontournable où a vécu le naturaliste Pierre Poivre, est une propriété privée qui ouvre ses portes uniquement lors des Journées Européennes du Patrimoine. Une occasion unique de découvrir son histoire et celle de son ancien propriétaire à la vie des plus tumultueuses. Cette balade guidée par un jardinier-botaniste sera riche en anecdotes végétales et historiques. Un voyage dans le temps assuré !",2026-09-19 10:00:00+02:00,2026-09-19 11:30:00+02:00,Jardin de la Freta,Saint-Romain-au-Mont-d'Or,chemin de l'Eperon 270 Saint-Romain-au-Mont-d'Or,Journées européennes du patrimoine 2026 - Auvergne – Rhône-Alpes
59485398,Visite libre du Temple de la Lanterne,Journées européennes du patrimoine,"Temple protestant de style néo-gothique, construit en 1857. Orgue Joseph Merklin de 1891 installé en tribune. Les visiteurs entrent librement et peuvent visiter l'exposition ""La laïcité : une histoire française, un regard protestant"". Ils pourront également suivre une présentation vidéo sur le temple.",2026-09-19 10:00:00+02:00,2026-09-19 18:00:00+02:00,Temple de la Lanterne,Lyon,"10 rue Lanterne, 69001 Lyon",Journées européennes du patrimoine 2026 - Auvergne – Rhône-Alpes
67909381,Visite de la centrale hydroélectrique de Cusset,"Les visites durent en moyenne 1h30. Le samedi 19 et le dimanche 20 septembre 2026, voici les créneaux possibles :","Les visites durent en moyenne 1h30. Le samedi 19 et le dimanche 20 septembre 2026, voici les créneaux possibles :  
**Le matin :**

*   Le premier créneau est à 10h jusqu'a 11h30;
*   Le deuxième créneau est à 11h jusqu'à 12h30;

  
**L'après-midi :**

*   Le premier créneau est à 14h jusqu'a 15h30;
*   Le deuxième créneau est à 15h jusqu'à 16h30;
*   Le dernier créneau est à 16h jusqu'à 17h30;",2026-09-19 10:00:00+02:00,2026-09-19 11:00:00+02:00,Centrale hydroélectrique de Cusset,Villeurbanne,"85 Rue de Pierrefrite, 69100 Villeurbanne",Journées européennes du patrimoine 2026 - Auvergne – Rhône-Alpes
8844194,Ouverture de l'appartement témoin des Gratte-Ciel,En partenariat avec la Société Villeurbannaise d'Urbanisme (SVU),"_En partenariat avec la Société Villeurbannaise d'Urbanisme (SVU)_  
Ancienne loge de gardien, cet appartement typique des années 1930 et aménagé dans l’esprit de l’époque, vous ouvre exceptionnellement ses portes à l’occasion des Journées européennes du patrimoine. Reflétant les modes de vies d’alors, c’est un voyage dans le temps qui vous est proposé…bienvenue aux Gratte-ciel !  
Visite libre  
L'appartement sera accessible au 15 avenue Henri Barbusse 69100 Villeurbanne - 1er étage.",2026-09-19 10:00:00+02:00,2026-09-19 12:00:00+02:00,Le Rize,Villeurbanne,"23 Rue Valentin Haüy, 69100 Villeurbanne, France",[Archive] Journées européennes du patrimoine 2025 : Auvergne-Rhône-Alpes
12672232,TCL - Dépôt de bus des Pins : au cœur de l’électrification du réseau de bus,"Situé dans le 3e arrondissement de Lyon, le dépôt de bus des Pins, qui réunit 335 collaboratrices et collaborateurs, dont 300 conductrices et conducteurs, ouvrira ses portes pour faire découvrir au  …","Situé dans le 3e arrondissement de Lyon, le dépôt de bus des Pins, qui réunit 335 collaboratrices et collaborateurs, dont 300 conductrices et conducteurs, ouvrira ses portes pour faire découvrir au public un site historique du réseau TCL, au coeur des transformations engagées pour une mobilité plus durable.  
La visite permettra de découvrir les coulisses du parc de stationnement des bus, de l’atelier de maintenance et de la recharge des véhicules électriques. Le site accueille 110 véhicules, dont 20 bus 100 % électriques et 10 trolleybus IMC, qui transportent chaque jour près de 90 000 voyageurs.  

*   **Informations complémentaires :**

*   Horaires des visites : 10h00, 10h45, 11h30, 14h00, 14h45, 15h30 et 16h15. Fin de la dernière visite à 17h15
    
*   Durée moyenne d'une visite : 1h
    
*   Inscription gratuite en ligne obligatoire à partir du lundi 31 août, dans la limite des places disponibles
    
*   Pièce d'identité exigée à l'entrée
    
*   Port de chaussures plates et fermées obligatoires.
    
*   Les enfants sont sous la responsabilité des parents à qui ils devront tenir la main en raison des risques inhérents à la visite d’un atelier : présence de véhicules en mouvement, d'outillage, risque de chute...
    
*   Pour des raisons d’organisation, toute personne arrivant en retard ne pourra participer à la visite. Nous vous remercions de votre compréhension.",2026-09-19 10:00:00+02:00,2026-09-19 17:00:00+02:00,Dépôt bus des Pins,Lyon,"98 avenue Lacassagne, 69003 Lyon",Journées européennes du patrimoine 2026 - Auvergne – Rhône-Alpes
13662733,Ouverture de l'appartement témoin des Gratte-Ciel,"Ancienne loge de gardien, cet appartement typique des années 1930 et aménagé dans l’esprit de l’époque, vous ouvre exceptionnellement ses portes à l’occasion des Journées européennes du patrimoine. !…","Ancienne loge de gardien, cet appartement typique des années 1930 et aménagé dans l’esprit de l’époque, vous ouvre exceptionnellement ses portes à l’occasion des Journées européennes du patrimoine. Reflétant les modes de vies d’alors, c’est un voyage dans le temps qui vous est proposé…bienvenue aux Gratte-ciel !  
Visite libre  
L'appartement sera accessible au 15 avenue Henri Barbusse 69100 Villeurbanne - 1er étage.",2026-09-19 10:00:00+02:00,2026-09-19 12:00:00+02:00,Appartement témoin des Gratte-Ciel,Villeurbanne,"15 avenue Henri Barbusse, 69100 Villeurbanne",Journées européennes du patrimoine 2026 - Auvergne – Rhône-Alpes
19088046,Scène ouverte - Festival MUSIC'LY,"La scène ouverte du festival Music’Ly, tenu par l'association étudiante Uclyphonie, offre un espace d’expression libre à tous les artistes, quel que soit leur niveau. Musicien·nes, danseur·euses, ou …","La scène ouverte du festival Music’Ly, tenu par l'association étudiante Uclyphonie, offre un espace d’expression libre à tous les artistes, quel que soit leur niveau. Musicien·nes, danseur·euses, poètes, comédien·nes ou créatif·ves de tous horizons sont invité·es à partager leur talent dans un moment convivial et spontané. Un rendez-vous où la diversité artistique prend toute sa place !  
Les inscriptions pour être participant.e à la scène ouverte débutent en septembre.",2026-09-19 10:00:00+02:00,2026-09-19 18:00:00+02:00,UCLy - Université Catholique de Lyon,Lyon,10 place des archives 69002 Lyon,Journées européennes du patrimoine 2026 - Auvergne – Rhône-Alpes
38095176,L'ancienne prison Saint-Paul devenue université - visite guidée,Journées européennes du patrimoine,"Des visites guidées de 45min sont proposées tout au cours du weekend, animées par des étudiants bénévoles et des membres du personnel de l'UCLy. Deux visites, à 11h et à 15h vous serons proposées en anglais.  
Uniquement sur réservation et dans la limite des places disponibles.",2026-09-19 10:00:00+02:00,2026-09-19 18:00:00+02:00,UCLy - Université Catholique de Lyon,Lyon,10 place des archives 69002 Lyon,Journées européennes du patrimoine 2026 - Auvergne – Rhône-Alpes
40372389,La Chapelle Saint-Joseph,"Visites libres de la la chapelle Saint-Joseph, située au cœur de l’Hôtel de Ville de Caluire et Cuire et jeu-enquête pour les 8-12 ans.","Visites libres de la la chapelle Saint-Joseph, située au cœur de l’Hôtel de Ville de Caluire et Cuire et jeu-enquête pour les 8-12 ans.",2026-09-19 10:00:00+02:00,2026-09-19 12:00:00+02:00,Mairie de Caluire et Cuire,Caluire-et-Cuire,Place du Docteur Dugoujon 69300 Caluire et Cuire,Journées européennes du patrimoine 2026 - Auvergne – Rhône-Alpes
49314887,Exposition permanente Eugène VILLON,Visite libre,Visite libre,2026-09-19 10:00:00+02:00,2026-09-19 12:00:00+02:00,MAIRIE DE CALUIRE ET CUIRE,Caluire-et-Cuire,Place du Docteur Dugoujon 69300,Journées européennes du patrimoine 2026 - Auvergne – Rhône-Alpes
65651624,TCL - Ateliers métro du Thioley : la face cachée de la ligne D et de sa modernisation à venir,"Les ateliers métro du Thioley, à Vénissieux, ouvriront exceptionnellement leurs portes pour mettre en lumière un élément central de la ligne de métro D. Ce site assure la maintenance des 36 rames en …","Les ateliers métro du Thioley, à Vénissieux, ouvriront exceptionnellement leurs portes pour mettre en lumière un élément central de la ligne de métro D. Ce site assure la maintenance des 36 rames automatiques sans conducteur en circulation depuis 1991, garantissant chaque jour leur sécurité, leur performance et leur disponibilité.  
Les visiteurs pourront ainsi mieux comprendre les spécificités techniques de cette ligne emblématique du réseau TCL, ainsi que les opérations indispensables à son bon fonctionnement au quotidien.

*   **Informations complémentaires :**

*   Horaires des visites : 10h00, 10h45, 11h30, 14h00, 14h45, 15h30 et 16h15. Fin de la dernière visite à 17h15
    
*   Durée moyenne d'une visite : 1h
    
*   Inscription gratuite en ligne obligatoire à partir du lundi 31 août, dans la limite des places disponibles
    
*   Pièce d'identité exigée à l'entrée
    
*   Port de chaussures plates et fermées obligatoires.
    
*   Les enfants sont sous la responsabilité des parents à qui ils devront tenir la main en raison des risques inhérents à la visite d’un atelier : présence de véhicules en mouvement, d'outillage, risque de chute...
    
*   Pour des raisons d’organisation, toute personne arrivant en retard ne pourra participer à la visite. Nous vous remercions de votre compréhension.",2026-09-19 10:00:00+02:00,2026-09-19 17:00:00+02:00,Ateliers métro du Thioley,Vénissieux,"41 rue des Frères Amadéo, 69200 Vénissieux",Journées européennes du patrimoine 2026 - Auvergne – Rhône-Alpes
66743977,Visite libre de la chapelle Saint-Marc,Journées européennes du patrimoine 2026.,"À l'occasion des Journées Européennes du Patrimoine, le Lycée Saint-Marc **ouvre exceptionnellement les portes de sa chapelle** les samedi 19 et dimanche 20 septembre.  
Les visiteurs pourront découvrir librement cet édifice remarquable, accompagnés par des bénévoles passionnés qui partageront l'histoire et les richesses patrimoniales du lieu.  
Cette édition mettra particulièrement à l'honneur **les récents travaux de restauration** qui ont permis de révéler à nouveau **deux absidioles dont les fresques avaient été recouvertes dans les années 1960.** Grâce au travail minutieux de Caroline Snyers et de son équipe, ces décors ont retrouvé leur visibilité et leur éclat.  
**La restauration de la rosace** a également permis de redécouvrir toute la beauté de ses vitraux aux couleurs lumineuses.  
Des temps de médiation autour de ces restaurations seront proposés tout au long du week-end.  
Les visiteurs pourront également admirer **l'orgue classé de la chapelle,** qui fera l'objet de petits concerts au cours des journées.",2026-09-19 10:00:00+02:00,2026-09-19 12:30:00+02:00,Lycée Saint-Marc,Lyon,10 rue Sainte Hélène 69002 Lyon,Journées européennes du patrimoine 2026 - Auvergne – Rhône-Alpes
69190515,TCL - Centre de maintenance Tramway de Saint-Priest : dans les coulisses des lignes de tramways,"Le Centre de Maintenance Tramway de Saint-Priest accueille les rames des lignes T1, T2, T5, ainsi que celles de la ligne T6, prolongée jusqu’à La Doua - Gaston Berger depuis le 14 février 2026.","Le Centre de Maintenance Tramway de Saint-Priest accueille les rames des lignes T1, T2, T5, ainsi que celles de la ligne T6, prolongée jusqu’à La Doua - Gaston Berger depuis le 14 février 2026.  
Ce site stratégique permet d’assurer chaque jour la fiabilité, la sécurité et la disponibilité du matériel roulant tramway. La visite offrira une immersion dans l’environnement de travail des 270 conducteurs, des 26 agents de maintenance, de leur encadrement, ainsi que du Poste de Commandement, depuis lequel sont supervisées et régulées au quotidien les lignes exploitées.  
Les visiteurs pourront ainsi découvrir les métiers, les équipements et les savoir-faire indispensables à l’exploitation du réseau tramway, tout en comprenant les enjeux liés au développement et à l’adaptation continue du réseau TCL.

*   **Informations complémentaires :**

*   Horaires des visites : 10h00, 10h45, 11h30, 14h00, 14h45, 15h30 et 16h15. Fin de la dernière visite à 17h15
    
*   Durée moyenne d'une visite : 1h
    
*   Inscription gratuite en ligne obligatoire à partir du lundi 31 août, dans la limite des places disponibles
    
*   Pièce d'identité exigée à l'entrée
    
*   Port de chaussures plates et fermées obligatoires.
    
*   Les enfants sont sous la responsabilité des parents à qui ils devront tenir la main en raison des risques inhérents à la visite d’un atelier : présence de véhicules en mouvement, d'outillage, risque de chute...
    
*   Pour des raisons d’organisation, toute personne arrivant en retard ne pourra participer à la visite. Nous vous remercions de votre compréhension.",2026-09-19 10:00:00+02:00,2026-09-19 17:00:00+02:00,Centre de maintenance tramway de Saint-Priest,Saint-Priest,"Cours du Professeur Jean Bernard, 69800 Saint-Priest",Journées européennes du patrimoine 2026 - Auvergne – Rhône-Alpes
71334638,Guignol vivant : dans les coulisses d’un théâtre en mouvement,"Au cœur du Théâtre Le Guignol de Lyon, Guignol ne se regarde pas derrière une vitrine : il se fabrique, se transforme et se joue au présent. À l’occasion des Journées européennes du patrimoine, la du…","Au cœur du Théâtre Le Guignol de Lyon, Guignol ne se regarde pas derrière une vitrine : il se fabrique, se transforme et se joue au présent. À l’occasion des Journées européennes du patrimoine, poussez la porte du théâtre et découvrez l’envers du castelet.  
Cette visite propose une plongée dans un lieu où la tradition lyonnaise rencontre la création contemporaine. Ateliers, coulisses, marionnettes et secrets de fabrication racontent comment Guignol continue aujourd’hui d’inspirer artistes et publics. Entre patrimoine vivant et expérimentations, la Compagnie M.A. fait du théâtre un espace de recherche, de jeu et d’invention.  
Une occasion rare de découvrir un théâtre où l’histoire se transmet… mais surtout où elle continue de s’écrire.",2026-09-19 10:00:00+02:00,2026-09-19 12:00:00+02:00,Théâtre Le Guignol de Lyon,Lyon,"2 Rue Louis Carrand, 69005 Lyon, France",Journées européennes du patrimoine 2026 - Auvergne – Rhône-Alpes
80597941,"Visite de l'ancien poste d'aiguillage de Lyon-Perrache 1 par l'association Rails et histoire, bâtiment SNCF Réseau","Chargé d’expédier et de recevoir les trains du côté Ouest de la gare, il est désaffecté depuis novembre 2016. Une équipe de passionnés s’attache à lui redonner vie afin de l’ouvrir, par la suite, aux…","Chargé d’expédier et de recevoir les trains du côté Ouest de la gare, il est désaffecté depuis novembre 2016. Une équipe de passionnés s’attache à lui redonner vie afin de l’ouvrir, par la suite, aux visites guidées.  
Le poste 1 de Lyon-Perrache est un témoin exceptionnel des technologies développées et mises en œuvre dans les années 1910 et 1920 dans le monde des chemins de fer.  
L’association a donc décidé de remettre le poste 1 en service… simulé ! : un logiciel informatique dédié et spécialement créé à cet effet, branché sur les installations, simule le passage de trains virtuels, tandis qu’il est capable de détecter les faits et gestes de l’aiguilleur et de réagir en conséquence. Il ne manquer que les trains… Le visiteur peut ainsi, durant quelques minutes ou quelques heures, se mettre dans la peau de l’aiguilleur, et découvrir une partie de ce métier formidable.  
Le projet de simulation se double d’un projet de reconstitution. En effet, depuis quelques décennies, la technologie informatique est omniprésente et les postes d’aiguillage n’y échappent pas : écrans, claviers, créent un masque entre l’aiguilleur et ses collègues… de même qu’avec les visiteurs potentiels.  
Nous avons donc fait le choix de faire faire aux visiteurs une plongée dans les années 1950. Place au papier, encriers et téléphones à cadran ! Et quel plaisir d’entendre, à nouveau, le sifflet des locomotives à vapeur…  
En mai 2022, le poste a obtenu le Grand Prix ""Citoyens du Patrimoine"" de la Ville de Lyon. En septembre 2022, Le poste a obtenu la mention ""Patrimoine Industriel"" du concours ""Patrimoine Aurhalpin"". Le poste a été inscrit, en totalité (poste et cabine) au titre des Monuments historiques le 23 mars 2023.  
La visite se veut pédagogique et accessible à tous les publics.  
La fonction des postes d'aiguillage et des aiguilleurs sera présentée, ainsi qu'un bref historique de leur évolution technologique, afin de comprendre les spécificités du poste 1 de Lyon-Perrache.  
Sont ouverts à la visite la salle des aiguilleurs, au 4ème et dernier étage du poste, ainsi que le troisième étage, qui héberge le combinateur mécanique et une partie des relais électriques de l'installation.  
Les visites guidées, sur réservation obligatoire, durent 50 minutes et commencent toutes les heures entre 10h00 et 12h00 puis entre 14h00 et 18h00 (dernier départ 17h00). Le nombre de places est limité.

L'outil de réservation sera mis en ligne début septembre !",2026-09-19 10:00:00+02:00,2026-09-19 12:00:00+02:00,Ancien poste d'aiguillage de Lyon-Perrache 1,Lyon,2 quai Rambaud 69002 Lyon,Journées européennes du patrimoine 2026 - Auvergne – Rhône-Alpes
82656024,Visites guidées de la crypte de l'église Saint-Nizier,La crypte d'époque mérovingienne a été restaurée et recouverte de mosaïques à la fin du 19e siècle.,"Située sous l'église Saint-Nizier, vous y découvrirez le récit de l'histoire des personnages du 2e siècle représentés sur ses murs.  
Se présenter à l'entrée de l'église Saint-Nizier.",2026-09-19 10:00:00+02:00,2026-09-19 13:00:00+02:00,Église Saint-Nizier,Lyon,"Place Saint-Nizier, 69002 Lyon, France",Journées européennes du patrimoine 2026 - Auvergne – Rhône-Alpes
5594407,Visite de la Chapelle Sainte Croix,Visite accompagnée de la Chapelle Sainte Croix,Visite accompagnée de la Chapelle Sainte Croix et de son ossuaire abritant les restes des lyonnais tués lors la Révolution,2026-09-19 10:00:00+02:00,2026-09-19 12:00:00+02:00,Chapelle Sainte Croix,Lyon,"147 rue de Créqui, 69006 Lyon",Journées européennes du patrimoine 2026 - Auvergne – Rhône-Alpes
7182453,Atelier sculpture en matériaux recyclés - festival MUSIC'LY,Journées européennes du patrimoine,"Transformez de simples bidons en sculptures originales et découvrez comment les matériaux recyclés peuvent devenir de véritables œuvres d’art. Une manière créative de donner une seconde vie aux objets du quotidien.  
A partir de 12 ans.",2026-09-19 10:00:00+02:00,2026-09-19 12:00:00+02:00,UCLy - Université Catholique de Lyon,Lyon,10 place des archives 69002 Lyon,Journées européennes du patrimoine 2026 - Auvergne – Rhône-Alpes
38941023,Ateliers avec Ysore B. artiste en résidence,Journées européennes du patrimoine,"Après une semaine de résidence à l’UCLy, Ysore B. artiste plasticienne, invite les visiteurs à réaliser une grande œuvre collective samedi 19 et dimanche 20 septembre 2026, de 10h à 12h et de 13h à 16h. Sous forme d’atelier pour petits et grands, venez créer une œuvre de plus de 5m au cœur de la Rotonde !  
A partir de 6 ans.",2026-09-19 10:00:00+02:00,2026-09-19 12:00:00+02:00,UCLy - Université Catholique de Lyon,Lyon,10 place des archives 69002 Lyon,Journées européennes du patrimoine 2026 - Auvergne – Rhône-Alpes
49728328,Plongez au coeur de la recherche internationale... et de son histoire en images !,"A l’occasion des Journées européennes du patrimoine, le Centre international de Recherche sur le Cancer (CIRC) vous ouvre exceptionnellement ses portes pour une immersion unique entre science, et la …","A l’occasion des Journées européennes du patrimoine, le Centre international de Recherche sur le Cancer (CIRC) vous ouvre exceptionnellement ses portes pour une immersion unique entre science, histoire et photographie.

Cette année, découvrez la science autrement à travers deux expositions photographiques inédites. La première vous invite à explorer les 60 métiers du CIRC : chercheurs, techniciens, personnels administratifs et bien d’autres profils qui participent, chacun à leur manière, à la recherche sur la prévention du cancer. Une occasion de mettre en lumière la richesse et la diversité des parcours qui font vivre l’institution au quotidien.

La seconde exposition vous propose un voyage visuel à travers les 60 ans d’histoire du CIRC. Grâce à un dispositif en miroir, les images du passé dialoguent avec celles d’aujourd’hui, offrant un regard croisé entre héritage et avenir, et illustrant l’évolution continue du Centre.

Accompagnés de nos équipes, partez ensuite à la découverte de nos laboratoires et de notre biobanque, l’une des plus vastes collections d’échantillons dédiées à la recherche sur le cancer au monde. De l’extraction d’ADN à l’analyse de données à grande échelle, explorez les coulisses des grandes avancées scientifiques.

Au fil de la visite, vous découvrirez également les défis auxquels la recherche est confrontée aujourd’hui. Un domaine en constante évolution, qui doit faire face à de nombreux enjeux et qui, depuis 60 ans, n’a cessé de s’adapter, de résister et de se réinventer. Cette dynamique s’inscrit pleinement dans la volonté du CIRC de s’ouvrir davantage au grand public, car la recherche est un enjeu collectif qui nous concerne tous.

Petits et grands pourront prolonger l’expérience avec des jeux interactifs, des vidéos immersives et des quiz avec surprises à la clé.

Visites en petits groupes tout au long du week-end – réservez votre créneau dès maintenant !  
Inscription obligatoire. Merci d’inscrire chaque participant individuellement. Le jour J, veuillez vous présenter munis de votre pièce d’identité à l’entrée.

Le CIRC est accessible aux personnes à mobilité réduite ou en situation de handicap. Si vous êtes concerné(e), des visites guidées adaptées sont proposées le 19 septembre de 11h à 12h puis de 17h à 18h et le 20 septembre de 11h à 12h puis de 15h à 16h. Merci de nous contacter à l'adresse suivante : [circ60@iarc.who.int](mailto:circ60@iarc.who.int). Nous nous ferons un plaisir de vous assister pour l'organisation de vos visites.

Venez explorer, comprendre et imaginer avec nous la recherche de demain !",2026-09-19 10:00:00+02:00,2026-09-19 12:00:00+02:00,Centre international de Recherche sur le Cancer,Lyon,25 avenue Tony Garnier 69007 Lyon,Journées européennes du patrimoine 2026 - Auvergne – Rhône-Alpes
64117739,Le parc de Gerland,"Venez découvrir cet espace de 20 ha, composé de plusieurs éléments paysagers qui font sa singularité et sa beauté !","Venez découvrir cet espace de 20 ha, composé de plusieurs éléments paysagers qui font sa singularité et sa beauté !  
Inauguré en juillet 2000, le parc de Gerland, œuvre du grand architecte contemporain Michel Corajoud, est un espace composé de plusieurs éléments paysagers qui font sa singularité et sa beauté : une galerie botanique (mégaphorbiaie), un jardin chromatique, des bassins aquatiques, une grande pelouse de 5 ha sans oublier des berges du Rhône gérées comme un espace naturel.",2026-09-19 10:00:00+02:00,2026-09-19 12:00:00+02:00,Parc de Gerland,Lyon,24 allée Pierre de Coubertin 69007 Lyon,Journées européennes du patrimoine 2026 - Auvergne – Rhône-Alpes
83928703,La cressonnière de Vaise,Ne passez pas à côté de cet espace nature à la biodiversité exceptionnelle en plein cœur de Lyon !,"Ne passez pas à côté de cet espace nature à la biodiversité exceptionnelle en plein cœur de Lyon !  
Ancien parc de maison bourgeoise (19ème - début 20ème siècle) transformé ensuite en cressonnière, cet espace est redevenu, depuis l’abandon de son exploitation, une zone humide à la richesse floristique et faunistique unique à Lyon. Habituellement fermée au public pour préserver cet écosystème fragile, ne manquez cette visite sous aucun prétexte !  
(pantalon et chaussures fermées conseillés - Site naturel, non aménagé, difficile d'accès aux personnes à mobilité réduite).",2026-09-19 10:00:00+02:00,2026-09-19 12:00:00+02:00,La cressonnière de Vaise,Lyon,48 Avenue Sidoine Apollinaire 69009 Lyon,Journées européennes du patrimoine 2026 - Auvergne – Rhône-Alpes
26499699,Venez rencontrer les artistes du Salon de l’Ouest Lyonnais,"Osez le lâcher prise, laissez-vous emporter par la richesse de la création. La visite de la nouvelle exposition SOL’ART 2026 vous permettra de céder à une émotion artistique enrichie par d’un d’art. …","Osez le lâcher prise, laissez-vous emporter par la richesse de la création. La visite de la nouvelle exposition SOL’ART 2026 vous permettra de céder à une émotion artistique enrichie par l’accompagnement d’un artiste, historien d’art. La compréhension d’une démarche artistique permet de développer sa sensibilité et d’aborder un domaine d’une richesse insoupçonnée.  
À l’Espace culturel L’Atrium, salle Marivaux  
Par l’association Salon de l’Ouest Lyonnais  
Durée : 45min  
Gratuit et sans réservation (pour un maximum de 10 personnes)",2026-09-19 10:00:00+02:00,2026-09-19 10:45:00+02:00,Espace culturel L'Atrium,Tassin-la-Demi-Lune,"35 Av. du 8 Mai 1945, 69160 Tassin-la-Demi-Lune",Journées européennes du patrimoine 2026 - Auvergne – Rhône-Alpes
22860147,Visite guidée de l’exposition Elles et les Luttes,Journées européennes du patrimoine,"Une visite guidée de 1h30, animée par Maxime Sermet, pour découvrir l’histoire des femmes de la TASE à travers des images d’archives, des témoignages audio et vidéo, ainsi que les œuvres réalisées par l’atelier de surcyclage du CCO.  
La visite débute sous la verrière de l’usine TASE, se poursuit dans la Petite Cité ouvrière puis dans l’ancien foyer de jeunes filles Jeanne d’Arc, avant de s’achever dans le parc du Hérisson, aménagé à proximité de l’ancien foyer.  
En 1h30, plongez dans l’histoire de celles qui ont contribué à faire vivre la TASE et découvrez le fruit de deux années de recherches historiques et de création artistique. Les œuvres textiles de l’atelier de surcyclage du CCO, mené par Tina Marais, offrent un regard sensible et contemporain sur cette mémoire féminine.",2026-09-19 10:00:00+02:00,2026-09-19 11:30:00+02:00,Usine TASE,Vaulx-en-Velin,8 Allée du textile 69120 Vaulx-en-Velin,Journées européennes du patrimoine 2026 - Auvergne – Rhône-Alpes
68498467,Visite guidée des Serres Municipales,Roseraie de Saint- Clair : jardin des roses du Monde,"**Roseraie de Saint- Clair : jardin des roses du Monde**  
La roseraie de St Clair, Jardin des Roses du Monde, labellisée en 2023 Conservatoire des Collections Végétales Spécialisées, est composée de 270 taxons de rosier.  
Outre les aspects botaniques, le visiteur pourra apprécier la beauté d'un site très ouvert, bordé à l'Est par le Rhône et la Cité Internationale, à l’Ouest par les Monts d’Or, et au Sud par une belle perspective.",2026-09-19 10:00:00+02:00,2026-09-19 11:00:00+02:00,Roseraie de Saint Clair,Caluire-et-Cuire,116 chemin de Wette Fays 69300 Caluire et Cuire,Journées européennes du patrimoine 2026 - Auvergne – Rhône-Alpes
23882847,Visites guidées de l'église SAINT NIZIER,"Visites guidées de l'église à travers son histoire au coeur de la cité, entre Rhône et Saône.","Au coeur de la presqu'ile de Lyon, l'église Saint-Nizier, de style gothique flamboyant, vous émerveillera par la beauté de son architecture et de ses oeuvres d'art, sculptures, tableaux et vitraux.  
Son origine remonte au 2e siècle, aux temps des Premiers Chrétiens.  
Visites de l'intérieur de l'église, restauré en 2025, de la façade et de la crypte.  
Se présenter à l'entrée de l'église où vous serez accueillis.",2026-09-19 10:00:00+02:00,2026-09-19 13:00:00+02:00,Église Saint-Nizier,Lyon,"Place Saint-Nizier, 69002 Lyon, France",Journées européennes du patrimoine 2026 - Auvergne – Rhône-Alpes
35532270,"L'Ile Barbe, 2000 ans d'Histoire",Évocation du destin remarquable de l'Ile Barbe. Des premiers occupants celtes à nos jours.,"Évocation du destin remarquable de l'Ile Barbe. Des premiers occupants celtes à nos jours.  
Description de la vie du monastère au moyen âge, découverte des Vestiges de l'abbaye royale, les légendes de l'Ile, la chapelle Notre Dame de l’Île et les récentes fouilles archéologiques.",2026-09-19 10:00:00+02:00,2026-09-19 16:30:00+02:00,"L'île Barbe, Saint Rambert",Lyon,Place Henri Barbusse 69009 Lyon,Journées européennes du patrimoine 2026 - Auvergne – Rhône-Alpes
57734090,Histoire du Parc zoologique de Lyon,"Voyagez dans le temps au cœur du Parc zoologique de Lyon ! Venez découvrir ses origines, son évolution et son avenir.","Voyagez dans le temps au cœur du Parc zoologique de Lyon ! Venez découvrir ses origines, son évolution et son avenir.  
Suivez l’évolution du Parc zoologique de Lyon, un héritage de presque 170 ans. De la cage de l’ours Martin au bâtiment Forêt d’Asie, ce zoo représente à travers ses collections, son histoire, sa gestion et ses bâtiments, les différentes étapes du rapport de l’humain envers la nature. Une visite pour comprendre le passé des zoos et aussi leur futur.",2026-09-19 10:00:00+02:00,2026-09-19 11:30:00+02:00,Parc zoologique de Lyon Parc de la Tête d'or,Saint-Genis-Laval,avenue des belges 69006 Lyon,Journées européennes du patrimoine 2026 - Auvergne – Rhône-Alpes
75780799,Un regard sur Couzon au mont d'or et les Couzonnais à travers deux siècles de photographies,Journées européennes du patrimoine,"Voyagez dans le temps avec l’aide de l’intelligence artificielle, partez à la découverte de l’évolution du village et à la rencontre des habitants dans ce passé-présent revisité.  
Présentation d’une collection exceptionnelle de photos du village retraçant l’évolutions des quartiers, de nos modes de vie depuis les bouleversements structurels des XIX et XX siècle jusqu’à nos jours; ainsi qu’une galerie de portraits de couzonnais.  
Participez aussi à cette exposition, en postant sur une fresque participative votre portrait ou votre photo préférée du village !",2026-09-19 10:00:00+02:00,2026-09-19 19:00:00+02:00,Salle des fêtes,Couzon-au-Mont-d'Or,rue pierre dupont 69270 Couzon-au-Mont-d'Or,Journées européennes du patrimoine 2026 - Auvergne – Rhône-Alpes
94694883,Présentation de documents d'archives,Trésors d'archives,"Trésors d'archives
------------------

Découvrez quelques documents d'exception conservés par les Archives de Lyon  
[En savoir +](https://www.archives-lyon.fr/evenements/journees-europeennes-du-patrimoine)",2026-09-19 10:00:00+02:00,2026-09-19 19:00:00+02:00,Archives de Lyon,Lyon,"1 Place des Archives, 69002 Lyon, France",Journées européennes du patrimoine 2026 - Auvergne – Rhône-Alpes
17164703,Exposition du prix de Paris & Ouverture de l'Ecole des beaux-arts de Lyon,\-Exposition des oeuvres réalisées pour le prix de Paris avec la médiation des diplômé·es.,"\-Exposition des oeuvres réalisées pour le prix de Paris avec la médiation des diplômé·es.  
Créé en 1876, le prix de Paris est la distinction la plus prestigieuse de l’École nationale supérieure des beaux-arts de Lyon. Cette exposition vous invite à découvrir les oeuvres réalisées pour l'occasion par les tout jeunes diplômé·es en DNSEP/Master Art de l'Ecole tout en parcourant le site patrimonial de l'Ensba.  
\-Visites libres,  
\-Visites guidées.",2026-09-19 10:00:00+02:00,2026-09-19 18:00:00+02:00,"Ecole nationale supérieure des beaux-arts de Lyon,",Lyon,"8 bis quai St Vincent, 69001 LYON",Journées européennes du patrimoine 2026 - Auvergne – Rhône-Alpes
32207780,"Exposition « Voyages en cité, 1973-1990 : vivre dans les quartiers
populaires »","Tout au long de la journée, profitez librement des espaces du musée, avec","Tout au long de la journée, profitez librement des espaces du musée, avec  
l’exposition « Voyages en cité, 1973-1990 : vivre dans les quartiers  
populaires » en accès libre et gratuit.  
Véritable invitation au(x) voyage(s) à travers plusieurs quartiers populaires  
et villes de l’agglomération lyonnaise, il s’agit à la fois d’un voyage dans le  
temps – de 1973, date du premier choc pétrolier, à 1990 qui voit la création  
du ministère de la Ville –, et d’un voyage dans l’espace de la métropole  
lyonnaise, à la rencontre de la diversité de ses quartiers populaires.",2026-09-19 10:00:00+02:00,2026-09-19 18:00:00+02:00,Cité Musée Tony Garnier,Lyon,4 rue des Serpollières 690008 Lyon,Journées européennes du patrimoine 2026 - Auvergne – Rhône-Alpes
54492181,Visite de l'église luthérienne,Visite de l'église luthérienne,"Visite de l'église luthérienne
------------------------------

L’existence au XIXème siècle d’un axe routier entre le sud de l’Allemagne via la Suisse et Lyon a fait de Lyon une plaque tournante du commerce entre le nord et le sud de l’Europe. Au fil du temps une petite communauté de négociants, d’artisans, de domestiques d’origine allemande, suisse, alsacienne ou montbéliardaise se constitue progressivement dans la cité lyonnaise. C’est à cette communauté qu’est initialement dédiée l’Église luthérienne de Lyon construite par l’architecte CLERMONT et inaugurée en 1893.",2026-09-19 10:00:00+02:00,2026-09-19 18:00:00+02:00,Eglise luthérienne,Lyon,12 rue Fénélon 69006 LYON,Journées européennes du patrimoine 2026 - Auvergne – Rhône-Alpes
90085973,Découverte de l'atelier de photographie des Archives de Lyon,Un photographe aux Archives ?,"Un photographe aux Archives ?
-----------------------------

Découvrez un métier pas tout à fait comme les autres !  
[En savoir +](https://www.archives-lyon.fr/evenements/journees-europeennes-du-patrimoine)",2026-09-19 10:00:00+02:00,2026-09-19 18:00:00+02:00,Archives de Lyon,Lyon,"1 Place des Archives, 69002 Lyon, France",Journées européennes du patrimoine 2026 - Auvergne – Rhône-Alpes
51058659,"Visite libre de la Classe-musée de la Plaine (Lyon 8ème), avec une exposition ""La Géographie en images"".",La Classe-musée de la Plaine a été inaugurée en 2000. Elle est située dans le 8ème arrondissement de Lyon et fonctionne grâce aux bénévoles volontaires qui l’animent.,"La Classe-musée de la Plaine a été inaugurée en 2000. Elle est située dans le 8ème arrondissement de Lyon et fonctionne grâce aux bénévoles volontaires qui l’animent.  
Notre musée occupe une salle de classe dans l’école Jean Macé, datant de 1887, par convention avec la ville de Lyon.  
Outre l’aspect conservatoire d’objets et de matériels scolaires, la Classe-musée reçoit une quarantaine de classes pendant l’année scolaire, essentiellement CP et CE1 venant de Lyon et de la Métropole de Lyon, et leur propose des visites et des ateliers (observation, découverte du matériel de l’écolier, écriture à l’encre, quizz…) en lien avec leur programme scolaire.",2026-09-19 10:00:00+02:00,2026-09-19 12:30:00+02:00,Classe-musée de la Plaine,Lyon,1 rue Général André 69008 Lyon,Journées européennes du patrimoine 2026 - Auvergne – Rhône-Alpes
82162472,Visites commentées des coulisses des Archives de Lyon,Visite commentée,"Visite commentée
----------------

Suivez-nous à la découverte des trésors conservés et découvrez l'envers du décor du métier d'archivisite.  
[En savoir +](https://www.archives-lyon.fr/evenements/journees-europeennes-du-patrimoine)",2026-09-19 10:00:00+02:00,2026-09-19 17:30:00+02:00,Archives de Lyon,Lyon,"1 Place des Archives, 69002 Lyon, France",Journées européennes du patrimoine 2026 - Auvergne – Rhône-Alpes
91781079,Visite du musée des Outils d'Antan Dardilly,Venez découvrir les métiers et la vie quotidienne d'autrefois,"Venez découvrir les métiers et la vie quotidienne d'autrefois  
dans une dizaine de salles contenant environ 1000 outils .",2026-09-19 10:00:00+02:00,2026-09-19 12:00:00+02:00,Fort du Paillet,Dardilly,Chemin du Fort 69570 DARDILLY,Journées européennes du patrimoine 2026 - Auvergne – Rhône-Alpes
98098914,17 Objectifs de Développement durable illustrés,"### Cette exposition est née de la volonté de faire découvrir les Objectifs de développement durable à travers l’illustration, un langage visuel capable de rendre accessibles et vivantes des idées a…","### Cette exposition est née de la volonté de faire découvrir les Objectifs de développement durable à travers l’illustration, un langage visuel capable de rendre accessibles et vivantes des idées complexes. **Le Gran Salón México**, a sélectionné dix-sept illustrateurs et illustratrices du Mexique, d’Espagne, du Venezuela, d’Argentine, du Chili et d’Uruguay dont les œuvres témoignent de l’extraordinaire effervescence qui anime aujourd’hui l’illustration dans le monde hispanique. Elles révèlent une mosaïque de regards, de sensibilités et d’écritures visuelles, où se déploie une grande richesse d’expressions tant techniques que formelles.",2026-09-19 10:00:00+02:00,2026-09-19 17:30:00+02:00,Instituto Cervantes,Lyon,58 montée de Choulans 69005 LYON,Journées européennes du patrimoine 2026 - Auvergne – Rhône-Alpes
5421710,Visite du fond ancien de la Bibliothèque Universitaire,Journées européennes du patrimoine,"La bibliothèque vous ouvre exceptionnellement les portes de sa réserve patrimoniale. À travers une sélection d’ouvrages rarespluricentenaires, une sélection d’ouvrages endommagés fait partie d’un projet de restauration soutenu par la Fondation Patrimoine. Cette visite vous permettra d’explorer les espaces de conservation et d’admirer manuscrits, incunables, éditions lyonnaises du XVIe siècle, reliures anciennes et autres trésors témoins de l’histoire du livre.",2026-09-19 10:00:00+02:00,2026-09-19 17:00:00+02:00,UCLy - Université Catholique de Lyon,Lyon,10 place des archives 69002 Lyon,Journées européennes du patrimoine 2026 - Auvergne – Rhône-Alpes
15169472,À travers l'objectif,Venez en famille et entre amis pour découvri les secrets de la photographie.,"Venez en famille et entre amis pour découvri les secrets de la photographie.

*   Comment fonctionnent les appareils photo ?
*   Pourquoi a-t-on besoin de lumière pour prendre une photo ?
*   Pourquoi l'image apparaît-elle à l'envers dans une lentille ? et comment la voir à l'endroit ?
*   Qu'est-ce qu'une _camera obscura_ et un sténopé ?

Une activité ludique et interactive pour expérimenter, comprendre et s'émerveiller en découvrant la science qui se cache derrière chaque photographie.

Lien : [https://www.ebulliscience.com/event/jep-photographie-2026/](https://www.ebulliscience.com/event/jep-photographie-2026/)",2026-09-19 10:00:00+02:00,2026-09-19 17:00:00+02:00,Ebulliscience,Vaulx-en-Velin,12 rue des Onchères 69120 Vaulx-en-Velin,Journées européennes du patrimoine 2026 - Auvergne – Rhône-Alpes
37533467,Des lieux pour soigner : histoire d'un hôpital psychiatrique,"Une balade à travers le site de cet hôpital encore en activité. Créé en 1824 sur le site du château de Champagneux par les frères de Saint Jean de Dieu, l'hôpital s'est transformé au fil des adaptant…","Une balade à travers le site de cet hôpital encore en activité. Créé en 1824 sur le site du château de Champagneux par les frères de Saint Jean de Dieu, l'hôpital s'est transformé au fil des décennies, adaptant les lieux et les modes de soin aux attentes d'une société en mouvement. La visite s'achèvera par la découverte de l'exposition temporaire du moment : ""Coudre son histoire"".",2026-09-19 10:00:00+02:00,2026-09-19 11:30:00+02:00,Hôpital Saint Jean de Dieu,Vénissieux,290 route de Vienne 69008 Lyon,Journées européennes du patrimoine 2026 - Auvergne – Rhône-Alpes
47297708,Visite guidée des archives municipales,"Le local des archives étant maintenu à basse température pour la conservation des documents, il est recommandé de prévoir un vêtement chaud.","Le local des archives étant maintenu à basse température pour la conservation des documents, il est recommandé de prévoir un vêtement chaud.",2026-09-19 10:00:00+02:00,2026-09-19 11:00:00+02:00,Médiathèque Bernard Pivot,Caluire-et-Cuire,1 place du Docteur Frédéric Dugoujon 69300 Caluire et Cuire,Journées européennes du patrimoine 2026 - Auvergne – Rhône-Alpes
47809911,Visite de la bibliothèque de la Société Linnéenne de Lyon,Visite de la bibliothèque de la Société Linnéenne de Lyon,"La visite permettra de découvrir la grande bibliothèque historique de la Linnéenne, l'histoire de Linné et des sociétés linnéennes qu'il a créé à travers le monde. Plusieurs choix sont proposés. Il y aura des expositions pour les enfants et leurs parents sur les sciences de la terre, avec des minéraux, des météorites, des morceaux de fossiles de dinosaures ou de mammouth. Vous pourrez découvrir les collections d'insectes ou de végétaux.",2026-09-19 10:00:00+02:00,2026-09-19 17:00:00+02:00,Mairie du 6e arr de Lyon,Lyon,33 rue Bossuet 69006 Lyon,Journées européennes du patrimoine 2026 - Auvergne – Rhône-Alpes
87895900,Visite de la résidence pionnière d’habitat coopératif et écologique : Chamarel Les Barges,Visite de la résidence pionnière d’habitat coopératif et écologique : Chamarel Les Barges,"Visite de la résidence pionnière d’habitat coopératif et écologique : Chamarel Les Barges  
Visite architecture contemporaine début XXI siècle  
Visite expliquée du bâtiment, des appartements, des locaux communs, du jardin de la coopérative Chamarel « Les Barges ». Détail des innovations écologiques du bâtiment. Présentation du fonctionnement et des principes d'une coopérative d'habitants.  
Créée par des retraités souhaitant « bien vieillir ensemble », cette coopérative d’habitants repose sur plusieurs valeurs et principes : Autogestion, autonomie, solidarité, entraide, lutte contre la spéculation immobilière, écologie, éducation populaire.  
La résidence Chamarel Les Barges est située à Vaulx-en-Velin, dans la métropole de Lyon, inauguré le 29 septembre 2017.",2026-09-19 10:00:00+02:00,2026-09-19 12:00:00+02:00,Chamarel les Barges,Vaulx-en-Velin,"10 Rue du 19 Mars 1962, 69120 Vaulx-en-Velin",Journées européennes du patrimoine 2026 - Auvergne – Rhône-Alpes
90156666,Visite guidée Médiathèque Bernard Pivot,"Découverte de l'architecture, des réserves, de la salle dédiée aux équipements documentaires, des robots et du robot-trieur.","Découverte de l'architecture, des réserves, de la salle dédiée aux équipements documentaires, des robots et du robot-trieur.",2026-09-19 10:00:00+02:00,2026-09-19 11:00:00+02:00,Médiathéque Bernard Pivot,Caluire-et-Cuire,1 place du Docteur Frédéric Dugoujon 69300 Caluire-et-Cuire,Journées européennes du patrimoine 2026 - Auvergne – Rhône-Alpes
48365713,Balade historique du Couvent de la Déserte au Jardin des Plantes,"Découvrez l'histoire du Couvent de la Déserte, la transformation de la Place Sathonay et des bâtiments alentours suivie d'une découverte historique et botanique du Jardin des Plantes.","Découvrez l'histoire du Couvent de la Déserte, la transformation de la Place Sathonay et des bâtiments alentours suivie d'une découverte historique et botanique du Jardin des Plantes.",2026-09-19 10:00:00+02:00,2026-09-19 10:45:00+02:00,Place Sathonay,Lyon,place Sathonay 69001 Lyon,Journées européennes du patrimoine 2026 - Auvergne – Rhône-Alpes
38712927,Portes ouvertes - Éveha Archéologie Lyon,Journées européennes du patrimoine,"L’équipe d'archéologues Éveha de l’agence de Lyon invite petits et grands, à découvrir les coulisses de l’archéologie préventive et à explorer les multiples facettes de ce métier passionnant.  
Qu’est-ce que l’archéologie préventive ? Comment se déroule une opération d’archéologie depuis la fouille jusqu’au rendu du rapport ? Quel est le rôle d’un responsable d’opération, d'un topographe géomaticien ? Comment étudie-t-on des vestiges enfouis ? Qui se cache derrière le mystérieux acronyme « GAF » ? Qui étudie les céramiques ou les ossements humains ?  
Autant de questions auxquelles nos collègues lyonnais, passionnés et enthousiastes, répondront tout au long de cette journée. Bref, un véritable voyage au cœur de nos savoir-faire archéologiques !  
Le samedi 19 septembre, à l’occasion des Journées Européennes du Patrimoine 2026, venez découvrir comment travaillent nos spécialistes, leur mode opératoire et leurs plus grandes découvertes !  
En famille, place au jeu ! Des espaces ludiques, et notamment nos caisses des « experts », attendront les jeunes et les moins jeunes pour s’initier aux méthodes de fouille tout en s’amusant !",2026-09-19 10:00:00+02:00,2026-09-19 11:30:00+02:00,Éveha Bureau d'Études Archéologiques -,Décines-Charpieu,"87 Avenue des Bruyères, 69150 Décines-Charpieu",Journées européennes du patrimoine 2026 - Auvergne – Rhône-Alpes
13157093,Le domaine Rockefeller : une belle histoire de la santé à Lyon,"Le domaine Rockefeller accueille la formation des étudiants en Santé depuis 1930. Une visite guidée des locaux vous permettra de découvrir l’histoire insolite de ce lieu, témoin de découvertes et de…","Le domaine Rockefeller accueille la formation des étudiants en Santé depuis 1930. Une visite guidée des locaux vous permettra de découvrir l’histoire insolite de ce lieu, témoin de découvertes médicales et décor de tournage de films ou séries.",2026-09-19 10:00:00+02:00,2026-09-19 16:00:00+02:00,Faculté Rockefeller,Lyon,8 Avenue Rockefeller 69008 Lyon,Journées européennes du patrimoine 2026 - Auvergne – Rhône-Alpes
99212953,Journée Portes Ouvertes,Exposition sur les 90 ans de la fondation du Front Populaire,"**Le Palais du Travail a été inauguré en 1936. Profitons de cette date anniversaire pour faire un rappel sur les 90 ans du Front Populaire, ses conquêtes... ce qu'il en reste et comment les faire vivre aujourd'hui comme dans l'avenir.**",2026-09-19 10:00:00+02:00,2026-09-19 16:00:00+02:00,Palais du Travail Villeurbanne,Villeurbanne,9 Place du Docteur Lazare Goujon 69100 Villeurbanne,Journées européennes du patrimoine 2026 - Auvergne – Rhône-Alpes
82379662,Les SECRETS des portails de la cathédrale Saint-Jean,Les SECRETS des portails de la cathédrale Saint-Jean,"**Les SECRETS des portails de la cathédrale Saint-Jean**  
Des centaines de bas-reliefs sculptés ornent les soubassements des portails depuis le début du XIVe siècle.  
À première vue décoratifs, ils composent pourtant un immense récit de pierre, énigmatique et fascinant.  
Au fil de la visite, découvrez le sens caché voulu par les commanditaires de cet ensemble monumental.  
Car ces médaillons forment un véritable livre… encore faut-il savoir remettre les pages dans le bon ordre.  
Départ depuis notre association la Renaissance du Vieux Lyon située au 50 rue St Jean, 10 mn avant.  
Durée de la visite 30 mn.  
Groupe de 6 personnes maximum.",2026-09-19 10:00:00+02:00,2026-09-19 10:30:00+02:00,Association Renaissance du Vieux-Lyon,Lyon,50 rue Saint- Jean 69005 Lyon,Journées européennes du patrimoine 2026 - Auvergne – Rhône-Alpes
194397,Atelier dégustation avec l'association Miel - festival MUSIC'LY,Journées européennes du patrimoine,"L’association se mobilise depuis plusieurs années pour réussir à installer des ruches sur le toit du campus Saint-Paul, ce qui est aujourd’hui chose faite. Pour Music’ly, Miel proposera un atelier qui régalera vos papilles à travers une dégustation de miel, tout en prenant le temps de détailler le chemin de la fabrication de Miel.",2026-09-19 10:00:00+02:00,2026-09-19 13:00:00+02:00,UCLy - Université Catholique de Lyon,Lyon,10 place des archives 69002 Lyon,Journées européennes du patrimoine 2026 - Auvergne – Rhône-Alpes
58322345,Jeu de plateau Run'Artis : découvrez les trésors de la culture lyonnaise - Festival Music'ly,Journées européennes du patrimoine,"Devenez le gardien d’une institution culturelle lyonnaise et enrichissez votre patrimoine en collectionnant des œuvres variées : peintures, sculptures, spectacles et bien plus encore. Un jeu de plateau imaginé par les étudiants de Lettres, parcours Métiers de la culture, à l’occasion des 150 ans de l’UCLy.  
A partir de 8 ans.",2026-09-19 10:00:00+02:00,2026-09-19 13:00:00+02:00,UCLy - Université Catholique de Lyon,Lyon,10 place des archives 69002 Lyon,Journées européennes du patrimoine 2026 - Auvergne – Rhône-Alpes
84843339,Exposition « (EXTRA)ORDINAIRE »,Journées européennes du patrimoine,"L’exposition « (Extra)ordinaire », présentée du 2 au 26 septembre 2026 à L’Atrium, met à l'honneur la mémoire vivante des Tassilunois — du centre-ville au bourg, du travailleur à l'étudiant — à travers des textes et des photographies de Laurence Papoutchian. Nos quotidiens, nos lieux, nos habitudes et nos liens forment ensemble quelque chose d'unique : l'identité de Tassin la Demi-Lune aujourd’hui.  
À l’Espace culturel L’Atrium, salle Darnas  
Horaire : de 10h à 13h  
Gratuit sans réservation",2026-09-19 10:00:00+02:00,2026-09-19 13:00:00+02:00,Espace culturel L'Atrium,Tassin-la-Demi-Lune,"35 Av. du 8 Mai 1945, 69160 Tassin-la-Demi-Lune",Journées européennes du patrimoine 2026 - Auvergne – Rhône-Alpes
5074658,Visite guidée des ateliers d'impression sur soie de la Maison Brochier Soieries,"L’atelier d’impression Brochier Soieries vous invite à découvrir ses savoir-faire traditionnels : impression au cadre à la lyonnaise, panne de velours de soie peinte à la main et impression à la Cet…","L’atelier d’impression Brochier Soieries vous invite à découvrir ses savoir-faire traditionnels : impression au cadre à la lyonnaise, panne de velours de soie peinte à la main et impression à la planche. Cet atelier d’impression sur soie est le dernier atelier en France en activité à perpétuer manuellement ce procédé traditionnel inventé à Lyon en 1920 et longtemps employé par les manufactures lyonnaises pour la réalisation d’impressions sur étoffe. Forts de 3 000 cadres, dont certains datent de 1950, ils réalisent des graphismes varies et combinons tradition et modernité.",2026-09-19 10:00:00+02:00,2026-09-19 11:00:00+02:00,L'Atelier de soierie,Lyon,33 rue romarin 69001 Lyon,Journées européennes du patrimoine 2026 - Auvergne – Rhône-Alpes
3880805,Balade: Sur les pas de René Leynaud,Sur les pas de René Leynaud,"_Sur les pas de René Leynaud_
-----------------------------

Le Théâtre des Marronniers propose un parcours-évocation autour de la place Bellecour, reliant divers lieux liés à la vie du poète, journaliste et résistant René Leynaud, assassiné par les nazis en 1944.  
Avec l'écrivain Michel Kneubuhler et le comédien Damien Gouy  
Accueil à partir de 9h30 au foyer du théâtre.  
Départ à 10h, durée 2h00 / Tarif unique 5€",2026-09-19 10:00:00+02:00,2026-09-19 12:00:00+02:00,Théâtre des Marronniers,Lyon,"7 Rue des Marronniers, 69002 Lyon, France",Journées européennes du patrimoine 2026 - Auvergne – Rhône-Alpes
10197959,"Atelier nomade ""Carnet de voyage"", aquarelle et fusain dans le site Saint-Paul - festival MUSIC'LY",Journées européennes du patrimoine,"Parcourez le campus Saint-Paul, carnet à la main, et laissez-vous inspirer par la transformation de cette ancienne prison en un lieu de savoir, de recherche et de formation.",2026-09-19 10:00:00+02:00,2026-09-19 12:00:00+02:00,UCLy - Université Catholique de Lyon,Lyon,10 place des archives 69002 Lyon,Journées européennes du patrimoine 2026 - Auvergne – Rhône-Alpes
20139193,Visite guidée « Découverte des lieux de l’ancien Château comtal de Tassin la Demi-Lune »,"Rendez-vous à 10h00 au parvis de l’église Saint-Claude du Bourg de Tassin la Demi-Lune, pour visiter le domaine où se trouvait auparavant le Château comtal. Les participants auront la possibilité aux…","Rendez-vous à 10h00 au parvis de l’église Saint-Claude du Bourg de Tassin la Demi-Lune, pour visiter le domaine où se trouvait auparavant le Château comtal. Les participants auront la possibilité d’accéder aux deux propriétés privées du domaine et découvrirons la riche histoire des lieux.  
Hors les murs  
Par le Groupe de Recherches Historiques de Tassin la Demi-Lune  
Horaire : à 10h00  
Durée : 2h  
Gratuit, sur réservation auprès du service de l’Espace culturel L’Atrium ([atrium@villetassinlademilune.fr](mailto:atrium@villetassinlademilune.fr) ou 04 78 34 70 07)",2026-09-19 10:00:00+02:00,2026-09-19 12:00:00+02:00,Parvis de l'eglise Saint Claude,Tassin-la-Demi-Lune,"83 Avenue du Docteur Laurent, 69160 Tassin la Demi-Lune",Journées européennes du patrimoine 2026 - Auvergne – Rhône-Alpes
46459888,"Découverte du patrimoine historique des locaux de la Bourse du Travail avec Yannis COSMAS, historien de l'art.","Fresques rue de crequi, salle Atruim et salle de spectacle Bourse du Travail","**Fresques rue de crequi, salle Atruim et salle de spectacle Bourse du Travail**  
Visite commentée par Mr Cosmas Yannis, Historien d'art, de la fresque rue de créqui, des differentes fresques de la salle de l'Atruim et de la fresque de la salle de Spectacle.  
Deux créneaux le samedi 19 septembre : 10H00-11h00 et 11h00-12h00  
il est recommandé de s'inscrire, mais les personnes non inscrites seront acceptés dans la limite des places disponibles.",2026-09-19 10:00:00+02:00,2026-09-19 11:00:00+02:00,La Bourse du travail,Lyon,"Place Guichard, 69003 Lyon, France",Journées européennes du patrimoine 2026 - Auvergne – Rhône-Alpes
61436560,Jeu de piste dans les rues de Lyon,Plongez dans les mystères de Lyon avec un jeu de piste inédit !,"**Plongez dans les mystères de Lyon avec un jeu de piste inédit !**
-------------------------------------------------------------------

### À l’occasion des Journées Européennes du Patrimoine, Histoire d’Aventure vous invite à découvrir le patrimoine architectural et ésotérique de Lyon à travers un jeu de piste, au départ de la basilique de Fourvière.

Lyon, 1900.  
La cité des Gaules est le théâtre de mystères, d’initiations et de secrets.  
Dans les hauteurs de la ville, Jean-Marcellin, herboriste passionné, cultive ses plantes médicinales… Jusqu’à ce qu’un soir, le petit Joseph frappe à sa porte : sa mère est en danger, et Jean-Marcellin a besoin d’aide.  
Votre mission :  
Parcourez les ruelles du Vieux Lyon et ses bâtiments emblématiques pour retrouver les éléments nécessaires à la préparation du remède. Au fil des énigmes, vous lèverez le voile sur l’histoire cachée de la ville, entre architecture sacrée et croyances oubliées...  
**Lieu de rendez-vous :** parvis de la basilique de Fourvière  
**Réservations** : [www.histoiredaventure.fr/produit/jeu-de-piste-journees-du-patrimoine](http://www.histoiredaventure.fr/produit/jeu-de-piste-journees-du-patrimoine)",2026-09-19 10:00:00+02:00,2026-09-19 12:00:00+02:00,Parvis de la basilique de Fourvière,Lyon,8 place de Fourvière 69005 Lyon,Journées européennes du patrimoine 2026 - Auvergne – Rhône-Alpes
65711631,"Du patrimoine local et régional, au patrimoine culturel européen","Présentation d’ouvrages sur l’histoire locale et de la région,","Présentation d’ouvrages sur l’histoire locale et de la région,  
Patrimoine des villes jumelles de Feyzin : Barton au Royaume Uni, Gondomar au Portugal, Laupheim en Allemagne  
Capitales européennes de la culture : Oulu (Finlande) et Trenčín (Slovaquie)",2026-09-19 10:00:00+02:00,2026-09-19 12:00:00+02:00,Place Louis Grenier à Feyzin,Feyzin,Place Louis Grenier 69320 Feyzin,Journées européennes du patrimoine 2026 - Auvergne – Rhône-Alpes
69724585,Atelier de théâtre,"Proposé par Véronique Balmont, intervenante théâtre","Proposé par Véronique Balmont, intervenante théâtre  
À l’occasion des Journées européennes du patrimoine, venez découvrir le théâtre autrement en participant à un atelier d’initiation : une invitation à explorer l’espace de jeu, à développer sa créativité et à vivre le lieu de l’intérieur, en s’essayant aux outils des comédiens.",2026-09-19 10:00:00+02:00,2026-09-19 12:00:00+02:00,Théâtre de l'Uchronie,Lyon,19 rue de Marseille 69007 Lyon,Journées européennes du patrimoine 2026 - Auvergne – Rhône-Alpes
79752351,Église Notre-Dame du Liban. Label XXe siècle.,"Découvrez un trésor caché de Lyon 8e ! Pour les Journées du Patrimoine, l’église Notre Dame du Liban vous ouvre ses portes. Laissez-vous surprendre par l’architecture audacieuse en béton brut de cet…","Découvrez un trésor caché de Lyon 8e ! Pour les Journées du Patrimoine, l’église Notre Dame du Liban vous ouvre ses portes. Laissez-vous surprendre par l’architecture audacieuse en béton brut de cet édifice labellisé « Patrimoine du XXe siècle ». Lors de la visite commentée, vous percerez les secrets de son histoire, décoderez la beauté de ses lignes géométriques.  
Une surprise gustative vous attend après la visite.",2026-09-19 10:00:00+02:00,2026-09-19 11:00:00+02:00,Église Notre-Dame du Liban,Lyon,"29, rue Berty Albrecht 69008 lyon",Journées européennes du patrimoine 2026 - Auvergne – Rhône-Alpes
83373525,Balade urbaine inédite : le 6ème disparu,Le 6e disparu,"Le 6e disparu
-------------

Le 6e passe souvent pour un arrondissement “figé”. En réalité, il est celui qui a probablement connu les plus profondes transformations depuis deux siècles.  
L’idée de cette balade est de montrer avec documents iconographiques à l’appui les mutations urbaines et architecturales du 6e, ainsi que de prendre conscience de la fragilité du patrimoine.  
Balade urbaine commentée par R. BILLARD",2026-09-19 10:00:00+02:00,2026-09-19 12:00:00+02:00,Place Edgar Quinet devant le lycée Edouard Herriot,Lyon,6 place Edgar Quinet 69006 LYON,Journées européennes du patrimoine 2026 - Auvergne – Rhône-Alpes
7240097,Atelier chant choral - festival MUSIC'LY,Journées européennes du patrimoine,"Le campus Saint-Paul a le plaisir d'accueillir le Centre de la Voix pour vous faire découvrir son atelier d'initiation au chant choral !  
Venez partager un moment musical chaleureux et tester le chant en groupe lors d’un atelier animé par Tanguy Poble et accessible dès l’âge de 15 ans.",2026-09-19 10:00:00+02:00,2026-09-19 11:30:00+02:00,UCLy - Université Catholique de Lyon,Lyon,10 place des archives 69002 Lyon,Journées européennes du patrimoine 2026 - Auvergne – Rhône-Alpes
20693391,Atelier de Pilates,"Proposé par Barbara Loison, chorégraphe et interprète Hier c'était demain et Jacob Incertitude direction Saturne du Kollectif Mac Guffin","Proposé par Barbara Loison, chorégraphe et interprète Hier c'était demain et Jacob Incertitude direction Saturne du Kollectif Mac Guffin  
À partir de techniques empruntées à la danse, cet atelier propose une conscientisation globale du corps et de la posture, et s'attache à développer la tonicité, la mobilité, la souplesse et l'alignement du corps.",2026-09-19 10:00:00+02:00,2026-09-19 11:30:00+02:00,Théâtre de l'Uchronie,Lyon,19 rue de Marseille 69007 Lyon,Journées européennes du patrimoine 2026 - Auvergne – Rhône-Alpes
72111427,Balade urbaine : l'art dans la ville,"Guidé par la médiatrice culturelle du Centre d'art Madeleine Lambert, partez à la découverte de quatre œuvres originales de la collection municipale (signées Xuefeng Chen, Sylvie Dupin, Bachir Hadji …","Guidé par la médiatrice culturelle du Centre d'art Madeleine Lambert, partez à la découverte de quatre œuvres originales de la collection municipale (signées Xuefeng Chen, Sylvie Dupin, Bachir Hadji et Karim Kal). Cette déambulation mettra en lumière les spécificités architecturales du quartier des Minguettes, faisant écho aux célèbres photographies humanistes de Rajak Ohanian, issues de sa série ""Notes Vénissianes"" (1983).  
Parcours : Esplanade Frida Kahlo ➔ Maison des Fêtes et des Familles ➔ Cinéma Gérard-Philipe ➔ École de musique Jean-Wiener",2026-09-19 10:00:00+02:00,2026-09-19 11:00:00+02:00,"Esplanade Frida Kahlo, Vénissieux",Vénissieux,"Esplanade Frida Kahlo, 69200 Vénissieux",Journées européennes du patrimoine 2026 - Auvergne – Rhône-Alpes
49454453,"[Les Mémoires Vives à la Soie] - Exposition ""Elles et les luttes""",Journées européennes du patrimoine,"Vive la TASE ! et le CCO s’allient pour deux ans afin d’explorer l’histoire des femmes de la TASE, leur rôle et leurs luttes collectives et individuelles, d’hier à aujourd’hui. Dans le même élan, plusieurs habitantes issues d'un atelier créatif porté par le CCO une oeuvre textile monumentale, accompagnées par l’artiste contemporaine et textile Tina Marais.  
L’exposition est à décourir sur 3 lieux emblématiques de l’ensemble industriel TASE : l'usine TASE, L'Autre Soie et le parc aux hérissons.",2026-09-19 10:30:00+02:00,2026-09-19 18:00:00+02:00,Autre soie / CCO / La Rayonne,Villeurbanne,"28 rue alfred de musset, 69100 villeurbanne",Journées européennes du patrimoine 2026 - Auvergne – Rhône-Alpes
50721697,Visite architecturale du macLYON : les coulisses du bâtiment créé par Renzo Piano,Journées européennes du patrimoine,"Une visite pour découvrir l’histoire du bâtiment, son architecture créée sur mesure par Renzo Piano pour le macLYON.  
Parcours extérieur et intérieur, ponctué par la découverte d'œuvres aux abords du musée. On vous dévoile les coulisses !",2026-09-19 10:30:00+02:00,2026-09-19 12:00:00+02:00,Musée d'art contemporain de Lyon - macLYON,Lyon,"Cité Internationale, 81 Quai Charles de Gaulle, 69006 Lyon",Journées européennes du patrimoine 2026 - Auvergne – Rhône-Alpes
85168954,Du Big Bang au grain de sable - Exposition permanente,"Quelle est l’origine de la Terre ? Comment se sont formés le Soleil, les planètes et les êtres vivants ? D’où provient l’extraordinaire richesse des astres qui peuplent notre Univers ?","Quelle est l’origine de la Terre ? Comment se sont formés le Soleil, les planètes et les êtres vivants ? D’où provient l’extraordinaire richesse des astres qui peuplent notre Univers ?  
Les 900 m² de l’exposition permanente proposent un voyage ludique et interactif des origines de l’Univers jusqu’à l’apparition de la vie sur Terre.  
Le Big Bang, les étoiles, les galaxies, le Système solaire et la conquête de l’espace sont présentés à travers de nombreux dispositifs numériques interactifs : la Fabrique des étoiles, l’Exploratorium, En route vers les planètes, le Forum de cosmologie…  
Durée de visite conseillée : 1h30",2026-09-19 10:30:00+02:00,2026-09-19 12:30:00+02:00,Planétarium de Vaulx-en-Velin,Vaulx-en-Velin,"Place de la Nation, 69120 Vaulx-en-Velin",Journées européennes du patrimoine 2026 - Auvergne – Rhône-Alpes
8224718,Visites guidée de la TASE et sa Petite Cité,"Au cours de cette balade de 1h30, nous déambulerons dans la Petite Cité ouvrière, demeurée presque intacte depuis sa construction en 1924. De nombreuses thématiques seront abordées, parmi lesquelles …","Au cours de cette balade de 1h30, nous déambulerons dans la Petite Cité ouvrière, demeurée presque intacte depuis sa construction en 1924. De nombreuses thématiques seront abordées, parmi lesquelles le paternalisme de la famille Gillet, les conditions de travail dans l’industrie de la viscose ou encore les luttes menées par les ouvriers pour améliorer leurs conditions de vie et de travail.  
Nous nous arrêterons devant les lieux emblématiques de la cité, tels que le restaurant La Boule en Soie, la place de l’ancienne église ou encore l’ancienne infirmerie, pour retracer l’histoire et comprendre leur rôle dans la vie quotidienne des habitants.  
La visite se poursuivra au cœur de l’usine TASE, dans les ateliers d’Isabelle Moulin, où vous découvrirez un somptueux métier à tisser la dentelle de Lyon ainsi qu’une remarquable collection d’objets issus des greniers de l’école de la Martinière.",2026-09-19 10:30:00+02:00,2026-09-19 12:00:00+02:00,Usine TASE,Vaulx-en-Velin,8 Allée du textile 69120 Vaulx-en-Velin,Journées européennes du patrimoine 2026 - Auvergne – Rhône-Alpes
17195023,Elles.ils sont là pour vous,"Des médiateur·rices vous accueillent et vous accompagnent dans votre découverte de Gadagne : exposition Merveilleux Moyen Âge, musée d’histoire de Lyon et musée des arts de la marionnette.","Des médiateur·rices vous accueillent et vous accompagnent dans votre découverte de Gadagne : exposition Merveilleux Moyen Âge, musée d’histoire de Lyon et musée des arts de la marionnette.  
En continu.",2026-09-19 10:30:00+02:00,2026-09-19 13:00:00+02:00,Musée d'histoire de Lyon et Musée des arts de la marionnette,Lyon,"1 Place du Petit Collège, 69005 Lyon, France",Journées européennes du patrimoine 2026 - Auvergne – Rhône-Alpes
18277439,Visite guidée du Trésor de la cathédrale de Lyon,Visites guidées d'une demi heure sur un thème précis.,"Visites guidées d'une demi heure sur un thème précis.  
Samedi 19 :  
10h30 : La Manécanterie  
11h30 : La face cachée des objets  
Samedi 19 & Dimanche 20 :  
14h30 : La face cachée des objets  
15h30 : La Manécanterie  
16h30 : La face cachée des objets",2026-09-19 10:30:00+02:00,2026-09-19 11:00:00+02:00,Cathédrale Saint-Jean-Baptiste,Lyon,"Place Saint Jean, 69005 Lyon, France",Journées européennes du patrimoine 2026 - Auvergne – Rhône-Alpes
55907523,Visite guidée : En selle ! Cap sur les deux -roues,"Cet objet du quotidien a permis des révolutions majeures : émancipation des femmes, déplacement facilités ou encore gain de temps. Cette visite vous propose de découvrir l'évolution de la petite et…","Cet objet du quotidien a permis des révolutions majeures : émancipation des femmes, déplacement facilités ou encore gain de temps. Cette visite vous propose de découvrir l'évolution de la petite reine et ses impacts sur notre vie quotidienne.",2026-09-19 10:30:00+02:00,2026-09-19 11:30:00+02:00,Musée de l'automobile Henri Malartre,Rochetaillée-sur-Saône,"645 Rue du Musée, 69270 Rochetaillée-sur-Saône, France",Journées européennes du patrimoine 2026 - Auvergne – Rhône-Alpes
69788540,"Visite insolite ""Lyon, les Grands Criminels""","Guidés par un filou d’avocat, plongez dans les années 70 sur les traces des grands criminels lyonnais.","Guidés par un filou d’avocat, plongez dans les années 70 sur les traces des grands criminels lyonnais.  
Découvrez Lyon sous un angle inédit avec notre guide conférencier passionné en costume d’époque incarnant le malicieux Maître Jeannot Sambre.  
Dans un parcours immersif et unique, des secrets de la place Bellecour à l'ancienne abbaye d'Ainay, vous serez immergés dans l'histoire criminelle de la ville. Emboîtez le pas aux personnages célèbres comme le ""Gang des Lyonnais"" et explorez les lieux où des affaires incroyables se sont déroulées. C'est une visite interactive qui éveillera votre curiosité et vous offrira une vue d'ensemble unique sur les dessous de Lyon. Enjoué et riche en anecdotes, Maître Sambre vous fera voir la capitale des esclandres comme vous ne l'avez jamais imaginée.  
Visite d’1h30 à 1h45 menée en costume années 70 et en groupe jusqu'à 30 personnes pour adultes et enfants de + de 12 ans.  
Sur réservation, nombre de places limité, tarif préférentiel.",2026-09-19 10:30:00+02:00,2026-09-19 12:00:00+02:00,"85 rue de la république, lyon",Lyon,"85 rue de la République, Lyon",Journées européennes du patrimoine 2026 - Auvergne – Rhône-Alpes
35456920,Exposition photos installée sur les grilles du Palais de Justice,"Yves Neyrolles vous invitera à parcourir l’exposition installée sur les grilles du Palais de Justice et échangera avec vous à propos de son travail, du regard qu’il porte sur le Vieux-Lyon (environ  …","Yves Neyrolles vous invitera à parcourir l’exposition installée sur les grilles du Palais de Justice et échangera avec vous à propos de son travail, du regard qu’il porte sur le Vieux-Lyon (environ une heure).  
Départ depuis notre association la Renaissance du Vieux Lyon située au 50 rue St Jean le samedi 19/09 à 10h30 et 14h30. Le dimanche 20/09 à 10h30.  
Groupe de 10 personnes maximum.",2026-09-19 10:30:00+02:00,2026-09-19 11:30:00+02:00,Association Renaissance du Vieux-Lyon,Lyon,50 rue Saint- Jean 69005 Lyon,Journées européennes du patrimoine 2026 - Auvergne – Rhône-Alpes
82052672,"Guignol, on y découvre ! Visite ludique pour les enfants (3-6 ans)","Catastrophe, Guignol a disparu ! Partez à l’aventure dans le quartier qui a vu naître cette célèbre marionnette lyonnaise, observez les façades et relevez les défis pour retrouver le coupable !","Catastrophe, Guignol a disparu ! Partez à l’aventure dans le quartier qui a vu naître cette célèbre marionnette lyonnaise, observez les façades et relevez les défis pour retrouver le coupable !",2026-09-19 10:30:00+02:00,2026-09-19 11:30:00+02:00,"Station métro Vieux lyon - Cathédrale Saint-Jean,",Lyon,"4 Avenue Du Doyenne, 69005 Lyon",Journées européennes du patrimoine 2026 - Auvergne – Rhône-Alpes
54682391,Visite guidée Tony à Lyon,Connu mondialement pour son projet utopique de Cité industrielle réalisé,"Connu mondialement pour son projet utopique de Cité industrielle réalisé  
au début du XX siècle, Tony Garnier reste encore aujourd’hui un lyonnais  
ayant profondément marqué et amélioré la vie de ses concitoyens. Cette  
visite vous emmène au pied de nos murs peints pour découvrir comment  
l’architecte, aux côtés d’Edouard Herriot, a transformé le visage de la ville  
de Lyon grâce à quatre réalisations emblématiques à Lyon : les abattoirs  
de la Mouche, le Stade de Gerland, l’hôpital Edouard Herriot et la Cité des  
Etats-Unis. Nous vous invitons à nous suivre pour découvrir comment ces  
bâtiments ont résisté, ont été ravivés et se sont réinventés en tant que  
témoins du patrimoine du XX siècle",2026-09-19 10:30:00+02:00,2026-09-19 12:00:00+02:00,Cité Musée Tony Garnier,Lyon,4 rue des Serpollières 690008 Lyon,Journées européennes du patrimoine 2026 - Auvergne – Rhône-Alpes
3359316,"Balade Urbaine ""Où sont les femmes ?"" - Lyon 3e","Qu’elles soient artistes, réalisatrices, ouvrières, résistantes ou cheffes, nombreuses sont les femmes qui ont laissé leur empreinte dans notre ville et pourtant, les connaissez-vous ?","Qu’elles soient artistes, réalisatrices, ouvrières, résistantes ou cheffes, nombreuses sont les femmes qui ont laissé leur empreinte dans notre ville et pourtant, les connaissez-vous ?  
Laissez-vous entrainer dans les rues du 3ème arrondissement de Lyon par les guides de Filactions au travers de récits de lieux et de femmes qui ont marqué leur temps.",2026-09-19 10:30:00+02:00,2026-09-19 12:30:00+02:00,Esplanade Denise Vernay Jacob,Lyon,Esplanade Denise Vernay Jacob 69003 Lyon,Journées européennes du patrimoine 2026 - Auvergne – Rhône-Alpes
41489586,Balade et histoires des arbres du Mas du Taureau,Balade et histoires des arbres du Mas du Taureau,"**Balade et histoires des arbres du Mas du Taureau**  
Découverte des arbres plantés au Mas du Taureau (cèdre d’Atlas, poirier de Chine, sophora du Japon…). Venez découvrir leur histoire pour en apprendre davantage sur le monde qui vous entoure.  
Tout public, en famille dès le plus jeune âge.  
Enfant accompagné d'un parent. Chaussures de marche recommandées. Parcours adapté aux poussettes et fauteuils.

Renseignements : [fleurissement@mairie-vaulxenvelin.fr](mailto:fleurissement@mairie-vaulxenvelin.fr)",2026-09-19 10:30:00+02:00,2026-09-19 12:30:00+02:00,Atelier léonard de Vinci ( départ ),Vaulx-en-Velin,"7 Av. Maurice Thorez, 69120 Vaulx-en-Velin",Journées européennes du patrimoine 2026 - Auvergne – Rhône-Alpes
7543241,Naturallye Confluence - Visite ludique pour les enfants (3-6 ans),"Des centaines d'espèces animales cohabitent avec nous, même en milieu urbain ! Vous pensez les connaître ? C'est ce que nous allons voir, avec ce rallye en plein cœur de l'écoquartier de Confluence !","Des centaines d'espèces animales cohabitent avec nous, même en milieu urbain ! Vous pensez les connaître ? C'est ce que nous allons voir, avec ce rallye en plein cœur de l'écoquartier de Confluence !",2026-09-19 10:30:00+02:00,2026-09-19 11:30:00+02:00,Confluence,Lyon,confluence,Journées européennes du patrimoine 2026 - Auvergne – Rhône-Alpes
13916140,"Visite libre du jardin, du hall du RDC ainsi que du centre de documentation du Grenier d'Abondance",Venez découvrir ce lieu et son architecture tout à fait exceptionnelle.,"Le jardin, le hall du RDC ainsi que le centre de documentation du Grenier d’abondance sont en accès libre de 11h00 à 19h00 le samedi 19 et dimanche 20 septembre 2026 dans le cadre de la 42ème édition des Journées européennes du patrimoine.  
Fermeture des portes 18h45.",2026-09-19 11:00:00+02:00,2026-09-19 19:00:00+02:00,Le Grenier d'Abondance (DRAC Auvergne-Rhône-Alpes-CNSMD),Lyon,"6, quai St-Vincent 69001 Lyon",Journées européennes du patrimoine 2026 - Auvergne – Rhône-Alpes
41323395,Musée Numérique au Grenier d'Abondance,"À l’occasion des Journées européennes du patrimoine, la Micro-Folie Saône-Beaujolais investit le Grenier d’Abondance et vous propose un voyage au cœur des collections du Musée numérique. Découvrez de…","À l’occasion des Journées européennes du patrimoine, la Micro-Folie Saône-Beaujolais investit le Grenier d’Abondance et vous propose un voyage au cœur des collections du Musée numérique. Découvrez Notre-Dame de Paris à travers ses bâtisseurs, explorez les savoir-faire textiles d’Auvergne-Rhône-Alpes, et parcourez 200 ans d’histoire de la photographie, entre mémoire, innovation et exploration du monde visible et invisible.  
Dernier accès à 18h30.",2026-09-19 11:00:00+02:00,2026-09-19 19:00:00+02:00,Le Grenier d'Abondance (DRAC Auvergne-Rhône-Alpes-CNSMD),Lyon,"6, quai St-Vincent 69001 Lyon",Journées européennes du patrimoine 2026 - Auvergne – Rhône-Alpes
42818506,Exposition au Grenier d'Abondance : « Prendre Soin » dans le cadre du dispositif EAC Regards,Exposition « Prendre Soin » :,"**Exposition « Prendre Soin » :**  
  
Venez découvrir comment des regards neufs parviennent à « ranimer » notre héritage collectif. L'exposition « Prendre soin » est le fruit d'une immersion de plusieurs mois au cœur de l'Hôtel-Dieu de Belleville-en-Beaujolais. Dix-sept élèves des écoles Mathieu Dumoulin, Jean Macé et Édouard Herriot se sont appropriés ce site historique, sous la direction de l'autrice-photographe Cendrine Genin. Ils ont appris à regarder le passé autrement et à le raviver par la photographie. Cette exposition n'est pas une simple capture d'image, mais un véritable outil de résilience et de transmission ; une invitation à partager la fierté de ces jeunes photographes qui ont su transformer leur vision du monde.

_Projet coordonné par la CCSB dans le cadre du dispositif Regards, porté par la Convention Territoriale d’Éducation Artistique et Culturelle, en partenariat avec l’Éducation Nationale, la DRAC, la Région Auvergne-Rhône-Alpes et le Département du Rhône._",2026-09-19 11:00:00+02:00,2026-09-19 19:00:00+02:00,Le Grenier d'Abondance (DRAC Auvergne-Rhône-Alpes-CNSMD),Lyon,"6, quai St-Vincent 69001 Lyon",Journées européennes du patrimoine 2026 - Auvergne – Rhône-Alpes
5342858,Ateliers Réalité Virtuelle au Grenier d'Abondance,Samedi 19 et Dimanche 20 septembre 2026 :,"**Samedi 19 et Dimanche 20 septembre 2026 :**

*   **De 11h à 12h et de 15h à 16h30**

À l'occasion des Journées européennes du patrimoine 2026, placées sous le thème « Patrimoine à risque : ranimer, résister, réimaginer », la Micro-Folie Saône-Beaujolais s’installe au Grenier d’abondance. Entrez au coeur d’une expérience sensorielle à la première personne, où vous devenez acteur ou actrice de votre découverte.  
Grâce à la réalité virtuelle, voyagez dans l’espace et le temps, explorez des univers artistiques ou plongez dans une immersion picturale exceptionnelle. Laissez-vous surprendre par une nouvelle façon de voir, de ressentir et de vivre les oeuvres et les lieux, comme si vous y étiez.  
**Tout public à partir de 10 ans, entrée libre dans la limite des places disponibles.**

*   **De 13h30 à 15h et de 17h à 18h30**

la Micro-Folie Saône-Beaujolais vous invite à vivre une expérience collaborative et ludique unique au coeur de l'un des monuments les plus emblématiques d'Europe. Grâce à l’application de réalité virtuelle ""Notre-Dame de Paris : Journey Back in Time"" développée par Ubisoft, franchissez les portes de la cathédrale pour un voyage exceptionnel à travers les siècles.  
**Tout public à partir de 8 ans, entrée libre dans la limite des places disponibles.**",2026-09-19 11:00:00+02:00,2026-09-19 12:00:00+02:00,Le Grenier d'Abondance (DRAC Auvergne-Rhône-Alpes-CNSMD),Lyon,"6, quai St-Vincent 69001 Lyon",Journées européennes du patrimoine 2026 - Auvergne – Rhône-Alpes
56644622,Jeu de piste des Subs (pour petits et grands),Partez à la découverte des Subsistances avec un jeu de piste pour petits et grands. Récompenses à la clé ! Dès 5 ans.,Partez à la découverte des Subsistances avec un jeu de piste pour petits et grands. Récompenses à la clé ! Dès 5 ans.,2026-09-19 11:00:00+02:00,2026-09-19 19:00:00+02:00,Les Subsistances,Lyon,"8bis Quai Saint Vincent, 69001 Lyon, France",Journées européennes du patrimoine 2026 - Auvergne – Rhône-Alpes
69557397,Visites guidées du Grenier d'Abondance,Venez découvrir l'histoire de ce bâtiment à l'architecture tout à fait exceptionnelle.,"Le Grenier d’abondance a été construit entre 1722 et 1728 par l’architecte Claude Bertaud de la Vaure pour conserver le blé nécessaire à l’alimentation annuelle des cent vingt mille lyonnais de l’époque.  
Après l’édit instituant la libre circulation des grains (1763), le bâtiment est affecté à des usages militaires : magasin d’artillerie, arsenal puis caserne jusqu’en 1987. Depuis 1993, ce sont les services de la Direction régionale des affaires culturelles Auvergne-Rhône-Alpes ainsi que les studios de danse du Conservatoire national supérieur qui y sont installés.  
Durée de la visite : 1h  
Dernier départ à 18h00.",2026-09-19 11:00:00+02:00,2026-09-19 18:00:00+02:00,Le Grenier d'Abondance (DRAC Auvergne-Rhône-Alpes-CNSMD),Lyon,"6, quai St-Vincent 69001 Lyon",Journées européennes du patrimoine 2026 - Auvergne – Rhône-Alpes
93962713,Exposition « Hier Feyzin Demain » proposée par Maxime Duvillard,"L’exposition « Hier Feyzin Demain », proposée par Maxime Duvillard, invitera les visiteurs à découvrir l’évolution du territoire feyzinois dans le secteur de la plaine du Rhône à travers une série et…","L’exposition « Hier Feyzin Demain », proposée par Maxime Duvillard, invitera les visiteurs à découvrir l’évolution du territoire feyzinois dans le secteur de la plaine du Rhône à travers une série d’illustrations originales. Entre passé, présent et futur, l’artiste proposera un regard sensible sur les transformations du paysage et de la commune.  
Cette exposition sera également participative : les visiteurs seront invités à partager leurs souvenirs, anecdotes, témoignages ou leurs visions du Feyzin de demain dans un petit cahier mis à leur disposition. Une manière de contribuer à la mémoire collective et d’imaginer ensemble l’avenir du territoire.",2026-09-19 11:00:00+02:00,2026-09-19 18:00:00+02:00,Fort de Feyzin,Feyzin,1 allée Séré de Rivières 69320 Feyzin.,Journées européennes du patrimoine 2026 - Auvergne – Rhône-Alpes
26304894,Visite guidée de l'église de Saint Francois de Sales,Journées européennes du patrimoine,Visites guidées de l'église aux horaires mentionnés. Visite guidée sur l'histoire du Grand Orgue de l'orgue Cavaillé-Coll samedi 19/09 de 16H30 à 17H00 et de 17H00 à 17H30,2026-09-19 11:00:00+02:00,2026-09-19 12:00:00+02:00,Eglise Saint François de Sales,Lyon,11 rue Auguste Comte 69002 Lyon,Journées européennes du patrimoine 2026 - Auvergne – Rhône-Alpes
39392957,Visite guidée du Fort de Feyzin,"Partez à la découverte du Fort de Feyzin lors d'une visite guidée de 1 h 30. Accompagné d'un guide, explorez des espaces habituelles fermés du fort et plongez dans son histoire, de sa construction au…","Partez à la découverte du Fort de Feyzin lors d'une visite guidée de 1 h 30. Accompagné d'un guide, explorez des espaces habituelles fermés du fort et plongez dans son histoire, de sa construction au XIXᵉ siècle à ses différentes occupations et évolutions. Une visite riche en anecdotes pour mieux comprendre ce patrimoine exceptionnel.",2026-09-19 11:00:00+02:00,2026-09-19 12:30:00+02:00,Fort de Feyzin,Feyzin,1 allée Séré de Rivières 69320 Feyzin.,Journées européennes du patrimoine 2026 - Auvergne – Rhône-Alpes
67376891,L’Atelier dégustation « Les Bières du Solstice »,"Participez à une immersion unique au cœur d’une institution lyonnaise fondée en 1836. Une rencontre privilégiée avec Loïc, notre maître brasseur, pour découvrir les deux cuvées créées spécialement de…","Participez à une immersion unique au cœur d’une institution lyonnaise fondée en 1836. Une rencontre privilégiée avec Loïc, notre maître brasseur, pour découvrir les deux cuvées créées spécialement pour notre 190ème anniversaire. Vous pourrez déguster les secrets de fabrication de deux bières, la « Sauvage » et la « Triple », pour en apprendre davantage sur leurs saveurs.  
Réservation obligatoire pour chaque session de 30 mn via notre site internet.  
_L'abus d'alcool est dangereux pour la santé, à consommer avec modération._",2026-09-19 11:00:00+02:00,2026-09-19 12:00:00+02:00,La Brasserie Georges,Lyon,30 cours de verdun 69002 Lyon,Journées européennes du patrimoine 2026 - Auvergne – Rhône-Alpes
67601339,Visite guidée de la mosquée de Décines,La Mosquée de Décines ouvre ses portes au grand public et invite les visiteurs à découvrir un lieu souvent connu de l'extérieur mais rarement exploré de l'intérieur.,"La Mosquée de Décines ouvre ses portes au grand public et invite les visiteurs à découvrir un lieu souvent connu de l'extérieur mais rarement exploré de l'intérieur.  
Bien plus qu'un lieu de prière, la mosquée est également un espace culturel, éducatif et associatif qui accueille tout au long de l'année de nombreuses activités destinées à différents publics.  
Des visites guidées seront proposées en continu tout au long de la journée. Organisées en petits groupes au fil des arrivées, elles permettront de découvrir l'architecture du bâtiment, les principaux espaces qui le composent, ainsi que les différentes activités qui y sont organisées.  
Les visiteurs pourront également parcourir une exposition photographique consacrée aux mosquées de France et du monde. À travers une sélection d'images, cette exposition mettra en lumière la richesse et la diversité des architectures musulmanes à travers les époques, les pays et les cultures.  
Enfin, un espace convivial permettra aux visiteurs de prolonger leur découverte autour d'un thé à la menthe et de quelques douceurs offertes. Ce temps d'échange sera l'occasion de rencontrer des membres de l'association, de poser librement des questions et de découvrir la place qu'occupe aujourd'hui une mosquée dans la vie locale.  
Cette journée a pour vocation de favoriser la découverte du patrimoine, la transmission des connaissances et le dialogue entre les habitants dans un esprit d'ouverture, de respect et de convivialité.",2026-09-19 11:00:00+02:00,2026-09-19 17:00:00+02:00,Le centre interculturel de Décines,Décines-Charpieu,"9 RUE SULLY, 69150 Décines",Journées européennes du patrimoine 2026 - Auvergne – Rhône-Alpes
60802337,Démonstration de tissage et visite des traboules de la Croix-Rousse,Journées européennes du patrimoine,"Venez assister à une visite de la Maison des Canuts pour une démonstation sur métier à bras du XIX ème siècle, puis à une conférence dans laquelle sont explicités les enjeux auxquels est confronté le textile aujourd'hui. Une vision globale sur l'évolution des savoir-faire de la soie depuis l'époque de Louis XIV, jusqu'à aujourd'hui.  
Cette visite se poursuit par une visite d'une heure et demie à travers le quartier historique de la Croix-Rousse. L'occasion de se plonger dans le quartier des Canuts en empruntant les chemins qu'ils utilisaient pour livrer leurs pièces de soie aux Soyeux, les marchands, dans le quartier des Terreaux.",2026-09-19 11:00:00+02:00,2026-09-19 13:30:00+02:00,Maison des canuts,Lyon,"10, Rue d'Ivry, 69004 Lyon",Journées européennes du patrimoine 2026 - Auvergne – Rhône-Alpes
80565610,Visite d'un atelier de tissage,"A l'occasion des Journées Européennes du Patrimoine, la Maison des Canuts vous propose de pousser les portes de son atelier de tissage !","A l'occasion des Journées Européennes du Patrimoine, la Maison des Canuts vous propose de pousser les portes de son atelier de tissage !  
Pendant cette heure de visite vous aurez l'occasion d'assister à une démonstration sur métier à bras du XIX ème siècle. La visite se poursuit dans une salle de conférence dans laquelle sont explicités les enjeux auxquels est confronté le textile aujourd'hui. Une vision globale sur l'évolution des savoir-faire de la soie depuis l'époque de Louis XIV, jusqu'à aujourd'hui.",2026-09-19 11:00:00+02:00,2026-09-19 12:00:00+02:00,Maison des canuts,Lyon,"10, Rue d'Ivry, 69004 Lyon",Journées européennes du patrimoine 2026 - Auvergne – Rhône-Alpes
78021944,Le trésor du Kraken Spectacle de Marionnettes jeune public,Le Trésor du Kraken !,"**Le Trésor du Kraken !**  
Ouvrez un vieil album photos doré à l'or fin, et partez à l'aventure avec Gigi et son équipage à bord du Kraken, escortés par les dauphins et la Mère Mathevet, sur la trace des grands explorateurs lyonnais.  
Avec le Capitaine Bling Bling et la sirène, trouvez les indices qui mènent au trésor des abysses gardé par le Kraken.  
Pour découvrir ce trésor des mers et des océans, de pièces d'or et de diamants, ouvrez bien les yeux, matelots, sur le bien le plus précieux...l'eau !  
De la Saône à la Mer, bon voyage dans l'imaginaire !  
A bientôt...  
Les Marionnettes de Trabouloustic",2026-09-19 11:00:00+02:00,2026-09-19 11:30:00+02:00,TRABOULOUSTIC Théâtre de Marionnettes,Lyon,3 rue docteur Augros 69005 LYON,Journées européennes du patrimoine 2026 - Auvergne – Rhône-Alpes
23273763,Visite en famille ARCADIA,"Dans un site patrimonial remarquable en bord de Saône dans le 1er arrondissement de Lyon, les SUBS constituent à la fois un espace de travail pour les artistes et un lieu de vie et de création ouvert…","Dans un site patrimonial remarquable en bord de Saône dans le 1er arrondissement de Lyon, les SUBS constituent à la fois un espace de travail pour les artistes et un lieu de vie et de création artistique ouvert à toutes et tous. Lieu vivant d’expériences artistiques, les SUBS accueillent chaque année une quarantaine de compagnies en résidence et proposent une programmation artistique variée : danse, cirque, musique, performance, théâtre, arts numériques et formes hybrides et atypiques.

Chaque été, une équipe artistique métamorphose le site des Subsistances avec une scénographie originale activée par des rendez-vous artistiques et une terrasse géante.  
Après l’immense succès du KRAKEN en 2022, l’artiste et architecte syrien Khaled Alwarea est de retour aux SUBS avec ARCADIA, une œuvre évolutive prévue jusqu’en 2027. Ce projet durable et participatif repose sur un assemblage modulaire de structures métalliques et boisées, adaptables aux saisons et aux usages.",2026-09-19 11:00:00+02:00,2026-09-19 12:00:00+02:00,Les Subsistances,Lyon,"8bis Quai Saint Vincent, 69001 Lyon, France",Journées européennes du patrimoine 2026 - Auvergne – Rhône-Alpes
3444500,Visite Guidée et dégustations à la Canute Lyonnaise,Visite guidée de notre fabrique de bières artisanales,"Visite guidée de notre fabrique de bières artisanales  
Découvrez les coulisses de la brasserie lors d'une visite de 1h30 :

45 min de présentation du processus de fabrication (du malt à la bière)  
45 min de dégustation commentée de 6 bières artisanales

Tarif : 15 € par personne

👥 Places limitées à 20 personnes par créneau  
🕒 Créneaux disponibles : 11h, 13h, 15h et 17h

📅 Réservation obligatoire  
📧 [commande@lacanutelyonnaise.fr](mailto:commande@lacanutelyonnaise.fr)

Lors de votre réservation, merci d'indiquer le créneau souhaité ainsi que le nombre de participants. 🍻",2026-09-19 11:00:00+02:00,2026-09-19 23:00:00+02:00,la Canute Lyonnaise,Oullins-Pierre-Bénite,75 chemin d'yvours 69310 Oullins-Pierre-Benite,Journées européennes du patrimoine 2026 - Auvergne – Rhône-Alpes
3493501,Présentation du métier de vitrailliste au Grenier d'Abondance,Samedi 19 septembre : Venez découvrir le métier de vitrailliste proposé par l'atelier Le Chant du Diamant,"Venez découvrir le métier de Vitrailliste.  
Marion, de l'atelier Le Chant du Diamant à Lyon, partagera son savoir-faire dans la création de vitraux.",2026-09-19 11:00:00+02:00,2026-09-19 19:00:00+02:00,Le Grenier d'Abondance (DRAC Auvergne-Rhône-Alpes-CNSMD),Lyon,"6, quai St-Vincent 69001 Lyon",Journées européennes du patrimoine 2026 - Auvergne – Rhône-Alpes
6680573,Présentation du métier d'artisan encadreur au Grenier d'Abondance,Samedi 19 septembre : Rencontrez un artisan encadreur de l'Atelier du Cadre-Objet.,"Situé à Lyon, L'Atelier du Cadre Objet est un artisan encadreur inscrit au registre des métiers et dirigé par Roxane VINCENT.  
L'approche unique est basée sur la compréhension des besoins artistiques et sur la création d'encadrements sur mesure.  
Venez découvrir ce métier passionnant !",2026-09-19 11:00:00+02:00,2026-09-19 19:00:00+02:00,Le Grenier d'Abondance (DRAC Auvergne-Rhône-Alpes-CNSMD),Lyon,"6, quai St-Vincent 69001 Lyon",Journées européennes du patrimoine 2026 - Auvergne – Rhône-Alpes
89474268,Présentation du métier de reliure et dorure de livres au Grenier d'Abondance,Samedi 19 septembre : Découvres le métier de relieur doreur de livres de l'atelier Kolibri.,"Connaissez-vous le métier de relieur doreur ?  
Kolibri est un atelier de reliure artisanale. Savoir-faire et expérience sont mis au service de particuliers ou d’institutions soucieux de conserver leurs livres anciens ou récents.  
Perché sur le plateau de la Croix-Rousse à Lyon, l’atelier Kolibri a été créé par Estelle Dorival. Entièrement équipé de matériel professionnel, ce bel espace aux couleurs vives a ouvert ses portes en juillet 2012.  
Cisaille, presse, cousoirs, tiroirs remplis de papiers et de cuirs, grandes tables de travail, pinceaux dans leur pot de colle, sont autant d’éléments visuels et olfactifs qui constituent le quotidien d’un atelier de reliure.  
Venez découvrir ce métier passionnant !",2026-09-19 11:00:00+02:00,2026-09-19 19:00:00+02:00,Le Grenier d'Abondance (DRAC Auvergne-Rhône-Alpes-CNSMD),Lyon,"6, quai St-Vincent 69001 Lyon",Journées européennes du patrimoine 2026 - Auvergne – Rhône-Alpes
99574457,Murmurations,"Murmuration est le terme qui désigne les mouvements collectifs que dessinent certains oiseaux dans le ciel. Celui de Lyon est traversé par des flux migratoires réguliers et saisonniers, dont certains…","Murmuration est le terme qui désigne les mouvements collectifs que dessinent certains oiseaux dans le ciel. Celui de Lyon est traversé par des flux migratoires réguliers et saisonniers, dont certains s’arrêtent brièvement en ville. La vallée du Rhône constitue un couloir écologique d’échelle continentale, reliant le nord de l’Europe aux zones sahéliennes. Le parc Mandela s’inscrit dans ce réseau.  
L’œuvre de l’artiste Isabelle Daëron se compose de deux sculptures positionnées de part et d’autre des voies de la ligne TB12. À leur sommet, des oiseaux présentent différentes positions de vol. Chaque figure est unique, légèrement altérée, comme si le mouvement était suspendu. La courbure des mâts, leurs effets de surface et la mise en couleur participent de cette impression de flottement.  
La visite consistera en une présentation de l'œuvre, la genèse du projet et la manière dont l'installation a été pensée en lien avec le site.  
Une œuvre réalisée pour @sytral\_mobilites enn 2026.",2026-09-19 11:00:00+02:00,2026-09-19 12:00:00+02:00,Esplanade Nelson Mandela,Lyon,"128 Avenue Félix Faure, 69003 Lyon",Journées européennes du patrimoine 2026 - Auvergne – Rhône-Alpes
54502508,Visite guidée Voyage en Cité : regards et mémoires,"L’exposition « Voyages en cité, 1973-1990 : vivre dans les quartiers","L’exposition « Voyages en cité, 1973-1990 : vivre dans les quartiers  
populaires » vous emporte dans l’exploration de sept quartiers populaires  
de la métropole lyonnaise. A l’occasion des JEP 2026, la Cité Musée Tony  
Garnier vous fait voyager à travers les regards de celles et ceux qui ont  
vécu, travaillé, ou été de passage dans les lieux de l’exposition. Que veut  
dire vivre un quartier ? Quel lien entretient-on avec lui ? Comme l’ont fait  
les enfants des Minguettes, du Tonkin ou encore de Vaulx-en-Velin, vous  
pourrez vous aussi raconter votre quartier à l’occasion d’un stand de cartes  
postales souvenir.",2026-09-19 11:00:00+02:00,2026-09-19 12:00:00+02:00,Cité Musée Tony Garnier,Lyon,4 rue des Serpollières 690008 Lyon,Journées européennes du patrimoine 2026 - Auvergne – Rhône-Alpes
58508890,Archi… Chouette !,Journées européennes du patrimoine,"Façade sud et nord, puit de lumière, rotondes, ailes ouest et est… Arpentez en famille la Maison du livre dans tous ses recoins, accédez à quelques coulisses, pour finir en beauté avec les photographies patrimoniales de l’artothèque, accrochées sur son emblématique mur courbe.",2026-09-19 11:00:00+02:00,2026-09-19 12:00:00+02:00,"Maison du livre, de l'image et du son",Villeurbanne,247 cours emile zola 69100 villeurbanne,Journées européennes du patrimoine 2026 - Auvergne – Rhône-Alpes
85310079,"Exposition Les Journées du Matrimoine, rencontre autour des boîtes à boutons",Journées européennes du patrimoine,"_**Les Journées du Matrimoine**_ est une oeuvre participative conçue par l'artiste **Michel Jeannes** dès 2003 à Lyon. Elle propose à toutes celles et ceux qui ont une **boîte à boutons** de se remémorer les souvenirs associés aux éléments qui la composent. Chacun.e est invité.e à apporter sa boîte à boutons et à contribuer à l'inventaire qui s'étoffe depuis plus de vingt ans. [www.journeesdumatrimoine.art](www.journeesdumatrimoine.art)  
Cet évènement en présence de l'artiste est organisé à l'occasion de l'exposition ""**Coudre son histoire**"" présentée dans le Bazar de l'hôpital du 1er au 26 septembre. Cette exposition propose de découvrir une partie de son travail réalisé à partir du bouton considéré comme Plus Petit Objet Culturel Commun et facteur de lien social.",2026-09-19 11:00:00+02:00,2026-09-19 12:30:00+02:00,Hôpital Saint Jean de Dieu,Vénissieux,290 route de Vienne 69008 Lyon,Journées européennes du patrimoine 2026 - Auvergne – Rhône-Alpes
38442918,Visite guidée de la bibliothèque municipale de Lyon 5e Saint-Jean,Journées européennes du patrimoine,"Hébergée au Palais Saint-Jean depuis 1909, la bibliothèque municipale de Lyon 5e St-Jean conserve les traces de son riche passé en tant qu'ancien palais archiépiscopal, et fut, au début du XXe siècle, la première bibliothèque municipale de Lyon. Venez découvrir, au coeur du quartier historique, ce lieu majestueux, sa hauteur sous plafond, ses coursives, boiseries, cheminées, tapisseries, etc. ainsi que sa chapelle, l'ancienne chambre de l'empereur Napoléon Ier et l'ancien silo de stockage désaffecté depuis 50 ans.",2026-09-19 11:00:00+02:00,2026-09-19 12:00:00+02:00,Bibliothèque municipale de Lyon 5e St-Jean,Lyon,4 avenue Adolphe Max 69005 Lyon,Journées européennes du patrimoine 2026 - Auvergne – Rhône-Alpes
83501167,Balade urbaine - à la découverte de l'histoire des espaces verts de Villeurbanne,"Dans cette balade, l'historienne _Aliénor Wagner Coubès_ vous propose d'explorer les espaces verts villeurbannais. Quelles sont les raisons qui poussent à créer ces lieux? Comment ces coins de au de…","Dans cette balade, l'historienne _Aliénor Wagner Coubès_ vous propose d'explorer les espaces verts villeurbannais. Quelles sont les raisons qui poussent à créer ces lieux? Comment ces coins de verdure, au milieu de la dense Villeurbanne, composent des manières de faire nature en ville. Sur un parcours de 2.5 kilomètres, durant 1h30, venez découvrir et écouter l’histoire de ces espaces. Nous chercherons à comprendre pourquoi ils sont là, aujourd’hui. Pour mener cette exploration, nous traverserons différents types d’espaces dits « verts » : Parc, square, jardins ouvriers… Rendez vous à l'entrée du parc de la commune de Paris.

**Aliénor Wagner Coubès** est guide et chercheuse à l'**Université Gustave Eiffel**, spécialiste de l'histoire Villeurbannaise. Depuis dix ans, elle a régulièrement proposé des balades urbaines sur le patrimoine de Villeurbanne. Elle s'intéresse à la fabrique de la ville, notamment à l'histoire du logement et aux politiques publiques environnementales.",2026-09-19 11:00:00+02:00,2026-09-19 13:00:00+02:00,Parc de la commune de Paris,Villeurbanne,"89 rue Pierre Voyant, 69100 Villeurbanne",Journées européennes du patrimoine 2026 - Auvergne – Rhône-Alpes
1970826,"Conférence ""Raviver le patrimoine"" par Jean Barbier","Si le patrimoine est ""en péril"", c'est qu'il risque toujours de mourir. Il arrive alors que nous devions le ""raviver"". Mais ces expressions (""patrimoine en péril"", ""raviver le patrimoine"") supposent…","Si le patrimoine est ""en péril"", c'est qu'il risque toujours de mourir. Il arrive alors que nous devions le ""raviver"". Mais ces expressions (""patrimoine en péril"", ""raviver le patrimoine"") supposent qu'un patrimoine puisse perdre la vie ou la retrouver, bref qu’il soit vivant. Qu'est-ce qui rend, par conséquent, un patrimoine vivant ? C’est cette notion de vie du patrimoine que nous tenterons d’interroger. Réside-t-elle dans le simple fait d’échapper à la destruction ? Lui est-elle donnée, de l’extérieur, par ceux et celles qui sont chargés de le protéger ? Ou bien ne font-ils que révéler, mettre en valeur une vie que le patrimoine possède déjà de manière intrinsèque ? L’enjeu est à la fois de comprendre ce qu’est un patrimoine et de saisir l’attitude que nous devons avoir envers lui.",2026-09-19 11:00:00+02:00,2026-09-19 12:30:00+02:00,UCLy - Université Catholique de Lyon,Lyon,10 place des archives 69002 Lyon,Journées européennes du patrimoine 2026 - Auvergne – Rhône-Alpes
8348119,Séance Polaris ( Les séances du Planétarium ),"Bienvenue au pôle Nord, son blizzard, sa banquise… ""Polaris"" est un récit ludique et pédagogique aux images étonnantes qui aborde les thèmes de la nuit polaire et des planètes du Système solaire.","Bienvenue au pôle Nord, son blizzard, sa banquise… ""Polaris"" est un récit ludique et pédagogique aux images étonnantes qui aborde les thèmes de la nuit polaire et des planètes du Système solaire.  
James, un manchot voyageur du pôle Sud, et Vladimir, un ours rigolo du pôle Nord, se rencontrent sur la banquise arctique. Apprentis astronomes, ils se demandent pourquoi la nuit est si longue aux deux pôles de la Terre.  
Une aventure scientifique extraordinaire va les mener de la construction d’un observatoire à celle d’un vaisseau spatial de fortune.  
Au cours d’un voyage autour de la Terre puis vers Mars et Saturne, ils répondront à leur interrogation et découvriront que les planètes ont des points communs, mais aussi des différences !",2026-09-19 11:00:00+02:00,2026-09-19 12:00:00+02:00,Planétarium de Vaulx-en-Velin,Vaulx-en-Velin,"Place de la Nation, 69120 Vaulx-en-Velin",Journées européennes du patrimoine 2026 - Auvergne – Rhône-Alpes
60181456,Visite guidée du Théâtre de la Croix-Rousse,Visite guidée du Théâtre de la Croix-Rousse,"Visite guidée du Théâtre de la Croix-Rousse.  
Plongez dans l'histoire du Théâtre de la Croix-Rousse, joyau Art déco conçu par un élève de Tony Garnier. Ce bâtiment construit en 1931 célébrera bientôt son centenaire. Une visite pour en découvrir tous les secrets.",2026-09-19 11:00:00+02:00,2026-09-19 12:00:00+02:00,Théâtre de la Croix Rousse,Lyon,"Place Joannes Ambre, 69004 Lyon",Journées européennes du patrimoine 2026 - Auvergne – Rhône-Alpes
72811447,Concert sur photos par et avec Chems Amrouche & Mehdi Terry,"Pour leur toute première création commune, ces deux musiciens profondément attachés à Vénissieux proposeront un dialogue poétique entre musique et image. Leurs morceaux résonneront en direct avec une…","Pour leur toute première création commune, ces deux musiciens profondément attachés à Vénissieux proposeront un dialogue poétique entre musique et image. Leurs morceaux résonneront en direct avec une projection sur grand écran de clichés choisis de Rajak Ohanian, issus de la collection du Centre d’art Madeleine Lambert.  
En première partie, les élèves du module Post Rock (élèves de cycle2) donneront à entendre leur production musicale sur leur propre choix de photographies vénissianes, avec la complicité de Jérôme Aubernon.",2026-09-19 11:00:00+02:00,2026-09-19 12:00:00+02:00,Ecole de Musique Jean-Wiener,Lyon,"4 Rue Aristide Bruant, 69200 Vénissieux, Auvergne-Rhône-Alpes",Journées européennes du patrimoine 2026 - Auvergne – Rhône-Alpes
77066135,Présentation de l'orgue Joseph Merklin,Journées européennes du patrimoine,"Orgue de style romantique construit par Joseph Merklin en 1891. Visite commentée et démonstration. L’orgue du Temple des Terreaux venait remplacer un positif de tribune installé dès l’inauguration de la chapelle, pour l’accompagnement des chants. Le facteur d’orgues Joseph Merklin propose au pasteur de l'époque un orgue d’esthétique contemporaine et de qualité, avec l’accord du Conseil presbytéral, la décision est prise d’en faire l’acquisition.",2026-09-19 11:00:00+02:00,2026-09-19 11:45:00+02:00,Temple de la Lanterne,Lyon,"10 rue Lanterne, 69001 Lyon",Journées européennes du patrimoine 2026 - Auvergne – Rhône-Alpes
30022736,SUBS-VISITE (une visite historique des Subsistances),"Les SUBS-VISITES vous invitent à (re)découvrir l’histoire étonnante du site des Subsistances, tour à tour couvent de jeunes filles, garde-manger de l’armée française et, depuis 2003, lieu artistique…","Les SUBS-VISITES vous invitent à (re)découvrir l’histoire étonnante du site des Subsistances, tour à tour couvent de jeunes filles, garde-manger de l’armée française et, depuis 2003, lieu artistique et culturel.",2026-09-19 11:30:00+02:00,2026-09-19 12:30:00+02:00,Les Subsistances,Lyon,"8bis Quai Saint Vincent, 69001 Lyon, France",Journées européennes du patrimoine 2026 - Auvergne – Rhône-Alpes
28582156,"Le Royal, un siècle d'histoire","Nous vous accueillons pour vous faire découvrir toute l'histoire de l'hôtel Le Royal Lyon depuis sa construction en 1888 par Prosper Perrin, jusqu'à aujourd'hui.","Nous vous accueillons pour vous faire découvrir toute l'histoire de l'hôtel Le Royal Lyon depuis sa construction en 1888 par Prosper Perrin, jusqu'à aujourd'hui.  
Profitez d'une vue panoramique de Lyon depuis le toit de l'hôtel.",2026-09-19 11:30:00+02:00,2026-09-19 12:30:00+02:00,Hôtel Le Royal Lyon,Lyon,20 place Bellecour 69002 Lyon,Journées européennes du patrimoine 2026 - Auvergne – Rhône-Alpes
56365453,Balade en barques sur le Rhône,...,...,2026-09-19 12:00:00+02:00,2026-09-19 17:00:00+02:00,Club de barques de Saint Clair,Caluire-et-Cuire,4 avenue de Poumeyrol 69300 Caluire et Cuire,Journées européennes du patrimoine 2026 - Auvergne – Rhône-Alpes
95705406,Visite usine des eaux de Saint-Clair et la pompe de Cornouailles,Tous les points d'intérets seront en accès libre:,"Tous les points d'intérets seront en accès libre:  
\- une vidéo sur l'histoire de l'eau à Lyon.  
\- une maquette du site tel qu'il était à la fin du XIX siècle.  
\- la pompe de Cornouailles.  
\- le bassin filtrant de 1600m2 illiminé.  
\- des animations ludiques sur le thème de l'eau",2026-09-19 12:00:00+02:00,2026-09-19 17:00:00+02:00,Usine des eaux de Saint-Clair et la pompe de Cornouailles,Caluire-et-Cuire,362 chemin de Wette-Fays 69300 Caluire-et-Cuire,Journées européennes du patrimoine 2026 - Auvergne – Rhône-Alpes
6274146,"Rafraîchir les mémoires, retourner aux sources et étendre ses racines au Théâtre des Clochards Célestes","Une visite commentée du théâtre des Clochards Célestes, axée sur les enjeux de mémoire féministe et théâtrale.","**Une visite commentée du théâtre des Clochards Célestes, axée sur les enjeux de mémoire féministe et théâtrale.**  
On découvrira l'histoire d'un lieu de spectacle atypique, laboratoire de la jeune création théâtrale et point de rencontre entre les artistes et les publics les plus divers.  
On explorera la manière dont les conditions matérielles de la création artistique influencent directement les esthétiques, et les façons qu'ont les artistes de s'emparer de ces contraintes.  
On s'approchera enfin de la scénographie d'un spectacle en création, et nous aurons l'occasion de discuter de la manière dont le théâtre s'empare des sources historiques et de la mémoire des luttes populaires pour les porter au présent.",2026-09-19 12:00:00+02:00,2026-09-19 19:00:00+02:00,Théâtre des Clochards célestes,Lyon,"51 rue des Tables Claudiennes, 69001 Lyon, France",Journées européennes du patrimoine 2026 - Auvergne – Rhône-Alpes
38746705,Visite guidée flash de l'appartement témoin 1930,Placées sous le thème de la sauvegarde du patrimoine face à un monde en,"Placées sous le thème de la sauvegarde du patrimoine face à un monde en  
évolution, les JEP 2026 mettent à l’honneur les initiatives de conservation et  
de mémoire. A cette occasion, la Cité Musée Tony Garnier vous invite à  
découvrir son appartement témoin, reconstitué pour incarner l’habitat des  
premiers arrivants de la cité des Etats-Unis en 1933, conçue par l’architecte  
visionnaire Tony Garnier et première opération publique de logements  
sociaux de France.",2026-09-19 12:00:00+02:00,2026-09-19 12:30:00+02:00,Cité Musée Tony Garnier,Lyon,4 rue des Serpollières 690008 Lyon,Journées européennes du patrimoine 2026 - Auvergne – Rhône-Alpes
27406572,Visite architecturale de l'église orthodoxe roumaine Sainte-Eugénie,Visite découverte de l'église orthodoxe Sainte-Eugénie,Visite découverte de l'église orthodoxe Sainte-Eugénie,2026-09-19 13:00:00+02:00,2026-09-19 19:00:00+02:00,Eglise orthodoxe roumaine Sainte-Eugénie,Oullins,"1 Avenue Georges Clemenceau, 69230 Saint-Genis-Laval",Journées européennes du patrimoine 2026 - Auvergne – Rhône-Alpes
27915477,Visite architecturale du temple du Change,Visite du temple du Change,"Visite du temple du Change
--------------------------

### Visite libre

### Le bâtiment construit en 1749 sur les plans des architectes Soufflot et Roche a subi de nombreuses transformations en lien avec ses différentes affectations au cours du temps.

### Des accueillants seront présents pour vous renseigner et répondre à vos questions sur l'histoire du bâtiment. Une riche documentaion est à la disposition des visiteurs à consulter sur place ou à emporter ainsi que des photos et un diaporama.",2026-09-19 13:00:00+02:00,2026-09-19 19:00:00+02:00,Temple du Change,Lyon,"Place du Change, 69005 Lyon, France",Journées européennes du patrimoine 2026 - Auvergne – Rhône-Alpes
82650792,visite du temple du Change,"Visite du temple du Change, autrefois Loge du Change","Visite du temple du Change, autrefois Loge du Change
----------------------------------------------------

Visite libre, des accueillants répondront à vos questions  
Un diaporama présentera les évolutions architecturales de la Loge du Change au fil des siècles et des affectations.",2026-09-19 13:00:00+02:00,2026-09-19 19:00:00+02:00,Temple du Change,Lyon,"Place du Change, 69005 Lyon, France",Journées européennes du patrimoine 2026 - Auvergne – Rhône-Alpes
4948376,Protégeons et préservons un lieu de mémoire pour les générations futures.,Dardilly garde une partie de la mémoire du Saint Curé d'Ars qui l'a vu naître et grandir.,Dardilly garde une partie de la mémoire du Saint Curé d'Ars qui l'a vu naître et grandir.,2026-09-19 13:00:00+02:00,2026-09-19 17:30:00+02:00,"Maison natale du curé d'Ars, actuellement musée",Dardilly,"1 Mnt du Bourg, 69570 Dardilly, France",Journées européennes du patrimoine 2026 - Auvergne – Rhône-Alpes
29410318,""" Les parfums de Lyon "" visite guidée olfactive",Participez à la toute première visite parfumée de Lyon.,"Participez à la toute première visite parfumée de Lyon.  
Mélange d’odeurs d’industrie, de gourmandise, ou de notes boisées… la visite est rythmée de surprises olfactives pour vous conter l’histoire vibrante de la Presqu’île lyonnaise : des bâtiments les plus emblématiques aux ruelles les plus anecdotiques.  
Partez à l’aventure en famille ou entre amis sur la Presqu’île de Lyon à la découverte des parfums de la ville, lors d’une visite guidée insolite menée par les @lesdemoisellesdupatrimoine !",2026-09-19 13:00:00+02:00,2026-09-19 14:15:00+02:00,Place Bellecour,Lyon,Place Bellecour 69002 Lyon,Journées européennes du patrimoine 2026 - Auvergne – Rhône-Alpes
1515203,L'histoire du Centre des Archive des Frères Maristes,Découvrez l’histoire du Montet à travers un parcours scénarisé au cœur du domaine mariste. Élèves et bénévoles incarneront plusieurs personnages historiques du site lors de différentes stations des…,"Découvrez l’histoire du Montet à travers un parcours scénarisé au cœur du domaine mariste. Élèves et bénévoles incarneront plusieurs personnages historiques du site lors de différentes stations immersives mêlant des photographies anciennes, une présentation de l’Arquebuse historique et découverte musicale des grandes orgues de la chapelle.",2026-09-19 13:00:00+02:00,2026-09-19 14:00:00+02:00,Centre des Archives des Frères Maristes,Saint-Genis-Laval,"9 Rue Francisque Darcieux, Saint-Genis-Laval, 69230",Journées européennes du patrimoine 2026 - Auvergne – Rhône-Alpes
26745229,Donne des couleurs à ton quartier de la Confluence à Lyon (œuvre participative et artistique),©Ministère de la Culture,"**Vous vivez, travaillez, étudiez... à la Confluence à Lyon ou vous avez tout simplement envie de participer à la création d'une œuvre ubaine unique** visant à **transformer une halle industrielle**, témoin du passé du site, en **un espace coloré à l’image du quartier et de ses habitantes.**  
Rendez-vous le 19 septembre entre 13h et 18h pour contribuer à la réalisation d'une œuvre artistique et participative et festive placée sous le signe de l'art, de la convivialité et de l'inclusion.  
Ateliers gratuits ouverts à toutes et tous dès 8 ans organisés par la SPL Lyon Confluence, le Zibou Lab et animé par l'artiste M.Morice.  
Durée : 1h.  
Prévoir vêtements et chaussures en conséquence.  
Réservation conseillée en ligne pour le 19 septembre sur [https://www.helloasso.com/associations/le-zibou-lab/evenements/16-09-realisation-oeuvre-participative](https://www.helloasso.com/associations/le-zibou-lab/evenements/16-09-realisation-oeuvre-participative)  
\+ d'infos en ligne sur [https://www.lyon-confluence.fr/fr/actualites/venez-donner-des-couleurs-votre-quartier](https://www.lyon-confluence.fr/fr/actualites/venez-donner-des-couleurs-votre-quartier)",2026-09-19 13:00:00+02:00,2026-09-19 18:00:00+02:00,Maison de la confluence,Lyon,"73 rue Smith, 69002 Lyon",Journées européennes du patrimoine 2026 - Auvergne – Rhône-Alpes
76008995,Visite du cinéma Bellecombe,"Venez découvrir l’envers du décor de votre cinéma préféré, lors de nos visites guidées, organisées dans le cadre des Journées Européennes du Patrimoine !","Venez découvrir l’envers du décor de votre cinéma préféré, lors de nos visites guidées, organisées dans le cadre des Journées Européennes du Patrimoine !  
Découverte du Cinéma : Salle, Cabine de caisse, visite Cabine de Projection, Projection de courts métrages 35 mm  
Des bénévoles seront présents pour répondre à vos questions.  
Egalement : Diffusion du film TOY, STORY 5 à 17h30 - séance classique, à 6€ ou 5€ (abonnés) ou 4€ (moins de 14 ans).",2026-09-19 13:00:00+02:00,2026-09-19 17:00:00+02:00,Cinéma Bellecombe,Lyon,"61 Rue d'Inkermann, 69006 Lyon, France",Journées européennes du patrimoine 2026 - Auvergne – Rhône-Alpes
90088592,Performances du club de danse Jewel'Cly - festival MUSIC'LY,Journées européennes du patrimoine,"L’expérience Music’Ly est vivante et immersive : elle résonne différemment auprès de chaque visiteur. C’est dans cet esprit que Jewl’cly propose une performance de danse mêlant différents styles, univers musicaux et chorégraphies. Une occasion de découvrir l’énergie, la précision et la créativité des étudiant.es !",2026-09-19 13:00:00+02:00,2026-09-19 13:30:00+02:00,UCLy - Université Catholique de Lyon,Lyon,10 place des archives 69002 Lyon,Journées européennes du patrimoine 2026 - Auvergne – Rhône-Alpes
30233196,Conférence dansée : À la découverte de la danse traditionnelle cham du Vietnam,"Proposé par Lê Hà, interprète de Lệ Hà, la mémoire à contre-courant","Proposé par Lê Hà, interprète de Lệ Hà, la mémoire à contre-courant  
Lê Hà vous invite à découvrir la danse cham, l'une des danses traditionnelles du Vietnam, héritée de l'ancien royaume du Champa.  
Venez explorer son histoire, son contexte culturel, à la croisée des mondes indien et d'Asie du Sud-Est, ainsi que les caractéristiques qui font la singularité de cet art : son rapport au sacré, la richesse de ses gestes, la fluidité de ses mouvements…  
Lê Hà partagera également comment cette danse nourrit sa création Lệ Hà, la mémoire à contre-courant, une recherche autour des héritages, de la transmission et de la mémoire.",2026-09-19 13:00:00+02:00,2026-09-19 14:30:00+02:00,Théâtre de l'Uchronie,Lyon,19 rue de Marseille 69007 Lyon,Journées européennes du patrimoine 2026 - Auvergne – Rhône-Alpes
3392889,Visite de l'hôtel du Gouverneur militaire de Lyon,Journées européennes du patrimoine,"Hôtel particulier du baron Joseph VITTA, banquier et marchand de soie piémontais, datant de 1858. Acquis en 1913 par la ville de Lyon pour y loger le gouverneur militaire.",2026-09-19 13:30:00+02:00,2026-09-19 18:30:00+02:00,Hôtel du gouverneur Lyon,Lyon,38 avenue Maréchal Foch 69006 LYON,Journées européennes du patrimoine 2026 - Auvergne – Rhône-Alpes
84549100,Roue  Augets en fonctionnement,Découvrez une roue à augets en fonctionnement.,Découvrez une roue à augets en fonctionnement.,2026-09-19 13:30:00+02:00,2026-09-19 18:00:00+02:00,Association au fil des mémoires,Collonges-au-Mont-d'Or,"14 rue Clos BERGIER, 69660 Collonges au mont d'or",Journées européennes du patrimoine 2026 - Auvergne – Rhône-Alpes
92402033,Du street art dans les anciennes prisons Saint Paul et Saint Joseph,"Dans le souterrain qui reliait les anciennes prisons St Paul et St Joseph, Didier CHAMIZO, anarchiste prisonnier, précurseur du street-art, a décoré ce lieu assez mystérieux.","Dans le souterrain qui reliait les anciennes prisons St Paul et St Joseph, Didier CHAMIZO, anarchiste prisonnier, précurseur du street-art, a décoré ce lieu assez mystérieux.  
Visite guidée gratuite et sans réservation. Nous constituons des petits groupes pour la visite par ordre d'arrivée de 13h30 à 18h00 le samedi 20/09 et dimanche 21/09.  
RDV au 17bis rue Delandine à Lyon 2ème.  
C'est une œuvre surprenante, insolite et incomparable qui pourrait se perdre. A découvrir de toute urgence. Ce n'est que la 5ème fois que ce site est ouvert au public. De part son originalité et sa qualité graphique, il mérite votre intérêt, votre curiosité ! Didier Chamizo (artiste mondialement coté) est LE précurseur du street art en France. Anarchiste des années post 68, braqueur de banque condamné lourdement, il a su valoriser son art et le travail d'autres prisonniers dans la décoration d'un tunnel qui servait à relier les 2 prisons Perrachoise. La mise en valeur de ce patrimoine culturel unique en France a été récompensé du ""coup de cœur"" du jury dans le cadre du prix citoyen du patrimoine 2024 de la ville de Lyon !",2026-09-19 13:30:00+02:00,2026-09-19 18:00:00+02:00,Tunnel Chamizo,Lyon,17 rue delandine 69002 Lyon,Journées européennes du patrimoine 2026 - Auvergne – Rhône-Alpes
50795847,Visite guidée de la mosquée Eyup Sultan,Cette visite commentée propose aux visiteurs de découvrir l’histoire et les particularités architecturales de la mosquée Eyüp Sultan.,"Cette visite commentée propose aux visiteurs de découvrir l’histoire et les particularités architecturales de la mosquée Eyüp Sultan. Accompagnés par des membres de la communauté, les participants pourront en apprendre davantage sur les différents espaces du lieu, son rôle dans la vie quotidienne des fidèles ainsi que sur les traditions liées au culte musulman.",2026-09-19 13:30:00+02:00,2026-09-19 17:00:00+02:00,Mosquée Eyup Sultan,Vénissieux,27 rue des Fréres Amadéo 69200 Vénissieux,Journées européennes du patrimoine 2026 - Auvergne – Rhône-Alpes
53136657,Visite de l'observatoire,"L’observatoire est animé par un médiateur scientifique. Découvrez la coupole, le grand télescope et les différents instruments à disposition :","L’observatoire est animé par un médiateur scientifique. Découvrez la coupole, le grand télescope et les différents instruments à disposition :

*   De nuit, un télescope Ritchey-Chrétien avec un miroir de 360 mm, vous permet d’observer les planètes, les nébuleuses ou les galaxies.

*   De jour, un autre Télescope (HaT) avec un miroir de 203 mm de diamètre, permet d’observer le Soleil en toute sécurité.

Un lieu unique pour s’initier à l’astronomie en famille et pour rencontrer des passionnés.",2026-09-19 13:30:00+02:00,2026-09-19 16:30:00+02:00,Planétarium de Vaulx-en-Velin,Vaulx-en-Velin,"Place de la Nation, 69120 Vaulx-en-Velin",Journées européennes du patrimoine 2026 - Auvergne – Rhône-Alpes
7525659,Visite de la Station de Traitement des Eaux Usées de Pierre-Bénite,Prévoir 30 minutes pour la visite de la station d'épuration pour découvrir les étapes de dépollution de l'eau avant rejet dans le milieu naturel.,Prévoir 30 minutes pour la visite de la station d'épuration pour découvrir les étapes de dépollution de l'eau avant rejet dans le milieu naturel.,2026-09-19 13:30:00+02:00,2026-09-19 16:00:00+02:00,Station d'épuration,Oullins-Pierre-Bénite,chemin du Barrage 69310 Oullins-Pierre-Bénite,Journées européennes du patrimoine 2026 - Auvergne – Rhône-Alpes
31891604,Dans les coulisses de l’Auditorium-Orchestre national de Lyon_visites libres,Découvrez les coulisses et parties techniques du bâtiment qui abrite l’Orchestre national de Lyon et ses 104 musiciennes et musiciens. Ces visites libres donnent exceptionnellement accès aux espaces …,"Découvrez les coulisses et parties techniques du bâtiment qui abrite l’Orchestre national de Lyon et ses 104 musiciennes et musiciens. Ces visites libres donnent exceptionnellement accès aux espaces techniques du bâtiment : grill technique, fosse, scène, coulisses, dégagements… Un livret est remis à chaque visiteur pour accompagner la déambulation d’explications et d’anecdotes.  
Durée : 1h",2026-09-19 13:30:00+02:00,2026-09-19 16:30:00+02:00,Auditorium Maurice-Ravel,Lyon,"149 rue Garibaldi, 69003 Lyon, France",Journées européennes du patrimoine 2026 - Auvergne – Rhône-Alpes
65333542,Parcours pédagogique sur le traitement et la valorisation énergétique des déchets,La Métropole propose un parcours pédagogique à l’Unité de Traitement et de Valorisation Énergétique des déchets (UTVE) située à Rillieux-la-Pape. L'objectif est de mieux comprendre le cycle de vie et…,"La Métropole propose un parcours pédagogique à l’Unité de Traitement et de Valorisation Énergétique des déchets (UTVE) située à Rillieux-la-Pape. L'objectif est de mieux comprendre le cycle de vie des déchets, et son intégration dans une économie circulaire. Au travers de visites guidées, gratuites, sur inscription, et organisées tout au long de l'année, les visiteurs se plongent dans ce parcours immersif d'une durée de 2 heures, pour découvrir, de manière ludique et pédagogique, les différents modes de traitement des déchets et la façon dont la Métropole s'emploie à leur valorisation. Ce parcours permet également d'appréhender le fonctionnement global du site industriel, grâce à un espace pédagogique dédié et une visite de la salle de commande. Celle-ci constitue l’un des points d’orgue de la visite et fait prendre conscience du volume de déchets que nous produisons ainsi que de la dimension hautement technologique de l'installation de valorisation énergétique. Le parcours est aussi agrémenté de différents jeux interactifs, portant sur la valorisation des déchets ou permettant de tester ses connaissances acquises au cours de la visite. Il donne enfin l'occasion de découvrir, via des films pédagogiques, ce qu'est l'économie circulaire, ou de suivre le cycle de vie du déchet, depuis sa production jusqu'à sa valorisation.  
Le saviez-vous ? Les UTVE de la Métropole de Lyon sont des outils industriels participant à la réduction de l’empreinte carbone du territoire. La Métropole dispose de 2 Unités de Traitement et de Valorisation Énergétique des déchets (l’une est située à Gerland et l’autre à Rillieux-la-Pape). À elles deux, plus de 400 000 tonnes de déchets sont ainsi traitées et valorisées chaque année. Les équipements permettent de capter de l’énergie issue du traitement de ces déchets, laquelle est ensuite redistribuée sous forme d’énergie. Ainsi, chaque année, les deux usines permettent de fournir de l’électricité pour 24 000 foyers et du chauffage pour 40 000 logements. L’Unité de Rillieux-la-Pape vient d’être modernisée. Désormais, elle met à disposition du réseau de chauffage urbain 30% de chaleur supplémentaire en traitant la même quantité de déchets, réduisant ainsi encore davantage l’empreinte carbone du territoire.",2026-09-19 13:30:00+02:00,2026-09-19 15:30:00+02:00,Unité de Traitement et Valorisation Energétique de Rillieux-la-Pape,Rillieux-la-Pape,2870 Avenue de l'Europe 69140 Rillieux la Pape,Journées européennes du patrimoine 2026 - Auvergne – Rhône-Alpes
89117814,Conférence : 90 ans du Front Populaire,90 Ans du Front Populaire,"**90 Ans du Front Populaire**  
Conférence animé par Pierre Coquan, Président de Institut d'Histoire Social CGT et membre du Comite d'Histoire et Mémoire de la Ville de Lyon.",2026-09-19 13:30:00+02:00,2026-09-19 15:00:00+02:00,La Bourse du travail,Lyon,"Place Guichard, 69003 Lyon, France",Journées européennes du patrimoine 2026 - Auvergne – Rhône-Alpes
3129940,Visite guidée de l'Eglise du Vieux Collonges,Visite guidée dz la plus vieille eglise de la commune,"Visite guidée dz la plus vieille eglise de la commune  
Concert de chansons sacrées le domanche à 17 h",2026-09-19 14:00:00+02:00,2026-09-19 18:00:00+02:00,Eglise Saint Nizier du Vieux Collonges,Collonges-au-Mont-d'Or,Le Vieux Collonges - 69660 Collonges-au-Mont-d'Or,Journées européennes du patrimoine 2026 - Auvergne – Rhône-Alpes
12554060,visite guidée de l'église,métro Hôtel de ville,Visite commentée de l'église,2026-09-19 14:00:00+02:00,2026-09-19 19:00:00+02:00,Eglise Notre-Dame-Saint-Vincent,Lyon,57 quai Saint Vincent 69001 Lyon,Journées européennes du patrimoine 2026 - Auvergne – Rhône-Alpes
11617447,La tour du télégraphe Chappe,"Visite commentée de la Tour du télégraphe Chappe (1794-1852, télégraphe optique) : diaporama et mécanisme Chappe, morse. Aujourd'hui inscrite au registre des Monuments historiqus, la tour Chappe au à…","Visite commentée de la Tour du télégraphe Chappe (1794-1852, télégraphe optique) : diaporama et mécanisme Chappe, morse. Aujourd'hui inscrite au registre des Monuments historiqus, la tour Chappe était intégrée au réseau de télégraphes reliant Lyon à Toulon. Outre la disparition de son mécanisme, c'est la seule tour restée intacte de la liaison.
----------------------------------------------------------------------------------------------------------------------------------------------------------------------------------------------------------------------------------------------------------------------------------------------------------------------------------------------------------",2026-09-19 14:00:00+02:00,2026-09-19 18:00:00+02:00,Tour du télégraphe,Sainte-Foy-lès-Lyon,"2 Mnt de la Chapelle, 69110 Sainte-Foy-lès-Lyon, France",Journées européennes du patrimoine 2026 - Auvergne – Rhône-Alpes
30027884,"Bon pied, bon oeil (derniers jours)",Cette exposition présente une partie des moulages en plâtre de l’École nationale des Beaux-Arts de Lyon déposés au MuMo. Ils sont illustrés par de nombreuses reproductions dessinées par plusieurs et…,Cette exposition présente une partie des moulages en plâtre de l’École nationale des Beaux-Arts de Lyon déposés au MuMo. Ils sont illustrés par de nombreuses reproductions dessinées par plusieurs générations d’élèves et de professeurs de l’École des beaux-arts.,2026-09-19 14:00:00+02:00,2026-09-19 18:00:00+02:00,Musée des Moulages,Lyon,"87, cours Gambetta, 69003 Lyon, Métropole de Lyon, Auvergne-Rhône-Alpes",Journées européennes du patrimoine 2026 - Auvergne – Rhône-Alpes
40007140,Denouer Noeudville – jeu de piste patrimonial,"Découverte ludique des endroits inédits, des pépites patrimoniales, des coins imprégnés d’histoire","Découverte ludique des endroits inédits, des pépites patrimoniales, des coins imprégnés d’histoire  
Samedi 19/9, 14h – 18h, dimanche 20/9, 10h – 12h et 14h – 18h  
Questionnaires disponibles dans la cour de la Mairie – résultats après les JEP",2026-09-19 14:00:00+02:00,2026-09-19 18:00:00+02:00,Hôtel de Ville de Neuville-sur-Saône,Neuville-sur-Saône,"Place du 8 mai 1945, 69250 Neuville-sur-Saône",Journées européennes du patrimoine 2026 - Auvergne – Rhône-Alpes
54986507,A la découverte du Musée des Moulages !,"Inauguré en 1899 au sein de la Faculté des lettres de l’université de Lyon, le Musée des Moulages est aujourd’hui installé dans un ancien local industriel du 3e arrondissement. Initialement dévolu à …","Inauguré en 1899 au sein de la Faculté des lettres de l’université de Lyon, le Musée des Moulages est aujourd’hui installé dans un ancien local industriel du 3e arrondissement. Initialement dévolu à l’enseignement de l’histoire de l’art et de l’archéologie, il est aujourd’hui également un lieu de médiation et de diffusion des savoirs ouvert sur la cité.  
Son exceptionnelle collection rassemble près de 1600 moulages en plâtre, copies fidèles et grandeur nature de célèbres rondes-bosses, bas-reliefs et statuettes. Elle est le reﬂet de l’évolution de la sculpture occidentale depuis la Grèce archaïque jusqu’au XIXe siècle.  
Cette visite d'environ 45 minutes propose une explication des techniques de moulages, de l'histoire du musée, et explore quelques statues choisies dans le parcours permanent.  
**Départ de visiteà 14h30, 15h30 et 16h30, samedi 19 et dimanche 20 septembre.**",2026-09-19 14:00:00+02:00,2026-09-19 18:00:00+02:00,Musée des Moulages,Lyon,"87, cours Gambetta, 69003 Lyon, Métropole de Lyon, Auvergne-Rhône-Alpes",Journées européennes du patrimoine 2026 - Auvergne – Rhône-Alpes
66082103,"Plongée dans les sociétés antiques, médiévales et Renaissance","Le Musée des Moulages de l’Université Lumière Lyon 2 inaugure à l'occasion des Journées du Patrimoine une nouvelle visites audio, à écouter sur son smartphone. ).","Le Musée des Moulages de l’Université Lumière Lyon 2 inaugure à l'occasion des Journées du Patrimoine une nouvelle visites audio, à écouter sur son smartphone. ).  
Cette visite propose de suivre le fil rouge de l’évolution du traitement du corps humain dans l’art grec, romain, médiéval et moderne. Grâce à la sélection de quelques-unes des plus belles statues de tous les temps, les visiteurs pourront découvrir et comprendre, leurs particularités,leur utilité, et leur signification historique, sociale et intellectuelle.",2026-09-19 14:00:00+02:00,2026-09-19 18:00:00+02:00,Musée des Moulages,Lyon,"87, cours Gambetta, 69003 Lyon, Métropole de Lyon, Auvergne-Rhône-Alpes",Journées européennes du patrimoine 2026 - Auvergne – Rhône-Alpes
67271014,Fermez les yeux…et jouez à cache-cache avec les oeuvres,Nous vous proposons un jeu en binôme qui vous fera découvrir les œuvres autrement.,"Nous vous proposons un jeu en binôme qui vous fera découvrir les œuvres autrement.  
Le principe est simple : Mettez un bandeau sur les yeux. Votre binôme vous décrira un moulage pendant que vous explorez avec les mains sa reproduction à taille réduite. Ensuite, vous sortez de la pièce, vous écrivez tout ce dont vous vous rappelez de l’œuvre touchée et vous devez la retrouver dans la salle d’exposition.  
Au-delà d’une approche ludique, ce jeu inaugure notre projet de médiation pour les personnes déficientes visuelles et propose un accès sensoriel à notre collection.  
Nous espérons que vous vous laisserez tenter par cette expérience !",2026-09-19 14:00:00+02:00,2026-09-19 18:00:00+02:00,Musée des Moulages,Lyon,"87, cours Gambetta, 69003 Lyon, Métropole de Lyon, Auvergne-Rhône-Alpes",Journées européennes du patrimoine 2026 - Auvergne – Rhône-Alpes
77452149,La colère des dieux,"Le Musée des Moulages de l’Université Lumière Lyon 2 inaugure à l'occasion des Journées du Patrimoine une nouvelle visites audio, à écouter sur son smartphone. Intitulée « La colère des Dieux », elle…","Le Musée des Moulages de l’Université Lumière Lyon 2 inaugure à l'occasion des Journées du Patrimoine une nouvelle visites audio, à écouter sur son smartphone. Intitulée « La colère des Dieux », elle illustre à partir de quelques statues bien choisies de l’art grec, toutes les émotions que le panthéon grec peut manifester. La colère, la vengeance, le sentiment amoureux sont au cœur de ces récits et les œuvres montrées en traduisent à la fois la force et une forme de beauté universelle et intemporelle.",2026-09-19 14:00:00+02:00,2026-09-19 18:00:00+02:00,Musée des Moulages,Lyon,"87, cours Gambetta, 69003 Lyon, Métropole de Lyon, Auvergne-Rhône-Alpes",Journées européennes du patrimoine 2026 - Auvergne – Rhône-Alpes
82831509,VISITE GUIDÉE Église Sainte-Jeanne d'Arc,Journées européennes du patrimoine,"**Église Sainte-Jeanne d’Arc à Vénissieux : un patrimoine à découvrir**
-----------------------------------------------------------------------

### _**Inscrite à l'inventaire supplémentaire des Monuments historiques depuis juin 2006**_

### Localisation : Quartier de Parilly, Vénissieux, rue Jeanne Labourbe

**Architecte : Joanny Verger**  
**Construction : Entre 1931 et 1933**  
**Un lieu chargé d’Histoire**  
L’Église Sainte-Jeanne d’Arc, bien que modeste dans son architecture, se distingue par l’histoire de sa construction. **Érigée en 1933 par les ouvriers de l’usine Berliet, elle est le fruit du travail d’une communauté d’émigrés, principalement espagnols et italiens. Berliet a été l’un des principaux donateurs**. Il a joué un rôle clé en permettant à ses employés de bâtir cet édifice pendant leurs heures de travail.  
**Des vitraux uniques**  
L’originalité de cette église, ce sont ses vitraux, **réalisés par le maître verrier belge Théodore Gérard Hanssen,** connu pour avoir également conçu des vitraux pour la basilique du Sacré-Cœur de Paris et de nombreux autres dans le monde. Ces œuvres d’art représentent la Sainte Famille dans le contexte du milieu ouvrier de Berliet. Leur qualité artistique a grandement contribué à la reconnaissance de l’église comme un patrimoine d’exception.  
**Un Chemin de Croix lithographique**  
Le chemin de croix lithographique, œuvre d’**Alexandre Grellet,** complète l’ensemble artistique de l’église, ajoutant une dimension spirituelle à ce lieu de culte.  
En visitant l’église Sainte-Jeanne d’Arc, vous aurez l’opportunité de plonger dans l’histoire de Vénissieux et de découvrir l’importance de cet édifice dans le paysage local. Pour les Journées européennes du patrimoine, des visites guidées vous permettront d’en apprendre davantage sur son architecture, ses vitraux et son histoire.  
L’église Sainte-Jeanne d’Arc vous attend pour une expérience enrichissante !",2026-09-19 14:00:00+02:00,2026-09-19 17:00:00+02:00,Eglise Sainte-Jeanne d'Arc,Vénissieux,"rue Jeanne Labourbe, Vénissieux",Journées européennes du patrimoine 2026 - Auvergne – Rhône-Alpes
85415871,"Exposition  ""80ème anniversaire du parrainage du village de Bezange-La-Petite (Moselle) par la ville d'Irigny","Suite à la destruction du village en septembre 1944, lors de l'avancée des alliés, la Ville d'Irigny a parrainé, en 1946, le village de Bezange-La-Petite, afin de l'aider à se reconstruire et venir à…","Suite à la destruction du village en septembre 1944, lors de l'avancée des alliés, la Ville d'Irigny a parrainé, en 1946, le village de Bezange-La-Petite, afin de l'aider à se reconstruire et venir en aide à ses habitants.  
A l'occasion du 80eme anniversaire du parrainage du village de Bezange-La-Petite par la ville d'Irigny, l'association pour le Patrimoine propose une exposition photos des moments forts de ce parrainage.",2026-09-19 14:00:00+02:00,2026-09-19 18:00:00+02:00,Maison du Patrimoine Irigny,Irigny,16 rue du 8 mai 1945 - 69540 IRIGNY,Journées européennes du patrimoine 2026 - Auvergne – Rhône-Alpes
92437215,Le Clos du Nymphée dans le parc d'Ombreval,"Découvrez le Nymphée du parc du château d'Ombreval, un ancien pavillon en forme de grotte pour le rafraîchissement après la promenade, avec l'association Neuville Histoire & Patrimoine.","Découvrez le Nymphée du parc du château d'Ombreval, un ancien pavillon en forme de grotte pour le rafraîchissement après la promenade, avec l'association Neuville Histoire & Patrimoine.",2026-09-19 14:00:00+02:00,2026-09-19 18:00:00+02:00,Le Nymphée dans le Parc Ombreval,Neuville-sur-Saône,69250 Neuville-sur-Saône,Journées européennes du patrimoine 2026 - Auvergne – Rhône-Alpes
98256401,"Château d'Ombreval, le jardin d'Arc et l'allée des Charmilles","Visite de la cour, des sous-sols (photo) du château ainsi que de l'allée des Charmilles avec Neuville Histoire & Patrimoine.","Visite de la cour, des sous-sols (photo) du château ainsi que de l'allée des Charmilles avec Neuville Histoire & Patrimoine.  
Le Château d’Ombreval est l’un des symboles de l’expansion de Neuville-sur-Saône au XVIIème siècle sous l’impulsion de Camille de Neuville de Villeroy.  
Depuis 1961, le château est devenu l’Hôtel de Ville de Neuville-sur-Saône et les anciens jardins un parc ouvert aux habitants, agrémentés de bassins et de jeux pour enfants, et dans lequel se déroulent de nombreuses animations tout au long de l’année.",2026-09-19 14:00:00+02:00,2026-09-19 18:00:00+02:00,Hôtel de Ville de Neuville-sur-Saône,Neuville-sur-Saône,"Place du 8 mai 1945, 69250 Neuville-sur-Saône",Journées européennes du patrimoine 2026 - Auvergne – Rhône-Alpes
99118739,Exposition du papier peint panoramique Pignet,"Venez découvrir ce lieu méconnu abritant un papier peint panoramique du ""Chemin de fer de Saint-Etienne à Lyon"".","Venez découvrir ce lieu méconnu abritant un papier peint panoramique du ""Chemin de fer de Saint-Etienne à Lyon"".  
Ce dernier date de 1840 et est attribué à la manufacture Pignet.",2026-09-19 14:00:00+02:00,2026-09-19 17:30:00+02:00,Pavillon Pignet,Saint-Genis-Laval,"116 avenue Georges Clémenceau, Saint-Genis-Laval, 69230",Journées européennes du patrimoine 2026 - Auvergne – Rhône-Alpes
831750,Exposition : Textiles anciens,Journées européennes du patrimoine,"Visite guidée de l’exposition dédiée au textile, patrimoine lyonnais incontournable en présence de notre expert.",2026-09-19 14:00:00+02:00,2026-09-19 18:00:00+02:00,De Baecque et Associés,Lyon,"70, rue Vendôme",Journées européennes du patrimoine 2026 - Auvergne – Rhône-Alpes
1945204,Maison de ventes aux enchères : Portes ouvertes,Journées européennes du patrimoine,"Visite guidée de la maison de ventes : présentation de la salle des ventes, et du métier de commissaire-priseur.",2026-09-19 14:00:00+02:00,2026-09-19 18:00:00+02:00,De Baecque et Associés,Lyon,"70, rue Vendôme",Journées européennes du patrimoine 2026 - Auvergne – Rhône-Alpes
68668164,Zones humides pour la vie,"Là où il y a de l’eau, il y a de la vie. Plongez au cœur des milieux d’eau douce et découvrez un monde incroyable !","Là où il y a de l’eau, il y a de la vie. Plongez au cœur des milieux d’eau douce et découvrez un monde incroyable !  
Des grenouilles aux flamants roses, l’eau douce abrite une incroyable biodiversité. Venez découvrir les animaux qui dépendent des zones humides du Parc zoologique de Lyon dans le cadre de la campagne Wetlands for Life.",2026-09-19 14:00:00+02:00,2026-09-19 15:00:00+02:00,Parc zoologique de Lyon Parc de la Tête d'or,Saint-Genis-Laval,avenue des belges 69006 Lyon,Journées européennes du patrimoine 2026 - Auvergne – Rhône-Alpes
76145246,"Ateliers ""Parents-enfants"" construisez le patrimoine en brique Légo","Participez à des ateliers encadrés où chaque binôme parent-enfant réalisera des créations exclusives Bricks 4 Kidz autour du thème de l'architecture et du patrimoine, en France et dans le monde.","Participez à des ateliers encadrés où chaque binôme parent-enfant réalisera des créations exclusives Bricks 4 Kidz autour du thème de l'architecture et du patrimoine, en France et dans le monde.  
Au programme :Tour Eiffel, Arc de Triomphe, et bien d'autres encore !",2026-09-19 14:00:00+02:00,2026-09-19 17:00:00+02:00,Mairie de Caluire et Cuire,Caluire-et-Cuire,Place du Docteur Dugoujon 69300 Caluire et Cuire,Journées européennes du patrimoine 2026 - Auvergne – Rhône-Alpes
50900191,Visite guidée de la Maison des Canuts et de l'atelier Mattelon,Journées européennes du patrimoine,"Plongez dans l'atelier de la Maison des Canuts pour assister à une démonstration sur métier à bras du XIXème siècle, puis à une conférence dans laquelle sont explicités les enjeux auxquels est confronté le textile aujourd'hui. Une vision globale sur l'évolution des savoir-faire de la soie depuis l'époque de Louis XIV, jusqu'à aujourd'hui.  
La visite se poursuit en découvrant l'Atelier Mattelon : classé Monument Historique, découvrez le dernier atelier familial du quartier, conservé dans son jus depuis 1878 !",2026-09-19 14:00:00+02:00,2026-09-19 16:30:00+02:00,Maison des canuts,Lyon,"10, Rue d'Ivry, 69004 Lyon",Journées européennes du patrimoine 2026 - Auvergne – Rhône-Alpes
2131834,Visite libre et visite commentée des vitraux,Accueil et visite libre de l'église,"Accueil et visite libre de l'église  
Visite commentée de l'orgue et des vitraux",2026-09-19 14:00:00+02:00,2026-09-19 16:00:00+02:00,Eglise Saint Sacrement,Lyon,15 rue Etienne Dolet 69003 Lyon,Journées européennes du patrimoine 2026 - Auvergne – Rhône-Alpes
68765193,Atelier d'initiation au cyanotype - festival MUSIC'LY,Journées européennes du patrimoine,"Le cyanotype est une technique photographique inventée au XIXe siècle, qui permet de créer des images d'un bleu profond à l’aide de la lumière du soleil et de produits photosensibles. On l’applique sur du papier, du tissu ou même du bois, pour révéler des compositions florales, des objets ou photos... comme par magie ! Accessible, durable et sans besoin de chambre noire, le cyanotype mêle créativité manuelle et découverte scientifique.  
A partir de 8 ans.",2026-09-19 14:00:00+02:00,2026-09-19 16:00:00+02:00,UCLy - Université Catholique de Lyon,Lyon,10 place des archives 69002 Lyon,Journées européennes du patrimoine 2026 - Auvergne – Rhône-Alpes
97383765,Découverte du Parc zoologique de Lyon,Ne ratez pas cette occasion de découvrir autrement les pensionnaires du Parc zoologique. Un rendez-vous incontournable !,"Ne ratez pas cette occasion de découvrir autrement les pensionnaires du Parc zoologique. Un rendez-vous incontournable !  
De la Plaine africaine aux Forêts d’Asie, en passant par les enclos des primates, loutres et même les bassins des tortues, laissez-vous guider pour explorer chaque recoin du parc.",2026-09-19 14:00:00+02:00,2026-09-19 15:30:00+02:00,Parc zoologique de Lyon Parc de la Tête d'or,Saint-Genis-Laval,avenue des belges 69006 Lyon,Journées européennes du patrimoine 2026 - Auvergne – Rhône-Alpes
57530167,À la découverte du premier théâtre flottant,"Visite du premier théâtre flottant d'Europe, sa construction, sa mise à l'eau et son convoyage hors norme. Découverte de ses espaces de théâtre unique avec leurs scènes ""dans le Rhône"" et de ses de à…","Visite du premier théâtre flottant d'Europe, sa construction, sa mise à l'eau et son convoyage hors norme. Découverte de ses espaces de théâtre unique avec leurs scènes ""dans le Rhône"" et de ses activités de spectacle vivant accessible à tous les publics dès 3 mois.",2026-09-19 14:00:00+02:00,2026-09-19 17:30:00+02:00,Théâtre L'Île Ô,Lyon,"Berge Bertha Von Suttner, 69007 Lyon",Journées européennes du patrimoine 2026 - Auvergne – Rhône-Alpes
25795323,Visite guidée du Bois de la Caille,Bois de la caille,"Bois de la caille  
Le Bois de la Caille, mêlant environnement urbain et zones boisées anciennes, constitue un site remarquable et stratégique pour la préservation des chauves-souris.",2026-09-19 14:00:00+02:00,2026-09-19 15:30:00+02:00,Bois de la Caille,Caluire-et-Cuire,8 rue de la Caille 69300 Caluire et Cuire,Journées européennes du patrimoine 2026 - Auvergne – Rhône-Alpes
50662098,Atelier sculpture au papier maché - festival MUSIC'LY,Journées européennes du patrimoine,"Donnez corps à votre imaginaire en explorant la technique du papier mâché et le travail de la matière.  
A partir de 10 ans.",2026-09-19 14:00:00+02:00,2026-09-19 16:00:00+02:00,UCLy - Université Catholique de Lyon,Lyon,10 place des archives 69002 Lyon,Journées européennes du patrimoine 2026 - Auvergne – Rhône-Alpes
3945501,Escape Game Historique au Moulin-à-Vent avec Viniciacum,"• Lieu de départ : Place Ennemond Romand, à côté de l'église (En cas de pluie : École primaire du Moulin-à-Vent).","• Lieu de départ : Place Ennemond Romand, à côté de l'église (En cas de pluie : École primaire du Moulin-à-Vent).  
• Lieu d'arrivée : École Ernest-Renan.  
L'association Viniciacum et la troupe « Vénissieux en scène » vous invitent à un parcours immersif de 3 km au cœur du quartier du Moulin-à-Vent. Muni d'un carnet de route (adulte ou enfant), vous devrez résoudre des énigmes, décoder des messages et manipuler des codex tout en croisant des personnages hauts en couleur. De l'architecte Émile Chollat à l'usine Tubize, en passant par le Père Gilou, le château de Champagneux et la piscine intercommunale, préparez-vous à une aventure en plein air palpitante où le passé vient directement à votre rencontre !  
Départ en continu. Gratuit, sans réservation. Constitution des équipes (10 à 20 personnes) directement sur place. Tout public (parcours adaptés pour adultes et enfants).",2026-09-19 14:00:00+02:00,2026-09-19 18:00:00+02:00,"Place Ennemond Romand, 69200 Vénissieux",Vénissieux,Place Ennemond Romand,Journées européennes du patrimoine 2026 - Auvergne – Rhône-Alpes
52040988,Ouverture de saison - journée du patrimoine,Le Centre Culturel ouvre ses portes exceptionnellement le samedi,"Le Centre Culturel ouvre ses portes exceptionnellement le samedi  
19 septembre après-midi pour les Journées Européenne du Patrimoine 2026.  
Le Polaris de Corbas vous propose deux visites d’une heure à 14h et à 15h : rencontre de l’équipe, visite du théâtre et de ses coulisses avec la complicité  
de nos artistes associés : le collectif le Bleu d’Armand et la compagnie Stylistik. !",2026-09-19 14:00:00+02:00,2026-09-19 18:00:00+02:00,Le Polaris,Corbas,5 avenue de corbetta 69960 Corbas,Journées européennes du patrimoine 2026 - Auvergne – Rhône-Alpes
73079955,Visites commentées du SEIZE,"Venez découvrir le nouveau lieu d'exposition immersif, mis en place par le Street Art Rillieux. L’artiste Veks Van Hillik invite des artistes de la scène nationale et belge du street art et du à avec…","Venez découvrir le nouveau lieu d'exposition immersif, mis en place par le Street Art Rillieux. L’artiste Veks Van Hillik invite des artistes de la scène nationale et belge du street art et du lowbrow à créer avec lui un cabinet de curiosité artistique dans les sous-sol d’un immeuble de Rillieux-la-Pape. Chaque artiste a interprété à sa manière le cabinet de curiosité par le biais de diverses techniques : installations, sculptures, peintures…",2026-09-19 14:00:00+02:00,2026-09-19 15:00:00+02:00,Le Seize,Rillieux-la-Pape,16 avenue du Mont-Blanc 69140 Rillieux-la-Pape,Journées européennes du patrimoine 2026 - Auvergne – Rhône-Alpes
73803105,"Visite de l’Espace Théodore Monod, un projet architectural au service de la cité","Visite de l’Espace Théodore Monod, un projet architectural au service de la cité","Visite de l’Espace Théodore Monod, un projet architectural au service de la cité  
Saviez-vous que le premier temple protestant jamais construit à Lyon était rond ?  
Le temple de l’Espace Théodore Monod n’est pas rond. Mais il a aussi une belle charpente.  
L’Espace Monod accueille trois églises protestantes de la Fédération Protestante de France. Ces églises Luthéro-réformée, Adventiste et Malgache sont issues de la Réforme du XVIe siècle, inspirée par Martin Luther puis Jean Calvin.",2026-09-19 14:00:00+02:00,2026-09-19 18:00:00+02:00,Espace protestant Théodore Monod,Vaulx-en-Velin,"22 Rue Romain Rolland, 69120 Vaulx-en-Velin",Journées européennes du patrimoine 2026 - Auvergne – Rhône-Alpes
77274200,Visite insolite au coeur du quartier de la Saulaie,"Venez vivre un moment festif et insolite au coeur du quartier de la Saulaie. Entre patrimoine industriel, friches et culture, plongez dans l’ambiance singulière d’un lieu en pleine métamorphose.","Venez vivre un moment festif et insolite au coeur du quartier de la Saulaie. Entre patrimoine industriel, friches et culture, plongez dans l’ambiance singulière d’un lieu en pleine métamorphose.  
Guidées par Éloïse de Lyon Insolite, habitante du quartier et conteuse urbaine, ces balades vous invitent à découvrir le quartier autrement entre histoire et projet urbain.",2026-09-19 14:00:00+02:00,2026-09-19 18:00:00+02:00,Parc de la Saulaie,Oullins,"avenue edmond locard, 69600 Oullins",Journées européennes du patrimoine 2026 - Auvergne – Rhône-Alpes
87036,Balade urbaine,Journées européennes du patrimoine,"BALADES URBAINES pour découvrir Neuville intra-muros en arpentant les rues avec votre appareil photos - photographier un lieu qui vous inspire et envoyez votre photos à l'adresse mail suivante : [neuvillepatrimoine@gmail.com](mailto:neuvillepatrimoine@gmail.com)  
Un tirage au sort permettra au 3 selectionnés de gagner un livret sur les transports ou sur Neuville au fil du temps!",2026-09-19 14:00:00+02:00,2026-09-19 15:30:00+02:00,Hôtel de Ville de Neuville-sur-Saône,Neuville-sur-Saône,"Place du 8 mai 1945, 69250 Neuville-sur-Saône",Journées européennes du patrimoine 2026 - Auvergne – Rhône-Alpes
47385615,L'église de l'Immaculée Conception et son Orgue,"les organistes de la Paroisse présente l’orgue Pierre Saby (14/16 II/P) installé en octobre 2000. Ils proposent une histoire de la facture d’orgue à travers les siècles, celle de l’orgue de l’église…","les organistes de la Paroisse présente l’orgue Pierre Saby (14/16 II/P) installé en octobre 2000. Ils proposent une histoire de la facture d’orgue à travers les siècles, celle de l’orgue de l’église de l’Immaculée Conception, son fonctionnement, ses caractéristiques sonores illustrées par des morceaux du répertoire.",2026-09-19 14:00:00+02:00,2026-09-19 17:30:00+02:00,Eglise de l'IImmaculée Conception,Caluire-et-Cuire,place de l'eglise 69300 Caluire et Cuire,Journées européennes du patrimoine 2026 - Auvergne – Rhône-Alpes
6930425,Visite du lycée du Parc et de la Cour d'Honneur,Visite du lycée du Parc,"Visite du lycée du Parc
-----------------------

Sur réservation uniquemeent, visites commentées à 14h, 15h et 16h, réalisées par les terminales de l'option histoire de l'art.  
Visite libre de la Cour d'Honneur du lycée",2026-09-19 14:00:00+02:00,2026-09-19 17:00:00+02:00,Lycée du Parc,Lyon,1 boulevard Anatole France 69006 LYON,Journées européennes du patrimoine 2026 - Auvergne – Rhône-Alpes
22079887,Visite guidée du Lycée du Parc (Lyon),"La visite guidée du Lycée du Parc de Lyon sera assurée par des élèves de Première et de Terminale, suivant l'option ""Histoire de l'art"".","### La visite guidée du Lycée du Parc de Lyon sera assurée par des élèves de Première et de Terminale, suivant l'option ""Histoire de l'art"".

### Visite à 14h, 15h et 16h.

Inscription obligatoire.
------------------------",2026-09-19 14:00:00+02:00,2026-09-19 15:00:00+02:00,Lycée du Parc,Lyon,"1bd Anatole France, 69006 Lyon",Journées européennes du patrimoine 2026 - Auvergne – Rhône-Alpes
192636,Revisitons le Sentier des Cabornes,Journées européennes du patrimoine,"L'association La PIE Verte invite le public à visiter ces cabanes en pierres sèches dans le massif des Monts d'Or qui, pour certaines, sont en déshérence, en péril, le long des chemins hors du Sentier thématique des Cabornes.",2026-09-19 14:00:00+02:00,2026-09-19 16:30:00+02:00,Tour Risler,Poleymieux-au-Mont-d'Or,chemin de la Tour Risler 69250 Poleymieux au Mont d'Or,Journées européennes du patrimoine 2026 - Auvergne – Rhône-Alpes
2509290,Visite guidée du Saint-Thomas d'Aquin historique,Journées européennes du patrimoine,"Découvrez l’histoire de Saint-Thomas d’Aquin à Oullins à travers une visite guidée exceptionnelle de ses espaces les plus emblématiques.  
Au fil du parcours d'une heure environ, plongez dans le passé de cet établissement chargé d’histoire, découvrez l’évolution de son architecture et les grandes étapes qui ont marqué son développement. La visite vous conduira également à la chapelle, véritable joyau du site, où vous pourrez admirer son patrimoine architectural et artistique tout en découvrant son rôle dans la vie de l’établissement au fil des générations.  
Une occasion unique de porter un nouveau regard sur un lieu emblématique du patrimoine oullinois.",2026-09-19 14:00:00+02:00,2026-09-19 15:00:00+02:00,Collège Saint-Thomas d'Aquin,Oullins,"56 rue du Perron, 69600 Oullins",Journées européennes du patrimoine 2026 - Auvergne – Rhône-Alpes
5239403,"Atelier ""Peindre un lieu pour mieux l'habiter"" - festival MUSIC'LY","Voir pour dessiner, dessiner pour voir, c’est s’approprier l’espace pour mieux l’habiter. Dessiner et peindre l’architecture du site Saint-Paul et s’approprier par l’œil et par la main le projet une…","Voir pour dessiner, dessiner pour voir, c’est s’approprier l’espace pour mieux l’habiter. Dessiner et peindre l’architecture du site Saint-Paul et s’approprier par l’œil et par la main le projet d’avoir transformé une prison en un lieu d’avenir et de formation.",2026-09-19 14:00:00+02:00,2026-09-19 16:00:00+02:00,UCLy - Université Catholique de Lyon,Lyon,10 place des archives 69002 Lyon,Journées européennes du patrimoine 2026 - Auvergne – Rhône-Alpes
20409446,Balade lyonnaise et artistique pour les kids,Nous proposons aux enfants (de 5-10 ans) une balade urbaine artistique pour découvrir Lyon autrement.,"Nous proposons aux enfants (de 5-10 ans) une balade urbaine artistique pour découvrir Lyon autrement.  
Au programme : **3 oeuvres insolites** qui ont marqué l'histoire de la ville. En mode ""**Chasseurs d'oeuvres d'art**"", les enfants découvriront plusieurs sculptures, leur histoire et des techniques artistiques variées. Equipés de leur **carnet d'explorateur**, ils pourront observer chaque oeuvre, trouver les solutions des jeux proposés et réaliser un DIY .  
En chemin, nous visiterons une **galerie d'art** pas comme les autres !  
Alors mettez vos baskets et rejoignez-nous !",2026-09-19 14:00:00+02:00,2026-09-19 16:00:00+02:00,Galerie Em'Arts,Lyon,"8 rue de la poulaillerie, 69002 LYON",Journées européennes du patrimoine 2026 - Auvergne – Rhône-Alpes
77128657,Visite guidée,"De place en place, deux mille ans d’histoire visite patrimoniale de la Mairie du 2e arrondissement","**De place en place deux mille ans d'histoire :**  
**Antonin Poncet-Jacobin.**  
Cité bimillénaire, Lyon s’est construite au fil des siècles, par la création de rues et places.  
C’est celles du 2e arrondissement, que se propose de vous faire découvrir Bruno Lépine, journaliste, au travers d’une balade historique et patrimoniale qui vous permettra de sillonner les rues, de la place Carnot sous les eaux au XVIIIe siècle, à la place des Jacobins existante au Moyen-Age.  
Berceau historique de la ville, la Presqu’île, et particulièrement le 2e arrondissement, dévoile les célébrités et institutions qui au fil du temps ont marqué de leur empreinte le territoire entre Rhône et Saône. Entre pouvoir religieux et pouvoir politique, entre puissance économique et culturelle, la Presqu’île a toujours été le cœur battant de la cité.  
Tout au long de ce parcours, les noms des rues dans lesquelles vous passerez, et des rues avoisinantes vous seront expliqués. Bref, tout savoir sur le 2e, magnifique arrondissement de Lyon !

Parcours : Départ Place Antonin Poncet, place Bellecour, rue Colonel Chambonnet, place Antonin Gourju, rue des Templiers, rue Pazzi, place des Célestins, rue Moncharmont, rue Jean Fabre, place des Jacobins, rue Edouard Herriot, place Bellecour.  
RV devant le clocher de la Charité",2026-09-19 14:00:00+02:00,2026-09-19 16:00:00+02:00,Mairie du 2e arrondissement de Lyon,Lyon,2 rue d'Enghien 69002 LYON,Journées européennes du patrimoine 2026 - Auvergne – Rhône-Alpes
83086014,"""Les Brotteaux: terre de rois, terre d'usines""","Ce parcours commenté est une invitation à découvrir le quartier lyonnais des Brotteaux: sa gare, les hôtels qui l'environnent et les personnages qui y vécurent parmi lesquels deux photographes. Nous …","Ce parcours commenté est une invitation à découvrir le quartier lyonnais des Brotteaux: sa gare, les hôtels qui l'environnent et les personnages qui y vécurent parmi lesquels deux photographes. Nous marcherons aussi sur les traces des très nombreuses entreprises qui y eurent leurs sièges et parfois leurs lieux de production. La pioche du démolisseur a hélas beaucoup agi mais nous découvrirons avec surprise que certains de ces bâtiments ont aujourd'hui acquis une nouvelle vocation. Nous marquerons une halte devant le parc de la Tête d'Or où se tinrent les expositions internationales de 1872 et 1894.  
Départ du parcours à 14h place du Général Diego Brosset face à l'aire de jeux pour enfants  
La réservation est possible car elle garantit votre participation mais elle n'est pas obligatoire.",2026-09-19 14:00:00+02:00,2026-09-19 16:00:00+02:00,Place du Général Diego Brosset Lyon 6e,Lyon,place du Général Brosset 69006 Lyon,Journées européennes du patrimoine 2026 - Auvergne – Rhône-Alpes
64902678,Levez les yeux,"L’association Aimer Lire et Patrimoine vous invite à lever les yeux pour découvrir ou redécouvrir les 3 points culminants de Chassieu : le clocher, le château d’eau et la tour hertzienne.","L’association Aimer Lire et Patrimoine vous invite à lever les yeux pour découvrir ou redécouvrir les 3 points culminants de Chassieu : le clocher, le château d’eau et la tour hertzienne.  
Ces 3 constructions racontent l’histoire et l’évolution de la ville, de la petite paroisse du Dauphiné à la ville au fort développement économique et territoriale, connectée à la Métropole de Lyon.  
Association Aimer Lire et Patrimoine / 06 83 51 63 14 / [aimerlire69@gmail.com](mailto:aimerlire69@gmail.com)",2026-09-19 14:00:00+02:00,2026-09-19 15:30:00+02:00,Chassieu le Haut,Chassieu,Place de la République 69680 CHASSIEU,Journées européennes du patrimoine 2026 - Auvergne – Rhône-Alpes
17652741,Portes ouvertes de l'équipement Annie-Steiner,"Guidés par l’équipe de la bibliothèque, de l’Équipement Polyvalent Jeunes et du Fablab, découvrez les plans, maquettes et prévisualisations du bâtiment pour en comprendre toute l'architecture et vous…","Guidés par l’équipe de la bibliothèque, de l’Équipement Polyvalent Jeunes et du Fablab, découvrez les plans, maquettes et prévisualisations du bâtiment pour en comprendre toute l'architecture et vous l’approprier au quotidien.",2026-09-19 14:00:00+02:00,2026-09-19 15:00:00+02:00,Equipement Annie-Steiner,Vénissieux,"5 rue Abbé Glasberg, 69200 Vénissieux",Journées européennes du patrimoine 2026 - Auvergne – Rhône-Alpes
51428746,Le rêve d’Icare (Les séances du Planétarium),Journées européennes du patrimoine,"Grâce à Léonard de Vinci, aux frères Montgolfier, aux frères Wright et à tous les génies qui ont percé les mystères du vol, découvrez comment ce rêve est devenu réalité.  
Le travail de ces inventeurs et scientifiques nous permet aujourd’hui de voyager en avion, de franchir notre atmosphère à bord de fusées et satellites, et surtout d’explorer les confins de l’Univers.  
Revivez les grandes étapes de la conquête du ciel : des premières machines imaginées dans l’Antiquité au lancement des satellites et des fusées dans l’espace.  
Un voyage fascinant qui vous montre comment un rêve humain millénaire est devenu une exploration de l’espace.  
Publics : adultes, ados, familles dès 10 ans  
Film avec une séance d’astronomie animée par un médiateur scientifique  
Durée 1 heure",2026-09-19 14:00:00+02:00,2026-09-19 15:00:00+02:00,Planétarium de Vaulx-en-Velin,Vaulx-en-Velin,"Place de la Nation, 69120 Vaulx-en-Velin",Journées européennes du patrimoine 2026 - Auvergne – Rhône-Alpes
87432513,"Conférence « Patrimoine, quand le péril devient opportunité » par Guillemette Gardette",Journées européennes du patrimoine,"D’héritage embarrassant et souvent coûteux à la charge des collectivités ou des privés, le patrimoine architectural peut devenir une véritable opportunité pour créer de la richesse économique, sociale et culturelle dans les territoires.  
Cette conférence est proposée en partenariat avec l’UNIVA, qui poursuivra cette réflexion au 2e semestre en proposant des cours sur le patrimoine animés par Guillemette Gardette, fondatrice et présidente de l’agence Médiéval AFP spécialisée dans la valorisation du patrimoine.  
A partir de 6 ans.",2026-09-19 14:00:00+02:00,2026-09-19 15:00:00+02:00,UCLy - Université Catholique de Lyon,Lyon,10 place des archives 69002 Lyon,Journées européennes du patrimoine 2026 - Auvergne – Rhône-Alpes
38077029,Atelier d'initiation au chant choral pour les 7 à 12 ans - festival MUSIC'LY,Journées européennes du patrimoine,"Le campus Saint-Paul a le plaisir d'accueillir le Centre de la Voix pour vous faire découvrir son atelier de découverte du chant choral !  
Venez partager un moment musical chaleureux et tester le chant en groupe lors d’un atelier animé par Emmanuelle Halimi destiné à un public d'enfants âgés de 7 à 12 ans.",2026-09-19 14:00:00+02:00,2026-09-19 14:45:00+02:00,UCLy - Université Catholique de Lyon,Lyon,10 place des archives 69002 Lyon,Journées européennes du patrimoine 2026 - Auvergne – Rhône-Alpes
87047875,Conférence • L’énigme d’une momie égyptienne,"Le musée des Confluences abrite l’une des plus riches collections de momies égyptiennes, témoins silencieux d’un monde disparu. Parmi elles, un individu de presque 2 000 ans qui dévoile aujourd’hui !…","Le musée des Confluences abrite l’une des plus riches collections de momies égyptiennes, témoins silencieux d’un monde disparu. Parmi elles, un individu de presque 2 000 ans qui dévoile aujourd’hui de précieuses informations comme son âge, son quotidien, son état de santé… mais des mystères subsistent encore ! Grâce aux analyses scientifiques, son histoire se recompose peu à peu.  
Avec **Cintia Gama Rolland**, chargée des collections égyptologie, archéologie et Europe au musée des Confluences et **Annie Perraud**, docteure en égyptologie",2026-09-19 14:00:00+02:00,2026-09-19 14:45:00+02:00,"Musée des Confluences, musée Guimet et muséum d'histoire naturelle",Lyon,"86 Quai Perrache, 69002 Lyon, France",Journées européennes du patrimoine 2026 - Auvergne – Rhône-Alpes
9192111,Visite guidée,Journées européennes du patrimoine,"Visite guidée 15h samedi et dimanche.  
Construction 16ème s. / 19ème s., tableaux du 17ème , 18 et 19ème s. Vitraux : 19 et 20ème s.",2026-09-19 14:30:00+02:00,2026-09-19 17:30:00+02:00,Collégiale Saint-Just,Lyon,"41 Rue des Farges, 69005 Lyon, France",Journées européennes du patrimoine 2026 - Auvergne – Rhône-Alpes
32889240,Visite de Saint-Irénée,Visite du site saint Irénée :,"Visite du site saint Irénée :  
Eglise du 19ème s. avec les vitraux de L. Bégulle qui font mémoire des martyrs de lyon des 2ème et 3ème siècle. Tombeau de saint gébuin -1er primat des gaules lyonnais.  
Crypte du 6ème s. qui abrita le corps de st irénée 2ème évêque de Lyon au 2ème siècle, ainsi que les corps de 2 autres martyrs du 2ème s. Une 4ème grande restauration vient de s'achever.et a permis de retrouver des appareils de pierres du 6ème s. et de l'époque carolingienne ainsi que des peintures du 13ème et 19ème s.  
Un Calvaire- le seul Calvaire en plein air de Lyon et un chemin de croix implantés entre le 17ème s. et le 19ème s. complètent l'ensemble Eglise/ Crypte.  
Visite à 15h , samedi et dimanche.",2026-09-19 14:30:00+02:00,2026-09-19 17:30:00+02:00,Église Saint-Irénée,Lyon,"Place Saint Irénée, 69005 Lyon, France",Journées européennes du patrimoine 2026 - Auvergne – Rhône-Alpes
37636086,Les vélos rigolos,"Qui n'a pas un jour, essayé de faire des fantaisies ou acrobaties avec son vélo ? Venez tester une trentaine de vélos rigolos, pour petits et grands (dès 5 ans) et défiez les machines !","Qui n'a pas un jour, essayé de faire des fantaisies ou acrobaties avec son vélo ? Venez tester une trentaine de vélos rigolos, pour petits et grands (dès 5 ans) et défiez les machines !  
Ces tests pourront se réaliser sur une piste d'essais en toute sécurité.",2026-09-19 14:30:00+02:00,2026-09-19 17:30:00+02:00,Musée de l'automobile Henri Malartre,Rochetaillée-sur-Saône,"645 Rue du Musée, 69270 Rochetaillée-sur-Saône, France",Journées européennes du patrimoine 2026 - Auvergne – Rhône-Alpes
53975890,La fresque de l'eau,"Un atelier ludique et collaboratif pour tout savoir sur les cycles de l'eau, les impacts de l'Homme et du changement climatique sur ces cycles et échanger sur les mesures individuelles et collectives…","Un atelier ludique et collaboratif pour tout savoir sur les cycles de l'eau, les impacts de l'Homme et du changement climatique sur ces cycles et échanger sur les mesures individuelles et collectives qui peuvent être prises pour protéger ce patrimoine naturel.",2026-09-19 14:30:00+02:00,2026-09-19 17:30:00+02:00,Médiathèque municipale,Meyzieu,27 Rue Louis Saulnier 69330 Meyzieu,Journées européennes du patrimoine 2026 - Auvergne – Rhône-Alpes
8435763,Visite guidée « Sur les traces des 150 ans de la ligne Lyon–Montbrison : balade commentée entre Écully-La Demi-Lune et Le Méridien–La Ferrière »,"À l’occasion du 150ᵉ anniversaire de l’ouverture de la ligne ferroviaire Lyon–Montbrison, partez pour une balade commentée entre la gare d’Écully–La Demi-Lune et la halte du Méridien–La Ferrière. Le …","À l’occasion du 150ᵉ anniversaire de l’ouverture de la ligne ferroviaire Lyon–Montbrison, partez pour une balade commentée entre la gare d’Écully–La Demi-Lune et la halte du Méridien–La Ferrière. Le point de rendez-vous est fixé à la gare d’Écully–La Demi-Lune, d’où débutera cette promenade qui permettra de découvrir l’histoire de cette ligne, son patrimoine ferroviaire ainsi que son évolution au fil du temps. Le retour s’effectuera en tram-train à l’issue de la visite (à la charge de chaque participant).  
Hors les murs  
Par le Groupe de Recherches Historiques de Tassin la Demi-Lune  
Horaire : à 14h30  
Durée : 2h  
Gratuit, sur réservation auprès du service de l’Espace culturel L’Atrium ([atrium@villetassinlademilune.fr](mailto:atrium@villetassinlademilune.fr) ou 04 78 34 70 07)",2026-09-19 14:30:00+02:00,2026-09-19 16:30:00+02:00,Gare Écully La Demi-Lune,Tassin-la-Demi-Lune,"7 place de la gare, 69160 Tassin",Journées européennes du patrimoine 2026 - Auvergne – Rhône-Alpes
31727167,Balade Patrimoniale / d’Alaï au Bourg en passant par Bel-Air et l’Yzeron,En partenariat avec le Rando Club la Ville de Francheville organise la traditionnelle balade patrimoniale.,"En partenariat avec le Rando Club la Ville de Francheville organise la traditionnelle balade patrimoniale.  
La balade passera par Bel Air, les bords de l'Yzeron et arrivera au Bourg.  
Départ à 14h30 de l'ancien parking Aquavert à Alaï.",2026-09-19 14:30:00+02:00,2026-09-19 16:30:00+02:00,Aquavert,Francheville,1 Chemin des Cytises 69340 Francheville,Journées européennes du patrimoine 2026 - Auvergne – Rhône-Alpes
81128410,Ferme urbaine de l'abbé Rozier,"La balade patrimoniale 2026 s'organisera à Écully, sur le domaine de la FERME URBAINE DE L’ABBÉ ROZIER, du Centre de Formation et de Promotion Horticole et de ses maraîchers partenaires.","FERME URBAINE DE L’ABBÉ ROZIER,  
Pendant 30 minutes, la Société d'Histoire d'Écully fera à l'ensemble du groupe un rappel historique sur l'abbé Rozier, l'école d'horticulture et sur le quartier...  
Ensuite on partagera le groupe en deux : pour une balade commentée des exploitations des maraîchers partenaires pendant 30 min et pour une balade commentée du CFPH, aussi sur 30min.  
Ensuite on permutera les 2 demi-groupes.  
En cas de mauvais temps, on pourra réunir les 50 personnes dans une grande salle.",2026-09-19 14:30:00+02:00,2026-09-19 16:30:00+02:00,Ferme de l'abbé Rozier,Écully,"3 Chemin de Chalin, 69130 Écully",Journées européennes du patrimoine de la Société d'Histoire d'Écully
11585674,Balade historique commentée des sites maraîchers de la Ferme de l’Abbé Rozier et du CFPH,Retour sur l’histoire de l’école d'agriculture,"À 14h30, balade commentée des sites maraîchers de la Ferme de l’Abbé Rozier et du CFPH, organisée par la Société d’Histoire. Retour sur l’histoire de l’école d'agriculture, éléments sur le passé du quartier et visite des sites de production d’aujourd’hui.  
Sur inscription par mail : [histoire.ecully@gmail.com](mailto:histoire.ecully@gmail.com)",2026-09-19 14:30:00+02:00,2026-09-19 16:00:00+02:00,Ferme pédagogique de l'Abbé Rozier,Écully,"3 Chemin de Chalin, 69130 Écully",Journées européennes du patrimoine 2026 - Auvergne – Rhône-Alpes
23466541,Les Gardiens de la ville - Visite ludique pour les enfants (7-12 ans),Embarquez pour une aventure au cœur d'un quartier en pleine transformation !,"Embarquez pour une aventure au cœur d'un quartier en pleine transformation !  
​La ville de Lyon fait appel à vous, la brigade des Gardiens de la Ville. Votre mission ? En équipes, imaginez la ville de demain : architecture durable, mobilités douces, biodiversité, gestion de l'eau et recyclage... 5 défis vous attendent pour découvrir comment réinventer le quartier en tenant compte des enjeux environnementaux. Une visite immersive qui permet de vivre la ville autrement.  
Rejoignez-nous pour une aventure où apprentissage rime avec plaisir !",2026-09-19 14:30:00+02:00,2026-09-19 16:00:00+02:00,Confluence,Lyon,confluence,Journées européennes du patrimoine 2026 - Auvergne – Rhône-Alpes
56745548,"Guignol, on y découvre ! Visite ludique pour les enfants (7-12 ans)","Catastrophe, Guignol a disparu !","Partez à l’aventure dans le quartier qui a vu naître cette célèbre marionnette lyonnaise, relevez tous les défis pour éliminer chaque suspect jusqu'à ce qu'il n'en reste plus qu'un !  
Saurez-vous retrouver le coupable ?",2026-09-19 14:30:00+02:00,2026-09-19 16:00:00+02:00,"Station métro Vieux lyon - Cathédrale Saint-Jean,",Lyon,"4 Avenue Du Doyenne, 69005 Lyon",Journées européennes du patrimoine 2026 - Auvergne – Rhône-Alpes
67796258,JARDIN VIVANT – BIODIVERSITÉ,En collaboration avec le service environnement de la Ville de Vaulx-en-Velin.,"En collaboration avec le service environnement de la Ville de Vaulx-en-Velin.  
Cet atelier propose une découverte du jardin et de la biodiversité locale à travers l’observation des plantes et des petits animaux du sol et de l’air. Les participants pourront apprendre à reconnaître certaines espèces, comprendre leur rôle dans les écosystèmes (chaîne alimentaire, reproduction, cycle de vie) et découvrir leurs interactions avec leur environnement. L’atelier s’appuie sur des observations sur site, des échanges et des supports pédagogiques (loupe, enregistrements sonores, observation du chant des oiseaux).",2026-09-19 14:30:00+02:00,2026-09-19 16:00:00+02:00,Planétarium de Vaulx-en-Velin,Vaulx-en-Velin,"Place de la Nation, 69120 Vaulx-en-Velin",Journées européennes du patrimoine 2026 - Auvergne – Rhône-Alpes
9683373,"De Feyzin à l’Union européenne, un riche patrimoine culturel","Les 27 pays membres partagent un riche patrimoine en commun, au fil de notre histoire commune. Le patrimoine de Feyzin a aussi participé à cette histoire. Une exposition sur les pays de l’Union de à…","Les 27 pays membres partagent un riche patrimoine en commun, au fil de notre histoire commune. Le patrimoine de Feyzin a aussi participé à cette histoire. Une exposition sur les pays de l’Union européenne servira de support à une projection sur l’histoire de Feyzin et le patrimoine local.",2026-09-19 14:30:00+02:00,2026-09-19 15:30:00+02:00,Maison fleurie,Feyzin,6 bis Champ Perrier 69320 Feyzin,Journées européennes du patrimoine 2026 - Auvergne – Rhône-Alpes
29001583,Atelier Science et croyance : faut-il choisir ? ( Ateliers : l'esprit critique au cœur du patrimoine ),Atelier Science et croyance : faut-il choisir ?,"Atelier Science et croyance : faut-il choisir ?  
Cet atelier propose de réfléchir ensemble à ce que sont les croyances, à la façon dont elles influencent notre manière de voir le monde et à leur lien avec la science.  
Pour nourrir la réflexion, différents supports de fiction seront mobilisés : extraits de films, bandes dessinées, romans et albums pour enfants. Un temps de création artistique permettra également d’exprimer ses idées de manière concrète.",2026-09-19 14:30:00+02:00,2026-09-19 15:30:00+02:00,Planétarium de Vaulx-en-Velin,Vaulx-en-Velin,"Place de la Nation, 69120 Vaulx-en-Velin",Journées européennes du patrimoine 2026 - Auvergne – Rhône-Alpes
23772617,Représentations photographiques du Père Antoine Chevrier et visite sur ses pas,"En cette année du **Bicentenaire de la naissance d’Antoine Chevrier** (1826-1879), la famille du Prado vous ouvre ses portes pour vous faire découvrir un patrimoine photographique, architectural, et …","En cette année du **Bicentenaire de la naissance d’Antoine Chevrier** (1826-1879), la famille du Prado vous ouvre ses portes pour vous faire découvrir un patrimoine photographique, architectural, historique et humain lié à **Antoine Chevrier**, personnalité lyonnaise qui a marqué le quartier de la Guillotière au XIXe siècle.  
Pour cette édition des Journées Européennes du Patrimoine 2026, nous vous proposons notamment de porter un **regard particulier sur les photographies du Père Chevrier** : portraits réalisés de son vivant, images conservées après sa mort, reproductions et traces photographiques qui contribuent à préserver et à transmettre sa mémoire.  
Les photographies constituent des témoignages précieux du passé. Elles permettent d’approcher un visage, une époque, un environnement et une histoire humaine. De rares photographies d’Antoine Chevrier sont aujourd’hui connues, notamment des portraits réalisés au cours de sa vie et une photographie prise après sa mort. Leur conservation rappelle l’importance de préserver ces traces fragiles du patrimoine.  
C’est grâce au travail de recherche mené par le père _**Christian Delorme**_ que vous pourrez en savoir plus sur ces clichés du Père Antoine Chevrier, dont on sait qu’il répugnait à se laisser photographier.

**Le parcours propose de découvrir :**
--------------------------------------

### **• La chapelle du Prado : un lieu transformé par une histoire sociale forte**

Installée dans une ancienne salle de bal et de spectacle de la Guillotière, la chapelle témoigne des transformations du quartier au XIXe siècle. Antoine Chevrier y crée à partir de 1860 un lieu d’accueil destiné aux enfants et aux jeunes en situation de grande précarité.  
Dans cette « Providence », ils sont accueillis, nourris, instruits et accompagnés. Cette expérience originale marque profondément l’histoire sociale lyonnaise.  
Aujourd’hui, la chapelle conserve la mémoire de cette aventure humaine à travers son architecture, ses objets et les traces de ceux qui ont participé à cette histoire.

### **• La chambre d’Antoine Chevrier : un espace de mémoire et de transmission**

Découvrez la pièce où Antoine Chevrier a vécu et où il est mort le 2 octobre 1879. Cet espace conservé en l’état, permet d’approcher le quotidien d’une personnalité dont l’engagement auprès des plus pauvres a marqué son époque. Il rappelle également combien les lieux et les images contribuent à maintenir vivante la mémoire d’une personne et de son œuvre.

### **• Le musée du Prado : archives, écrits et représentations photographiques**

Le musée présente les grandes étapes de la vie et de l’œuvre d’Antoine Chevrier à travers des documents, objets anciens, écrits et archives.  
Les visiteurs pourront découvrir des manuscrits, des lettres, des commentaires de l’Évangile ainsi que son ouvrage « Le Véritable Disciple ». Une attention particulière sera portée aux représentations photographiques du Père Chevrier : leur histoire, leur conservation et leur rôle dans la transmission de sa mémoire.  
Ces documents et images constituent un patrimoine précieux : ils racontent une époque, un quartier, des parcours de vie et l’évolution d’un engagement au service des plus fragiles.

**Un patrimoine à transmettre**
-------------------------------

L’histoire du Prado s’est ensuite développée bien au-delà de Lyon. Aujourd’hui, des communautés et associations inspirées par cette expérience existent dans de nombreux pays.  
Cette diffusion internationale témoigne de la force d’un patrimoine qui n’est pas seulement matériel : il est aussi fait de visages, de récits, de valeurs et d’engagements transmis de génération en génération.  
Les femmes ont également joué un rôle essentiel dès les origines de cette histoire, notamment dans l’accompagnement des enfants et des jeunes. Leur engagement a conduit à la création des Sœurs du Prado, aujourd’hui présentes dans plusieurs pays.

**Une visite entre photographies, histoire locale et mémoire vivante.**
-----------------------------------------------------------------------

Accompagnés ou non par des bénévoles du service des visites et pèlerinages, de l’Association « _**Les Amis d’Antoine Chevrier Hier et Aujourd’hui**_ », ou encore par des membres de la famille du Prado, les visiteurs sont invités à découvrir ces espaces et à poser un regard nouveau sur ce patrimoine lyonnais.  
**Une occasion de retrouver, à travers les lieux, les archives et les images conservées, les traces d’une aventure humaine née à la Guillotière il y a près de deux siècles.**  

### **Bienvenue au Prado pour un voyage au cœur d’une mémoire lyonnaise à préserver et à transmettre.**",2026-09-19 15:00:00+02:00,2026-09-19 18:00:00+02:00,Chapelle du Prado,Lyon,"9-13 Rue Père Chevrier, 69007 Lyon",Journées européennes du patrimoine 2026 - Auvergne – Rhône-Alpes
11502186,Visites commentées du pavillon de l'Écho,Journées européennes du patrimoine,"Visite commentée du Pavillon de l’Écho, qui a probablement été édifié entre 1661 et 1671, et qui appartient au domaine d’Ombreval.  
Les propriétés acoustiques particulières de cet espace sont à l’origine de l’appellation du pavillon. Une tradition orale suggère également que la salle voûtée était décorée de peintures murales consacrées à la nymphe Écho.",2026-09-19 15:00:00+02:00,2026-09-19 17:00:00+02:00,Pavillon de l'Écho,Neuville-sur-Saône,Chemin de l'echo 69250 Neuville sur Saône,Journées européennes du patrimoine 2026 - Auvergne – Rhône-Alpes
22720210,Histoire de la police lyonnaise par la Société Lyonnaise d'Histoire de la Police,NOUVEAU,"*   Première police d'État créée en 1851. De sa création à nos jours, découverte de la police lyonnaise : histoire, mémoire, Occupation et Résistance, Mai 1968, grandes affaires. Un Parcours des Brotteaux, à la Guillotière, le quartier de la Préfecture et la Part-Dieu.",2026-09-19 15:00:00+02:00,2026-09-19 17:00:00+02:00,4 rue Vauban,Lyon,4 rue Vauban 69006 Lyon,Journées européennes du patrimoine 2026 - Auvergne – Rhône-Alpes
32001910,Atelier de calligraphie Avec l’artiste Tahar Aouidan,"Atelier : Avec l’artiste Tahar Aouidan : les participants seront invités à découvrir la calligraphie arabe et l’écriture phénicienne. A travers une présentation interactive, il retracera histoire et…","Atelier : Avec l’artiste Tahar Aouidan : les participants seront invités à découvrir la calligraphie arabe et l’écriture phénicienne. A travers une présentation interactive, il retracera histoire et évolution de ces deux systèmes d’écriture en mettant en lumière leurs caractéristiques graphiques et leur influence sur le patrimoine méditerranéen. Les participants pourront ensuite s’initier à la pratique de la calligraphie.",2026-09-19 15:00:00+02:00,2026-09-19 17:00:00+02:00,Institut Français de Civilisation Musulmane,Lyon,52 Rue Guillaume Paradin 69008 Lyon,Journées européennes du patrimoine 2026 - Auvergne – Rhône-Alpes
40620868,Visite guidée du village,Journées européennes du patrimoine,"### Visite d'un village de carte postale

Découverte de l'histoire d'un village méconnu, de ses ruelles qui grimpent jusqu'au château, bordées de maisons en pierres dorées ; avec présentation de belles photographies des lieux pour illustrer cette balade.  
_(Le musée Henri Malartre est également ouvert pendant ces journées mais ne fait pas partie de notre visite. Vous pourrez poursuivre votre chemin pour y accéder librement et ainsi compléter votre découverte)._",2026-09-19 15:00:00+02:00,2026-09-19 17:00:00+02:00,"Place Fernand Lacroix, derrière l'église du village",Rochetaillée-sur-Saône,Place Fernand Lacroix 69270 Rochetaillée sur Saône,Journées européennes du patrimoine 2026 - Auvergne – Rhône-Alpes
45553278,"Spectacle déambulatoire ""D'Artagnan 1886"", inspiré de l'Histoire des Forts du système Séré de Rivière","Spectacle déambulatoire ""D'Artagnan 1886""","**Spectacle déambulatoire ""D'Artagnan 1886""**
---------------------------------------------

**Venez découvrir un spectacle relatant la vie d'un jeune soldat incorporé dans un Fort...**  
Le Fort de Montcorin, construit entre 1877 et 1879, dans le cadre de la 2e ceinture fortifiée de Lyon, a été mis en place après la guerre de 1870 pour protéger la ville. Ce Fort culmine à 275 mètres d'altitude. De forme octogonale, il mesure 250 mètres de largeur et 170 mètres de profondeur.  
Sa mission était de contrôler les collines s'étendant au Sud-Ouest d'irigny, ainsi que les axes Brignais - Pierre-Bénite et Brignais-Chaponost.

### **L'Histoire de ""D'Artignan 1886""**

_Un jeune paysan gascon est malheureux au tirage au sort de la conscription organisée à Auch... il tire un numéro qui lui vaut 5 années de service militaire..._  
_Emportant quelques affaires dans un maigre balluchon, il se retrouve incorporé au Fort de Montcorin récemment mis en service pour protéger la ville de Lyon et intégré au système Séré de Rivières qui fortifie la France après la défaite de 1870. En chemin, il fait connaissance d'un autre conscrit venant de l'Aveyron et qui semble cacher un lourd secret..._  
_Arrivé au Fort, notre jeune Gascon, que l’on surnomme D’Artagnan, car il a toujours sur lui un exemplaire des Trois mousquetaires d’Alexandre Dumas, alors qu’il ne sait pas lire, se lie d'amitié avec trois vétérans._  
_Mais, en ce mois de juin 1886, les tensions entre la France et l’Allemagne augmentent... Le Général Boulanger, surnommé Général « La Revanche », devenu Ministre de la Guerre, exacerbe le patriotisme d’une population qui vit mal la perte de l’Alsace et de la Lorraine._  
_Suivez les aventures palpitantes d'un conscrit de 1886 au travers des différents espaces du Fort._  
**Des péripéties, de l'émotion, de l'humour et de la chanson, pour un Fort qui prend vie...**  
La Compagnie Intersignes, Philippe et Maude Bulinge est résolument engagée dans une démarche contemporaine développant des oeuvres qui convoquent les grandes figures artistiques ou historiques du passé pour provoquer des résonances avec le monde actuel.  
Ce spectacle a été présenté pour la 1ère fois au Fort de Bron lors de son 150ème anniversaire.",2026-09-19 15:00:00+02:00,2026-09-19 17:00:00+02:00,Fort de Montcorin,Irigny,3 chemin du Chataignier 69540 IRIGNY,Journées européennes du patrimoine 2026 - Auvergne – Rhône-Alpes
42940784,Présentation du grand orgue Merklin,"L’association des Amis des Orgues de la Rédemption (AAOR) expliquera la spécificité de cet orgue hors norme, et pourquoi il doit impérativement être restauré.","L’association des Amis des Orgues de la Rédemption (AAOR) expliquera la spécificité de cet orgue hors norme, et pourquoi il doit impérativement être restauré.  
Présentation musicale de l’orgue Desmottes.",2026-09-19 15:00:00+02:00,2026-09-19 16:30:00+02:00,Eglise de la Rédemption,Lyon,"place Puvis de Chavannes, 69006 Lyon",Journées européennes du patrimoine 2026 - Auvergne – Rhône-Alpes
33617367,Visite commentée du Temple de la Lanterne,Journées européennes du patrimoine,Temple protestant de style néo-gothique construit en 1857 sur les plans de l'architecte lyonnais Manlius Bailly. e Temple des Terreaux ou Temple de la Lanterne est le premier temple dédié spécifiquement au culte protestant depuis le XVIe siècle à Lyon. Il a été reconstruit en 1857 selon le style néo-gothique. Le facteur d'orgue Merklin l'a doté d'un bel instrument en 1891.,2026-09-19 15:00:00+02:00,2026-09-19 16:00:00+02:00,Temple de la Lanterne,Lyon,"10 rue Lanterne, 69001 Lyon",Journées européennes du patrimoine 2026 - Auvergne – Rhône-Alpes
84300793,Neuville - en long en large et surtout de travers,"Neuville, en long, en large et surtout de travers…","Neuville, en long, en large et surtout de travers…  
Venez découvrir le centre de Neuville avec un guide très étonnant tant par son savoir (relatif) que par sa fantaisie (probable). Il propose une balade (décalée) pour toute la famille. Il vous révélera Neuville et ses chemins de traverses comme vous ne l’avez jamais entendu.

Parcours de 2km (très approximativement)  
Durée de 45min (environ)  
A partir de 5 ans (plus ou moins)

(avec la Cie Le Cerf Volant)",2026-09-19 15:00:00+02:00,2026-09-19 16:00:00+02:00,Hôtel de Ville de Neuville-sur-Saône,Neuville-sur-Saône,"Place du 8 mai 1945, 69250 Neuville-sur-Saône",Journées européennes du patrimoine 2026 - Auvergne – Rhône-Alpes
15502066,Les coulisses de Bizarre !,"Pour les journées du patrimoine, La Machinerie vous invite à découvrir les coulisses de Bizarre !, salle de spectacles dédiés aux cultures hip-hop.","Rendez-vous à Bizarre dès 15h pour un après-midi festif lors des Journées européennes du patrimoine : spectacles, jeux, ateliers et surprises jalonnent l’après-midi, pour petit·es et grand·es. C’est aussi l’occasion de faire connaissance, rencontrer l’équipe, découvrir et comprendre ce qui se fabrique ici au quotidien. Autrement dit : commencer l’année ensemble, curieux·ses, joyeux·ses, complices.  

**16h30 - Spectacle HOT**  
La danse, le jeu, la joie !  
Dans un espace où tout semble avoir disparu, Julie Botet et Max Gomard redonnent vie à l’espace par leur danse. Rebonds, secousses et pulsation : danser pour tout réenchanter. Leurs éclats sonores font surgir un dancefloor collectif incandescent, joyeux, vital, HOT !  

Tout l'après-midi  
**→ Découvre le son et la musique**  
Atelier découverte Scratch avec Kaynixe  
Les Machins de Kogumi : crée ton groupe de musique en pilotant d’étonnantes machines musicales  
Atelier dans les studios d’enregistrement  
**→ Crée, fabrique, imagine**  
Atelier création de badges  
Animation graff et pochoirs  
Animation « Langue dessinée » avec Alex Dufour  
**→ Joue et garde un souvenir**  
Photobooth décalé avec costumes et accessoires  
Espace coloriages autour des spectacles de la saison  
Coin jeux : puzzles, Lego, craies de sol...",2026-09-19 15:00:00+02:00,2026-09-19 19:00:00+02:00,Bizarre!,Vénissieux,"9 rue Louis Jouvet, 69200 Vénissieux, France",Journées européennes du patrimoine 2026 - Auvergne – Rhône-Alpes
5062175,Église Notre-Dame-de-l'Assomption,"Visite libre de l'église et de son très bel orgue, organisée par l’association des Amis de l’Orgue.","Visite libre de l'église et de son très bel orgue, organisée par l’association des Amis de l’Orgue.",2026-09-19 15:00:00+02:00,2026-09-19 18:00:00+02:00,Église Notre Dame de l'Assomption,Neuville-sur-Saône,"Place Ampère, 69250 Neuville-sur-Saône",Journées européennes du patrimoine 2026 - Auvergne – Rhône-Alpes
11185088,Le jeu vidéo comme témoin du passé ?,Découvrez notre sélection de jeux vidéo archéologiques et venez discuter de leur véracité ainsi que de la manière dont ils questionnent l’histoire.,"Découvrez notre sélection de jeux vidéo archéologiques et venez discuter de leur véracité ainsi que de la manière dont ils questionnent l’histoire.  
Une invitation à explorer comment le jeu vidéo représente, reconstruit le patrimoine ou parfois transforme le passé.",2026-09-19 15:00:00+02:00,2026-09-19 18:00:00+02:00,"Maison du livre, de l'image et du son",Villeurbanne,247 cours emile zola 69100 villeurbanne,Journées européennes du patrimoine 2026 - Auvergne – Rhône-Alpes
61262780,"Atelier photo ""L'art du portrait au smartphone"" - festival MUSIC'LY",Journées européennes du patrimoine,"Apprenez en binôme à utiliser l’outil que nous avons tous en poche : le téléphone, et découvrez de manière optimisée les réglages et cadrages clés pour améliorer vos photos.  
A parti de 8 ans.",2026-09-19 15:00:00+02:00,2026-09-19 17:00:00+02:00,UCLy - Université Catholique de Lyon,Lyon,10 place des archives 69002 Lyon,Journées européennes du patrimoine 2026 - Auvergne – Rhône-Alpes
61530291,Atelier de danse traditionnelle cham du Vietnam et recherche contemporaine,"Proposé par Lê Hà, interprète de Lệ Hà, la mémoire à contre-courant.","Proposé par Lê Hà, interprète de Lệ Hà, la mémoire à contre-courant.  
Comment faire dialoguer une danse traditionnelle avec une pratique contemporaine ?  
Après une courte réflexion sur les notions de tradition, nous découvrirons plusieurs fondamentaux de la danse cham : travail des mains, mobilité des poignets, spirales du torse, ancrage et isolations.",2026-09-19 15:00:00+02:00,2026-09-19 17:00:00+02:00,Théâtre de l'Uchronie,Lyon,19 rue de Marseille 69007 Lyon,Journées européennes du patrimoine 2026 - Auvergne – Rhône-Alpes
73653517,Les plantes et insectes au gré du vallon des Torrières,"Balade nature commentée, proposée par l'association Des Espèces Parmi Lyon.","Balade nature commentée, proposée par l'association Des Espèces Parmi Lyon.  
Arrêts fréquents au gré des rencontres, exploration des différents milieux : prairies, lisières, boisements, ruisseau.  
Inventaire participatif des plantes et insectes encadré par un.e intervenant.e, à l’aide de matériel pédagogique : filet à papillons, piluliers, livrets d’identification etc  
Rendez-vous à 14h45 l'entrée du Chemin de la Source Camille (Parking du Complexe sportif Louis Travard à 1 km)",2026-09-19 15:00:00+02:00,2026-09-19 17:00:00+02:00,Vallon des Torrières,Neuville-sur-Saône,"Chemin de la Source Camille, 69250 Neuville-sur-Saône",Journées européennes du patrimoine 2026 - Auvergne – Rhône-Alpes
31565302,Visite des Archives sur le thème de l'eau,Les Archives municipales vous proposent une visite spécifique sur la thématique de l’Exposition 2026 consacrée à l’eau.,"Les Archives municipales vous proposent une visite spécifique sur la thématique de l’exposition _AquaRize_ consacrée à l’eau.  
Êtes-vous sûr.e de bien connaître les cours d’eau de Villeurbanne ? Venez découvrir les locaux des archives municipales à travers les documents liés à l’expo !",2026-09-19 15:00:00+02:00,2026-09-19 16:00:00+02:00,Le Rize,Villeurbanne,"23 Rue Valentin Haüy, 69100 Villeurbanne, France",Journées européennes du patrimoine 2026 - Auvergne – Rhône-Alpes
78498899,"Voyager de l'autre côté du ""rideau de fer"" ? Expériences de l'ailleurs,
carnets et photographie.","A partir d'exemples de carnets de voyage produits par des jeunes hommes partis de l'autre côté du ""rideau de fer"" dans les années 1960, la conférence s'intéresse à ce que les photographies de voyage…","### Conférence de Marie Blanc, doctorante en histoire de l'art contemporain au LAHRHA.

A partir d'exemples de carnets de voyage produits par des jeunes hommes partis de l'autre côté du ""rideau de fer"" dans les années 1960, la conférence s'intéresse à ce que les photographies de voyage nous permettent de comprendre de l'expérience du déplacement et du rôle joué par la pratique photographique dans la découverte d'un ailleurs.",2026-09-19 15:00:00+02:00,2026-09-19 16:00:00+02:00,Théâtre de l'Élysée,Lyon,"14 rue Basse Combalot, 69007 Lyon",Journées européennes du patrimoine 2026 - Auvergne – Rhône-Alpes
63507534,Saint Rambert Ile Barbe le dernier village de Lyon,Le circuit parcouru permet de visiter des sites cachés du grand public.,Le circuit parcouru permet de visiter des sites cachés du grand public.,2026-09-19 15:30:00+02:00,2026-09-19 17:30:00+02:00,"L'île Barbe, Saint Rambert",Lyon,Place Henri Barbusse 69009 Lyon,Journées européennes du patrimoine 2026 - Auvergne – Rhône-Alpes
46880016,"Projection du film ""Fire of love"" suivie d'une conférence - festival MUSIC'LY",Journées européennes du patrimoine,"À travers de spéctaculaires images d’archives, ""Fire of Love"" retrace le destin de Katia et Maurice Krafft, couple de scientifiques français unis par leur amour et leur passion pour les volcans. Sara Dosa et son équipe livrent un hommage poétique à l’esprit d’aventure de ces deux explorateurs qui ont consacré leur vie à comprendre les forces de la nature.  
Le film est en anglais sous-titré français.",2026-09-19 15:30:00+02:00,2026-09-19 17:30:00+02:00,UCLy - Université Catholique de Lyon,Lyon,10 place des archives 69002 Lyon,Journées européennes du patrimoine 2026 - Auvergne – Rhône-Alpes
53952155,L’aube de l’ère spatiale ( Les séances du Planétarium ),Revivez la grande aventure de la conquête de l'espace !,"Revivez la grande aventure de la conquête de l'espace !  
Accompagnez Youri Gagarine au cours du 1er vol dans l'espace, assistez en direct à l'atterrissage de Neil Armstrong sur la Lune et découvrez les projets qui mèneront demain au tourisme spatial.  
(Adultes, ados, enfants dès 8 ans)  
Production-réalisation : Mirage 3D (Robin Sip).",2026-09-19 15:30:00+02:00,2026-09-19 16:30:00+02:00,Planétarium de Vaulx-en-Velin,Vaulx-en-Velin,"Place de la Nation, 69120 Vaulx-en-Velin",Journées européennes du patrimoine 2026 - Auvergne – Rhône-Alpes
75731538,"La Demeure du Chaos, sauvegardée au millimètre dans son metavers",Et si vous poussiez les portes d'une œuvre d'art totale ?,"Et si vous poussiez les portes d'une œuvre d'art totale ?
---------------------------------------------------------

Les 19 et 20 septembre 2026, la Demeure du Chaos vous accueille pour les Journées européennes du patrimoine. Ici, l'architecture, les sculptures, les installations, la lumière, le rose de la nuit tombée : tout participe d'une même intention. Vous n'entrez pas dans un musée. Vous entrez dans une œuvre.

### Le métavers de la Demeure du Chaos

**450**. C'est le nombre d'œuvres sacrifiées pour l'apaisement républicain, recensées dans un catalogue raisonné.  
**7 200.** C'est le nombre d'œuvres qui restent debout, et que nous avons passé dix-huit mois à enregistrer au millimètre près, pour qu'aucune destruction future n'ait le dernier mot.  
**Un millimètre**. C'est la résolution à laquelle le site a été numérisé, par des drones, des scanners Lidar et des géomètres spaciaux marchant lentement entre les sculptures monumentales, les installations et les portraits.  
**9 000 m², 1,2 téraoctet**. Les protocoles employés sur les grands sites patrimoniaux en péril, ont été conduits par des architectes du patrimoine et les équipes d'ICONEM.

Pour les journées européennes du patrimoine, et le thème ""Patrimoine en péril : raviver, résister, réimaginer"", **nous ouvrons pour la première fois les coulisses de cette mémoire numérique** que vous pourrez découvrir en même temps que les 9000 m² du parcours muséal en plein air de la Demeure du Chaos.

### Une œuvre d'art totale reconnue et protégée par l'État

Le 20 mars 2025, le ministère de la Culture a officiellement reconnu la Demeure du Chaos comme œuvre d'art totale. Une reconnaissance rare, accordée à thierry Ehrmann en pleine création : un signal fort de l'institution culturelle française, disant que ce patrimoine est celui de notre temps, à protéger et à transmettre.

**\- Entrée libre et gratuite, tout public -**

**Attention, cette année l’accès se fait exclusivement sur réservation** : accès à la billetterie gratuite sur [https://www.demeureduchaos.com/agenda/journees-europeennes-du-patrimoine-2026/](https://www.demeureduchaos.com/agenda/journees-europeennes-du-patrimoine-2026/)",2026-09-19 16:00:00+02:00,2026-09-19 22:00:00+02:00,La Demeure du Chaos / Musée d'Art Contemporain L'Organe,Saint-Romain-au-Mont-d'Or,"17, Rue de la République 69270 Saint-Romain-Au-Mont-d'Or",Journées européennes du patrimoine 2026 - Auvergne – Rhône-Alpes
55271657,"Balade Urbaine ""Où sont les femmes ?"" - Lyon 6","Qu’elles soient artistes, réalisatrices, ouvrières, résistantes ou cheffes, nombreuses sont les femmes qui ont laissé leur empreinte dans notre ville et pourtant, les connaissez-vous ?","Qu’elles soient artistes, réalisatrices, ouvrières, résistantes ou cheffes, nombreuses sont les femmes qui ont laissé leur empreinte dans notre ville et pourtant, les connaissez-vous ?  
Laissez-vous entrainer dans les rues du 6ème arrondissement de Lyon par les guides de Filactions au travers de récits de lieux et de femmes qui ont marqué leur temps.",2026-09-19 16:00:00+02:00,2026-09-19 18:00:00+02:00,14 avenue Foch,Lyon,14 avenue Foch 69006 Lyon,Journées européennes du patrimoine 2026 - Auvergne – Rhône-Alpes
57497458,"Atelier Entendre la vérité, résister aux mensonges ( Ateliers : L'esprit critique au cœur du patrimoine )","Atelier Entendre la vérité, résister aux mensonges","Atelier Entendre la vérité, résister aux mensonges  
À l’heure des réseaux sociaux et de la surinformation, distinguer le vrai du faux devient de plus en plus complexe. À travers des exemples concrets, historiques et scientifiques, cet atelier explore nos mécanismes de jugement et les erreurs d’interprétation du réel.",2026-09-19 16:00:00+02:00,2026-09-19 17:00:00+02:00,Planétarium de Vaulx-en-Velin,Vaulx-en-Velin,"Place de la Nation, 69120 Vaulx-en-Velin",Journées européennes du patrimoine 2026 - Auvergne – Rhône-Alpes
38803701,"Conférence • La couleur chez les Yorubas, l’enquête sur des recettes oubliées","Percez les mystères de l’exceptionnelle collection de sculptures Yoruba du musée des Confluences. Entre colorants végétaux, savoirs liés à la pharmacopée et recettes aujourd’hui oubliées, et artistes…","Percez les mystères de l’exceptionnelle collection de sculptures Yoruba du musée des Confluences. Entre colorants végétaux, savoirs liés à la pharmacopée et recettes aujourd’hui oubliées, scientifiques et artistes africains s’associent pour comprendre comment leurs couleurs éclatantes ont traversé le temps.

Avec **Marie Perrier**, chargée des collections africaines et océaniennes au musée des Confluences",2026-09-19 16:00:00+02:00,2026-09-19 16:45:00+02:00,"Musée des Confluences, musée Guimet et muséum d'histoire naturelle",Lyon,"86 Quai Perrache, 69002 Lyon, France",Journées européennes du patrimoine 2026 - Auvergne – Rhône-Alpes
96611841,Atelier d'initiation au chant choral pour les 3 à 6 ans - festival MUSIC'LY,Le Centre de la Voix s’invite sur le campus Saint-Paul pour vous faire découvrir leur atelier de chant choral.,"Le Centre de la Voix s’invite sur le campus Saint-Paul pour vous faire découvrir leur atelier de chant choral.  
Emmanuelle Halimi, professeure de chant, peut accueillir les parents si leurs enfants sont des tout-petits.",2026-09-19 16:00:00+02:00,2026-09-19 16:30:00+02:00,UCLy - Université Catholique de Lyon,Lyon,10 place des archives 69002 Lyon,Journées européennes du patrimoine 2026 - Auvergne – Rhône-Alpes
49776312,[Les mémoires vives à la la Soie] - Visites guidées CCO/La Rayonne à l’Autre Soie,"Créé en 1963 au nord de Villeurbanne, le CCO est un lieu d’hospitalité où artistes, militants et bénévoles d’associations font vivre un espace de liberté, de rencontres, de culture et de fêtes. son y…","Créé en 1963 au nord de Villeurbanne, le CCO est un lieu d’hospitalité où artistes, militants et bénévoles d’associations font vivre un espace de liberté, de rencontres, de culture et de fêtes. Devant quitter son équipement historique, le CCO se lance en 2012 dans une transformation d’envergure. Il s’associe alors avec le GIE La Ville Autrement pour poursuivre une nouvelle utopie urbaine, créer un quartier de ville inclusif, où les richesses de chaque personne, y compris les plus vulnérables, sont les ressources d’un territoire. Une visite dans ce tout nouveau quartier, entre tiers lieu patrimonial, parc urbain et salle de concert qui permet de mettre en partage les rêves de nouveaux communs et les difficultés d’un parcours toujours en cours.

*   Genre : visites guidées
*   Jauge : 20 à 40 personnes selon les visites
*   Public : tout public
*   Durée : 1h15
*   Réservations indispensables.",2026-09-19 16:30:00+02:00,2026-09-19 18:00:00+02:00,Autre soie / CCO / La Rayonne,Villeurbanne,"28 rue alfred de musset, 69100 villeurbanne",Journées européennes du patrimoine 2026 - Auvergne – Rhône-Alpes
44022710,Visite guidée de l'église de la Rédemption,Venez découvrir une des plus belles églises de Lyon avec ses magnifiques vitraux de Lucien Bégule qui l'enrichissent de lumière et de sens.,"Venez découvrir une des plus belles églises de Lyon avec ses magnifiques vitraux de Lucien Bégule qui l'enrichissent de lumière et de sens.  
Un parcours adapté aux petits comme aux grands.  
Venez et voyez !",2026-09-19 16:30:00+02:00,2026-09-19 17:30:00+02:00,Eglise de la Rédemption,Lyon,"place Puvis de Chavannes, 69006 Lyon",Journées européennes du patrimoine 2026 - Auvergne – Rhône-Alpes
97835085,Visite commentée de la collection photographique de l'Artothèque du CAP,"Forte d'une collection de plus de 900 œuvres d'art disponibles à l'emprunt, l'Artothèque du CAP célèbre ses 40 ans en 2026.","Forte d'une collection de plus de 900 œuvres d'art disponibles à l'emprunt, l'Artothèque du CAP célèbre ses 40 ans en 2026.  
Pour l'occasion, notre équipe vous a concocté un voyage visuel inédit : laissez-vous guider à la découverte des artistes photographes présents dans la collection.  
Un temps de rencontre qui promet d'être riche en découvertes et en échanges !",2026-09-19 16:30:00+02:00,2026-09-19 17:30:00+02:00,CAP Centre d'art de Saint-Fons,Saint-Fons,"Rue de la Rochette, 69100 Saint-Fons",Journées européennes du patrimoine 2026 - Auvergne – Rhône-Alpes
90594807,Cie EAEO - Dans ma piscine,"Dans un grand aquarium, un jongleur joue sous l’eau avec des objets qui flottent et tombent. Corps et balles semblent défier la gravité. Le temps d’un numéro, tout paraît suspendu : la respiration, …","Dans un grand aquarium, un jongleur joue sous l’eau avec des objets qui flottent et tombent. Corps et balles semblent défier la gravité. Le temps d’un numéro, tout paraît suspendu : la respiration, les règles du monde, le réel. Un spectacle pris dans un dispositif rare, où petits et grands retiennent leur souffle.  
Dans cet aquarium hexagonal, le jongleur fait vivre des objets étranges sous l’eau. Sept objets, sept façons de flotter ou de couler, sept moments suspendus pour le public et l’artiste. Corps et balles bougent ensemble, dans une danse étonnante où tout paraît possible. Le temps du spectacle, la respiration et la gravité semblent disparaître, offrant une expérience magique, drôle et poétique pour tous les âges.",2026-09-19 17:00:00+02:00,2026-09-19 17:40:00+02:00,Les Subsistances,Lyon,"8bis Quai Saint Vincent, 69001 Lyon, France",Journées européennes du patrimoine 2026 - Auvergne – Rhône-Alpes
76529609,Burlesque !,"Une bonne tranche de rigolade au programme, avec plusieurs courts métrages truffés de cascades et de gags, suivis d’une session mimes rocambolesque.","Une bonne tranche de rigolade au programme, avec plusieurs courts métrages truffés de cascades et de gags, suivis d’une session mimes rocambolesque.  
Pour petits et grands enfants !

Les films projetés :  
L’équilibre impossible, Georges Mélies (1902 / France)  
Il était une chaise, Norman McLaren (1957 / Canada)  
Luminaris, Juan Pablo Zaramella (2011 / Argentine  
Matchstick Man, Philippe Prouff (2019 / France)  
Pompier, Yulia Aronova (2020 / France)  
En pleine forme, Pierre Etaix (1971 / France)",2026-09-19 17:00:00+02:00,2026-09-19 19:00:00+02:00,"Maison du livre, de l'image et du son",Villeurbanne,247 cours emile zola 69100 villeurbanne,Journées européennes du patrimoine 2026 - Auvergne – Rhône-Alpes
30061505,Conférence : Le ciel en danger ! L’observation du ciel face à la prolifération satellitaire,L’augmentation des satellites en orbite basse (LEO) entraîne l’apparition de traînées lumineuses visibles dans le ciel nocturne. Ces phénomènes perturbent l’astronomie optique et radio en dégradant  …,"L’augmentation des satellites en orbite basse (LEO) entraîne l’apparition de traînées lumineuses visibles dans le ciel nocturne. Ces phénomènes perturbent l’astronomie optique et radio en dégradant la qualité des observations scientifiques et amateurs.  
Les enjeux incluent la pollution lumineuse orbitale, les débris spatiaux et la gestion du trafic spatial. Des solutions reposent sur la régulation des constellations de satellites, l’innovation technologique et la préservation du ciel nocturne.  
Intervenant : Lionel Birée, ingénieur de recherche en aérospatiale  
Ingénieur de recherche et spécialiste des enjeux liés à l’environnement spatial, Lionel Birée travaille sur les problématiques de Space Situational Awareness et la gestion du trafic orbital.  
Public : Adultes / adolescents",2026-09-19 17:00:00+02:00,2026-09-19 18:00:00+02:00,Planétarium de Vaulx-en-Velin,Vaulx-en-Velin,"Place de la Nation, 69120 Vaulx-en-Velin",Journées européennes du patrimoine 2026 - Auvergne – Rhône-Alpes
53982874,À la découverte des balades historiques.,La ville a installé 23 panneaux sur des lieux patrimoniaux de la commune pour vous permettre de mieux connaître l’histoire d’Écully au gré de vos promenades. Nous vous proposons d’en découvrir au et …,"La ville a installé 23 panneaux sur des lieux patrimoniaux de la commune pour vous permettre de mieux connaître l’histoire d’Écully au gré de vos promenades. Nous vous proposons d’en découvrir quelques-uns au cours d’une balade commentée et accompagnée musicalement par la fanfare de l’Ecole de musique.  
À partir de 18h au château du Vivier, inauguration des panneaux historiques puis départ d’une balade commentée au son de la fanfare de l’école de musique, jusqu’à la Place de la Libération. Gratuit, sans réservation.  
A l’arrivée, possibilité de se restaurer sur place, avant d’enchaîner avec le concert à la bougie…",2026-09-19 18:00:00+02:00,2026-09-19 20:00:00+02:00,Mairie d'Écully,Écully,"1 Place de la Libération, 69130, Écully",Journées européennes du patrimoine 2026 - Auvergne – Rhône-Alpes
31501442,Concert d'orgue avec Yves Lafargue,"Pour prolonger les visites de l'Auditorium et terminer la journée en musique, assistez à un concert gratuit à 18h sur l’orgue monumental, dans la Grande Salle, avec Yves Lafargue.","L’Auditorium célèbre le patrimoine à travers son élément le plus ancien : son orgue monumental, qui fêtera bientôt ses 150 ans ! Claire Delamarche, conservatrice de l’instrument, vous révélera l’intimité de ses quelque 6400 tuyaux et de sa console flambant neuve avec la complicité d’Yves Lafargue, organiste titulaire de la basilique Notre-Dame de Fourvière et professeur au Conservatoire à rayonnement régional de Lyon.  
Ce voyage musical commence à l’époque baroque avec Bach et Vivaldi, mais aussi avec Clérambault, musicien admiré par Louis XIV. Yves Lafargue propose ensuite une ardente fantaisie de Saint-Saëns, son propre arrangement du célèbre Adagietto de la _Septième Symphonie_ de Beethoven, ainsi qu’une pièce de sa composition inspirée par la résidence d’un an qu’il a effectuée au Japon. Il couronne son programme par l’emblématique _Toccata_ de Widor. Cette page éclatante qui a accompagné tant de mariages royaux (ou non) fut composée en 1879 spécifiquement pour cet instrument, lorsqu’il était encore au palais du Trocadéro, à Paris.",2026-09-19 18:00:00+02:00,2026-09-19 19:15:00+02:00,Auditorium Maurice-Ravel,Lyon,"149 rue Garibaldi, 69003 Lyon, France",Journées européennes du patrimoine 2026 - Auvergne – Rhône-Alpes
50891883,Le Véritable Théâtre de Guignol au Moulin à Vent !,"100 ans plus tard, Guignol revient à la rencontre des Vénissians...","100 ans plus tard, Guignol revient à la rencontre des Vénissians...  
Deux pièces de 30mn pour toute la famille : La Bête fantastique du Gévaudan et Guignol dentiste.",2026-09-19 18:00:00+02:00,2026-09-19 19:00:00+02:00,Le Véritable Théâtre de Guignol au Moulin à Vent,Vénissieux,Rue Ernest Renan 69200 Vénissieux,Journées européennes du patrimoine 2026 - Auvergne – Rhône-Alpes
26079507,Visite insolite Lyon : Sorcellerie et occultisme,"Plongez dans le Lyon mystique et ésotérique, à l'aube du XXème siècle ! Redécouvrez la Croix Rousse accompagnés d'un guide conférencier passionné en costume d'époque incarnant Jules Esquirol, dont le…","Plongez dans le Lyon mystique et ésotérique, à l'aube du XXème siècle ! Redécouvrez la Croix Rousse accompagnés d'un guide conférencier passionné en costume d'époque incarnant Jules Esquirol, écrivain malheureux dont le livre a été retiré de la vente. Ensemble, découvrez une ville dissimulée, témoin d'événements extraordinaires et d'histoires d'occultisme. Écoutez les récits authentiques de sociétés secrètes, de sortilèges et de hantises, qui ont marqué l'histoire de cette ville intrigante. Partez sur les traces des personnages hors du commun qui ont peuplé le Lyon de la Belle Époque. Cette visite unique révèle le cœur secret de Lyon, un lieu où l'histoire et l'occulte se mêlent et se confondent. Laissez votre curiosité vous guider et osez un voyage inédit dans le temps et l'histoire.  
Visite d’1h30 menée en costume d’époque et en petit groupe de 8 à 30 personnes pour adultes et enfants de + de 12 ans.  
Réservation obligatoire, nombre de places limité et tarif préférentiel.",2026-09-19 20:00:00+02:00,2026-09-19 21:30:00+02:00,"133 boulevard de la croix rousse, lyon",Lyon,"133 boulevard de la croix rousse, lyon",Journées européennes du patrimoine 2026 - Auvergne – Rhône-Alpes
32448664,Grand concert à la bougie,"Pour ce rendez-vous traditionnel à l’Eglise Saint-Blaise, samedi à 20 heures, nous accueillerons cette année le Gospel 4 freedom, dans l’ambiance chaleureuse du concert à la bougie.","Pour ce rendez-vous traditionnel à l’Eglise Saint-Blaise, samedi à 20 heures, nous accueillerons cette année le Gospel 4 freedom, dans l’ambiance chaleureuse du concert à la bougie.  
Zoélie, Nathalie, Romy et Olivier, accompagnés de Thomas (clavier-guitare) et Tom (Basse et percussions) viennent chanter, partager avec le public leur énergie positive, semer dynamisme et joie de vivre dans leur sillage. Une prestation vibrante, portée par des artistes passionnés.  
Concert gratuit, avec le partenariat du Crédit Mutuel d’Écully, sans réservation.",2026-09-19 20:00:00+02:00,2026-09-19 22:00:00+02:00,Eglise Saint-Blaise Ecully,Écully,992 place de la libération 69130 ecully,Journées européennes du patrimoine 2026 - Auvergne – Rhône-Alpes
68691802,"Projection du film ""LEE MILLER""","L'incroyable vie de Lee Miller, ex-modèle pour Vogue et muse de Man Ray, devenue l'une des premières femmes photographes de guerre.","**L'incroyable vie de Lee Miller, ex-modèle pour Vogue et muse de Man Ray, devenue l'une des premières femmes photographes de guerre.**  
Partie sur le front et prête à tout pour témoigner des horreurs de la Seconde Guerre mondiale, elle a, par son courage et son refus des conventions, changé la façon de voir le monde.",2026-09-19 20:00:00+02:00,2026-09-19 22:00:00+02:00,Cinéma le Méliès,Caluire-et-Cuire,"67 chemin de Vassieux, 69300 Caluire-et-Cuire",Journées européennes du patrimoine 2026 - Auvergne – Rhône-Alpes
76465584,Se déshabiter : un solo de danse par Hugo Daubresse,Se déshabiter : Un solo de danse par Hugo Daubresse,"Se déshabiter : Un solo de danse par Hugo Daubresse  
Restitution de la résidence à la TASE du danseur contemporain Hugo Daubresse au cœur de l’usine TASE. Une œuvre en résonance avec la Biennale d’Art Contemporain.",2026-09-19 20:00:00+02:00,2026-09-19 20:30:00+02:00,Usine TASE,Vaulx-en-Velin,8 Allée du textile 69120 Vaulx-en-Velin,Journées européennes du patrimoine 2026 - Auvergne – Rhône-Alpes
72386007,Visite nocturne à la lampe torche,"A la tombée du jour, goûtez à l’atmosphère envoûtante d’une visite nocturne au coeur de la colline qui prie. Muni d’une lampe-torche (distribuée par la guide ) vous observerez différemment les qui  à…","A la tombée du jour, goûtez à l’atmosphère envoûtante d’une visite nocturne au coeur de la colline qui prie. Muni d’une lampe-torche (distribuée par la guide ) vous observerez différemment les bâtiments qui vous entourent.  
Votre guide vous entraîne pendant plus de 1h30 à la découverte de la colline de Fourvière jusqu’au Vieux Lyon.  
Découvrez au crépuscule ce quartier emblématique, ses ruelles pittoresques, ses légendes et histoires mystérieuses , ses lieux insolites sous un nouveau jour",2026-09-19 20:15:00+02:00,2026-09-19 21:30:00+02:00,Place de l'abbé Larue,Lyon,Place de l'abbé  69005 Lyon,Journées européennes du patrimoine 2026 - Auvergne – Rhône-Alpes
85890570,Le jardin Rosa Mir,Un véritable joyau ! Impossible de ne pas adorer ce jardin d’art brut à l’ambiance méditerranéenne.,"Un véritable joyau ! Impossible de ne pas adorer ce jardin d’art brut à l’ambiance méditerranéenne.  
Œuvre de Jules Senis-Mir, maçon, immigré espagnol, le jardin Rosa Mir constitue l’un des plus beaux exemples de l’art dit « brut » (créé par une personne dénuée de culture artistique). Alliant colonnades décorées de coquillages et végétation méditerranéenne, ce jardin, inscrit à l’inventaire des monuments historiques, est une invitation au voyage.",2026-09-20 09:00:00+02:00,2026-09-20 18:00:00+02:00,Jardin Rosa Mir,Lyon,"87 grande rue de la Croix-Rousse, 69004 Lyon, France",Journées européennes du patrimoine 2026 - Auvergne – Rhône-Alpes
11806520,La Source romaine d'Arches à Saint-Romain-au-mont-d'or,"Nichée dans un vallon discret à Saint-Romain-au-Mont-d’Or, la source du vallon d’Arche a l’air d’un simple ruissellement d’une eau claire. Pourtant, ce lieu paisible est l’un des plus anciens témoins…","Nichée dans un vallon discret à Saint-Romain-au-Mont-d’Or, la source du vallon d’Arche a l’air d’un simple ruissellement d’une eau claire. Pourtant, ce lieu paisible est l’un des plus anciens témoins du génie hydraulique romain autour de Lyon. La source d'Arches à Saint-Romain-au-Mont-d'Or fait partie d'un ensemble hydraulique dont les éléments les plus remarquables ont été inscrits à l'inventaire des monuments historiques par arrêté du 18 février 1991. Cette source aménagée par les Romains pour alimenter l'aqueduc du Mont d'Or se déverse de nos jours dans un ensemble comportant plus de 150 mètres de galeries souterraines, entrecoupées successivement par 2 chambres voûtées souterraines et ponctuées d'anciens regards et batardeaux.",2026-09-20 09:00:00+02:00,2026-09-20 09:30:00+02:00,45 route du Mont Thou - devant la métallerie,Saint-Romain-au-Mont-d'Or,45 route du Mont Thou,Journées européennes du patrimoine 2026 - Auvergne – Rhône-Alpes
4174411,"Visite des Célestins, Théâtre de Lyon",Journées européennes du patrimoine,"Pour l'édition des JEP 2026, les Célestins ouvrent leurs portes le dimanche 20 septembre, en matinée, de 9h30 à 12h30. Le parcours proposé invite les visiteurs à découvrir le théâtre et son architecture avec la Grande salle à l'italienne rouge et or, la Célestine, le foyer du public, et l'envers du décor avec les dessous de scène.",2026-09-20 09:30:00+02:00,2026-09-20 12:30:00+02:00,"Les Célestins, Théâtre de Lyon",Lyon,"4 Rue Charles Dullin, 69002 Lyon, France",Journées européennes du patrimoine 2026 - Auvergne – Rhône-Alpes
60910716,Visites guidées des jardins ouvriers des Eglantiers,Jardins ouvriers communaux les Eglantiers,"Jardins ouvriers communaux les Eglantiers  
Les Jardins ouvriers communaux de Lyon, 75 parcelles en terrasses, sur le flanc ouest de la colline de Fourvière, vue sur les monts du lyonnais.  
Accès à l'arrière du cimetière de Loyasse (Lyon 05)  
Accès en transports en commun : Bus 90 : La Vigie  
Depuis Gorge de Loup et la rue Pierre Audry, prendre la montée rue du bas de Loyasse  
Depuis la Sarra, prendre direction de l'Observance, 1ère rue à gauche",2026-09-20 10:00:00+02:00,2026-09-20 18:00:00+02:00,Jardins ouvriers communaux les Eglantiers,Lyon,1 rue du bas de Loyasse 69009 Lyon,Journées européennes du patrimoine 2026 - Auvergne – Rhône-Alpes
94018019,CHARLY / Serre et Orangerie du Domaine Melchior Philibert,"Édifiées au XIXe siècle au cœur du parc du domaine, **la serre et l’orangerie** accueillaient autrefois _agrumes et autres plantes_, reflet du goût pour la botanique de l’époque. Ces bâtiments, avec …","**Une rénovation alliant mémoire historique et dynamisme contemporain.**  
Édifiées à la fin du XIXe siècle, **la serre et l’orangerie** du Domaine Melchior Philibert, au cœur du parc, témoignent de l’essor horticole de leur époque. Sous l’impulsion de la famille Perrachon, alors propriétaire, le domaine se spécialise dans la culture des agrumes, offrant au site un nouveau rayonnement. Ces espaces accueillaient ainsi agrumes et plantes variées, reflet de l’engouement pour la botanique.  
**Déclin et renaissance au XXe siècle**  
Au fil du temps, les intempéries et le manque d’entretien ont entraîné d’importantes dégradations, altérant la lisibilité et les qualités architecturales de ces bâtiments.  
Restaurés avec soin par la commune de Charly en 2023, ils ont aujourd’hui retrouvé leur éclat d’antan.  
**Ce travail de préservation a valu à la commune le Prix national des Rubans du Patrimoine 2024, récompensant un engagement exemplaire en faveur de la valorisation du patrimoine local.**  
Les bâtiments sont aujourd’hui mis à disposition du CRBA par la mairie de Charly.",2026-09-20 10:00:00+02:00,2026-09-20 18:00:00+02:00,Maison dite de Melchior Philibert,Charly,"224 Rue de l'Église, 69390 Charly, France",Journées européennes du patrimoine 2026 - Auvergne – Rhône-Alpes
98570320,CHARLY / Parc du Domaine Melchior Philibert,"Visites libres du **parc du Domaine Melchior Philibert** qui s’étend sur 7 hectares. Remarquable témoin des maisons des champs construites, notamment au XVIIe siècle dans la campagne lyonnaise, le en…","Visites libres du **parc du Domaine Melchior Philibert** qui s’étend sur 7 hectares. Remarquable témoin des maisons des champs construites, notamment au XVIIe siècle dans la campagne lyonnaise, le **Domaine Melchior Philibert** est demeuré quasi préservé dans son intégralité jusqu’à nos jours. Cette propriété est i**nscrite en totalité à l’inventaire des Monuments historiques**, forme un ensemble architectural complet. Au-delà d’abriter un pôle culturel et un pôle économique, Il est aussi et avant tout _**un lieu de nature et de promenade particulièrement apprécié**_, ouvert en journée. Les petits comme les grands prendront plaisir à se faufiler à travers le parc, ses allées, ses abords, ses jardins à la Française et ses petits édifices.",2026-09-20 10:00:00+02:00,2026-09-20 18:00:00+02:00,Maison dite de Melchior Philibert,Charly,"224 Rue de l'Église, 69390 Charly, France",Journées européennes du patrimoine 2026 - Auvergne – Rhône-Alpes
2016001,"Jeux pour les enfants, église Notre-Dame, Charly","**Jeu (pour les enfants) pour découvrir ludiquement l’intérieur de l’église**, intégralement restaurée en 2010, qui conserve la trace des siècles, de la dépendance à l'abbaye d'Ainay jusqu'aux (2024)…","**Jeu pour les enfants pour découvrir l’intérieur de l’église**, intégralement restaurée en 2010, qui conserve la trace des siècles, de la dépendance à l'abbaye d'Ainay jusqu'aux vitraux contemporains (2024) remplaçant ceux de Ribes. Entourée de son « **Jardin de la Paix** », elle leur ouvre ses portes pour une immersion chronologique au cœur du vieux bourg.",2026-09-20 10:00:00+02:00,2026-09-20 12:00:00+02:00,Église Notre-Dame,Charly,"Place de l'Eglise, 69390 Charly, France",Journées européennes du patrimoine 2026 - Auvergne – Rhône-Alpes
8189002,CHARLY / Eglise Notre-Dame,Monument du XIIIe siècle.,"Intégralement restaurée en 2010, cette église conserve la trace des siècles, de la dépendance à l'abbaye d'Ainay jusqu'aux vitraux contemporains (2024) remplaçant ceux de Ribes. Entourée de son « **Jardin de la Paix** », elle vous ouvre ses portes pour une immersion chronologique au cœur du vieux bourg .",2026-09-20 10:00:00+02:00,2026-09-20 12:00:00+02:00,Église Notre-Dame,Charly,"Place de l'Eglise, 69390 Charly, France",Journées européennes du patrimoine 2026 - Auvergne – Rhône-Alpes
20724444,CHARLY / Exposition de véhicules RENAULT anciens,Découvrir d'anciens véhicules Renault d'époques diverses en superbe état.,"**Découvrir d'anciens véhicules Renault d'époques diverses en superbe état.**  
Notre club le **CAR Lyonnais (Club des amateurs d'Anciennes Renault)**, a été créé en 1992. Pour nous, participer à la journée du patrimoine, c'est **exposer une partie du formidable patrimoine automobile des véhicules Renault,** cher à bon nombre d'entre nous. Combien de fois n'avons nous pas entendu ""_mon père avait la même, que de souvenirs lors des départs en vacances_…"" . C'est aussi un moyen de nous faire connaitre dans le sud de Lyon et de converser autour de notre passion avec les visiteurs. [http://clubrenaultlyon.free.fr/](http://clubrenaultlyon.free.fr/)",2026-09-20 10:00:00+02:00,2026-09-20 17:30:00+02:00,Maison dite de Melchior Philibert,Charly,"224 Rue de l'Église, 69390 Charly, France",Journées européennes du patrimoine 2026 - Auvergne – Rhône-Alpes
35106922,CHARLY / Tour du Parc Melchior en calèche,**Balade en calèche** dans le Domaine Melchior Philibert qui s’étend sur 7 hectares. Tour du Parc du domaine avec départs réguliers au cours de la journée. _Priorité aux enfants ! Tour assuré par Les…,"**Balade en calèche** dans le Domaine Melchior Philibert qui s’étend sur 7 hectares. Tour du Parc du domaine avec départs réguliers au cours de la journée. _Priorité aux enfants ! Tour assuré par Les Balades De Marquise_ [_https://www.facebook.com/LesBalladesDeMarquise/_](https://www.facebook.com/LesBalladesDeMarquise/)  
**Promenade respectueuse :** _le rythme de départ de la calèche est dicté par le bien-être du cheval, sous la seule responsabilité du cocher._",2026-09-20 10:00:00+02:00,2026-09-20 17:30:00+02:00,Maison dite de Melchior Philibert,Charly,"224 Rue de l'Église, 69390 Charly, France",Journées européennes du patrimoine 2026 - Auvergne – Rhône-Alpes
12652656,VIsite libre du Fort du Bruissin,Certains espaces du Fort du Bruissin seront ouverts pour vous permettre de déambuler librement dans ce lieu exceptionnel. Avec pour la première fois un accès libre à des lieux secrets comme la double…,"Certains espaces du Fort du Bruissin seront ouverts pour vous permettre de déambuler librement dans ce lieu exceptionnel. Avec pour la première fois un accès libre à des lieux secrets comme la double caponnière ou la poudrière nord  
Un livret ludique, pour les enfants à partir de 7 ans, sera mis à votre disposition pour une visite en famille originale!",2026-09-20 10:00:00+02:00,2026-09-20 17:00:00+02:00,Fort du Bruissin,Francheville,69340 Francheville,Journées européennes du patrimoine 2026 - Auvergne – Rhône-Alpes
21443348,A la découverte de l'Opéra de Lyon,"A l'occasion des Journées européennes du patrimoine, venez découvrir le bâtiment et les métiers qui donnent vie aux arts de la scène de l'Opéra national de Lyon. La visite commentée montrera comment…","A l'occasion des Journées européennes du patrimoine, venez découvrir le bâtiment et les métiers qui donnent vie aux arts de la scène de l'Opéra national de Lyon. La visite commentée montrera comment l'architecture de Jean Nouvel instaure un dialogue entre tradition et modernité. Elle explorera les 18 étages d'un lieu où travaillent semble artistes, techniciens et techniciennes, personnels administratifs pour penser, créer et offrir aux publics des oeuvres d'hier et d'aujourd'hui.

Pour le programme détaillé et les réservations, rendez-vous sur notre site www.opera-lyon.com",2026-09-20 10:00:00+02:00,2026-09-20 17:00:00+02:00,Opéra de Lyon,Lyon,"1 place de la comédie, 69001 Lyon",Journées européennes du patrimoine 2026 - Auvergne – Rhône-Alpes
39166906,CHARLY / Visites libres du vestibule des peintures du Domaine Melchior Philibert,Visite du vestibule des peintures (de D.Sarrabat),"**Visite du vestibule des peintures (de D.Sarrabat)**  
_Visite libre_  
L’entrée dans cette maison de maître du XVIIe siècle, par la cour d’honneur, se fait par un **vestibule** communiquant avec le jardin. Ce vestibule est décoré des remarquables peintures réalisées en 1701 par le peintre lyonnais **Daniel Sarrabat**.

*   Remarquable témoin des maisons des champs construites, notamment au XVIIe siècle dans la campagne lyonnaise, le domaine Melchior Philibert est demeuré quasi préservé dans son intégralité jusqu’à nos jours. Cette propriété, inscrite en totalité à l’inventaire des Monuments historiques, forme un ensemble architectural complet (maison de maître, serre, orangerie, corps de ferme, pavillon, tour.)",2026-09-20 10:00:00+02:00,2026-09-20 12:00:00+02:00,Maison dite de Melchior Philibert,Charly,"224 Rue de l'Église, 69390 Charly, France",Journées européennes du patrimoine 2026 - Auvergne – Rhône-Alpes
89464824,Rives Créatives - Balade urbaine,"Entre quais historiques et secrets bien gardés, venez redécouvrir Lyon et ses rives créatives","**Entre quais historiques et secrets bien gardés, venez redécouvrir Lyon et ses rives créatives**
-------------------------------------------------------------------------------------------------

### **Connaissez-vous vraiment les quais de Saône ?**

Partez à l’aventure en famille et plongez dans l’histoire du Grenier d’Abondance, du Pavillon de la Compagnie des Chevaliers de l’Arquebuse des Subsistances militaires de Lyon et de son école vétérinaire, quatre édifices patrimoniaux emblématiques du défilé Pierre Scize, reconvertis désormais en lieux culturels. Au-delà de sa dimension architecturale, ce parcours ludique intègre une lecture urbaine et paysagère qui permet de comprendre les spécificités d’un quartier autrefois aux portes de la ville, et la manière dont sa situation géographique stratégique a conditionné son histoire. Un livret-jeu spécialement conçu pour les enfants de 7 à 12 ans viendra enrichir cette balade, les accompagnant tout au long de leur exploration !  
Départ de la balade urbaine à l'entrée des Subsistances pour terminer par la terrasse du conservatoire.",2026-09-20 10:00:00+02:00,2026-09-20 11:45:00+02:00,Les Subsistances,Lyon,"8bis Quai Saint Vincent, 69001 Lyon, France",Journées européennes du patrimoine 2026 - Auvergne – Rhône-Alpes
79216605,Parcours en calèche  dans les rues de lyon. Découverte de l'attelage,"Balade en calèches dans les rue du 6 eme et 2 eme arrondissement de lyon, le dimanche 20 septembre , de 10 H à 13 H. Découverte de l attelage .","Balade en calèches dans les rue du 6 eme et 2 eme arrondissement de lyon, le dimanche 20 septembre , de 10 H à 13 H. Découverte de l attelage .",2026-09-20 10:00:00+02:00,2026-09-20 10:30:00+02:00,Place Bellecour,Lyon,"2 Place bellecour, 69002 Lyon",Journées européennes du patrimoine 2026 - Auvergne – Rhône-Alpes
12033572,Silence...on visite! Dans les coulisses du cinéma Rex,Visites guidées du cinéma Rex et de l’histoire du 7e art à Neuville.,Visites guidées du cinéma Rex et de l’histoire du 7e art à Neuville.,2026-09-20 10:00:00+02:00,2026-09-20 11:30:00+02:00,Cinéma Rex,Neuville-sur-Saône,"Avenue du 11 novembre, 69250 Neuville-sur-Saône",Journées européennes du patrimoine 2026 - Auvergne – Rhône-Alpes
12641373,Portes ouvertes des jardins communaux,Exposition peinture et sculptures bois de l’atelier d’art de la Maison du quartier.,"Exposition peinture et sculptures bois de l’atelier d’art de la Maison du quartier.  
À partir de 10h : chasse au trésor (enfants dès 3 ans), à la découverte du parcours de la biodiversité au cœur des jardins.",2026-09-20 10:00:00+02:00,2026-09-20 13:00:00+02:00,Jardins communaux,Écully,46 chemin du moulin carron 69130 ecully,Journées européennes du patrimoine 2026 - Auvergne – Rhône-Alpes
4370634,Jeu de piste Street‐art avec Repère(s) // pentes de la Croix-Rousse,"Dans le cadre des Journées européennes du patrimoine et de Sirop de rue, festival de balades urbaines et gratuites pour tous les goûts :","Dans le cadre des Journées européennes du patrimoine et de Sirop de rue, festival de balades urbaines et gratuites pour tous les goûts :

*   parcourez le quartier des pentes de la Croix-Rousse à la recherche des œuvres de street art les plus emblématiques de la scène lyonnaise.
*   RDV 10h, départ 10h30 (durée 1h30 env)
*   par [Repère(s)](https://www.reperes-lyon.fr/)",2026-09-20 10:00:00+02:00,2026-09-20 12:00:00+02:00,"Place Morel, Lyon 1er",Lyon,"Place Morel, 69001 Lyon",Journées européennes du patrimoine 2026 - Auvergne – Rhône-Alpes
37760104,Découverte des arbres du parc du château de Curis,"À l’occasion des Journées européennes du patrimoine, la LPO vous propose de partir à la découverte des arbres du parc du Château de Curis au Mont d’Or et de ses alentours en compagnie de Christian à …","À l’occasion des Journées européennes du patrimoine, la LPO vous propose de partir à la découverte des arbres du parc du Château de Curis au Mont d’Or et de ses alentours en compagnie de Christian Naessens, bénévole à la LPO, tourneur sur bois et passionné des arbres.  
Il vous fera partager son savoir grâce à des anecdotes, des devinettes, des récits de légendes.  
**Inscription nécessaire**, par formulaire en ligne sur le [site de la LPO Auvergne-Rhône-Alpes](https://auvergne-rhone-alpes.lpo.fr/agenda/decouverte-des-arbres-special-journees-du-patrimoine-2/).",2026-09-20 10:00:00+02:00,2026-09-20 12:00:00+02:00,Parc du Château de Curis au Mont d'Or,Curis-au-Mont-d'Or,"143 Rue René Tachon, 69250 Curis-au-Mont-d'Or",Journées européennes du patrimoine 2026 - Auvergne – Rhône-Alpes
43931813,Balade contée avec l’École prend l’air // pentes de la Croix-Rousse,"Dans le cadre des Journées européennes du patrimoine et de Sirop de rue, festival de balades urbaines et gratuites pour tous les goûts :","**Dans le cadre des Journées européennes du patrimoine et de Sirop de rue, festival de balades urbaines et gratuites pour tous les goûts :**

*   balade contée (durée 2h)
*   parcours dans les pentes de la Croix-Rousse
*   tout public à partir de 4-5 ans
*   par [L'école prend l'air](https://lecoleprendlair.fr/)",2026-09-20 10:00:00+02:00,2026-09-20 12:00:00+02:00,"Place Morel, Lyon 1er",Lyon,"Place Morel, 69001 Lyon",Journées européennes du patrimoine 2026 - Auvergne – Rhône-Alpes
47316800,"Balade biodiversité avec ""Des Espèces Parmi'Lyon""","Dans le cadre des Journées européennes du patrimoine et de Sirop de rue, festival de balades urbaines et gratuites pour tous les goûts :","**Dans le cadre des Journées européennes du patrimoine et de Sirop de rue, festival de balades urbaines et gratuites pour tous les goûts :**

*   balade à la rencontre de la biodiversité (RDV 10h, départ 10h30, durée 2h env)
*   par [Des espèces parmi'Lyon](https://desespecesparmilyon.fr/)",2026-09-20 10:00:00+02:00,2026-09-20 12:00:00+02:00,"Place Morel, Lyon 1er",Lyon,"Place Morel, 69001 Lyon",Journées européennes du patrimoine 2026 - Auvergne – Rhône-Alpes
58743419,Atelier initiation au cyanotype par Eséfania Henriquez - festival MUSIC'LY,Journées européennes du patrimoine,"Découvrez le cyanotype, une ancienne technique photographique, et réalisez votre propre impression sur textile aux emblématiques nuances de bleu.  
A partir de 8 ans.",2026-09-20 10:00:00+02:00,2026-09-20 12:00:00+02:00,UCLy - Université Catholique de Lyon,Lyon,10 place des archives 69002 Lyon,Journées européennes du patrimoine 2026 - Auvergne – Rhône-Alpes
60362760,Balade atelier d’écriture itinérant avec Laurence Hugues,"Dans le cadre des Journées européennes du patrimoine et de Sirop de rue, festival de balades urbaines et gratuites pour tous les goûts :","**Dans le cadre des Journées européennes du patrimoine et de Sirop de rue, festival de balades urbaines et gratuites pour tous les goûts :**

*   Balade atelier d’écriture itinérant
*   RDV 10h, départ 10h30, durée 2h env
*   par [Laurence Hugues](https://www.instagram.com/laurencehugues/?hl=fr)",2026-09-20 10:00:00+02:00,2026-09-20 12:00:00+02:00,"Place Morel, Lyon 1er",Lyon,"Place Morel, 69001 Lyon",Journées européennes du patrimoine 2026 - Auvergne – Rhône-Alpes
87078410,Atelier « Carnet à reliure japonaise »,"Dans le cadre des Journées Européennes du Patrimoine et de l’exposition « (Extra)ordinaire » à L’Atrium, nous vous invitons à créer votre carnet à reliure japonaise, pour y écrire vos mémoires, vos  …","Dans le cadre des Journées Européennes du Patrimoine et de l’exposition « (Extra)ordinaire » à L’Atrium, nous vous invitons à créer votre carnet à reliure japonaise, pour y écrire vos mémoires, vos secrets et garder une trace de toutes vos histoires...  
À l’Espace culturel L’Atrium, salle Darnas  
Par l'équipe de L’Atrium  
Horaire : de 10h à 12h  
Age : Tout public. Enfants accompagnés à partir de 6 ans  
Durée : en continue  
Gratuit, sur réservation auprès du service de l’Espace culturel L’Atrium [atrium@villetassinlademilune.fr](mailto:atrium@villetassinlademilune.fr) ou 04 78 34 70 07)",2026-09-20 10:00:00+02:00,2026-09-20 12:00:00+02:00,Espace culturel L'Atrium,Tassin-la-Demi-Lune,"35 Av. du 8 Mai 1945, 69160 Tassin-la-Demi-Lune",Journées européennes du patrimoine 2026 - Auvergne – Rhône-Alpes
54385467,Atelier chant pop par Laura Chantraine - festival MUSIC'LY,Journées européennes du patrimoine,"Le campus Saint-Paul a le plaisir d'accueillir le Centre de la Voix pour vous faire découvrir son atelier d'initiation au chant pop !  
Venez partager un moment musical chaleureux et tester le chant en groupe lors d’un atelier animé par Laura Chantraine et accessible dès l’âge de 15 ans.",2026-09-20 10:00:00+02:00,2026-09-20 11:30:00+02:00,UCLy - Université Catholique de Lyon,Lyon,10 place des archives 69002 Lyon,Journées européennes du patrimoine 2026 - Auvergne – Rhône-Alpes
74544845,Gratte-Ciel en photos,Le quartier des Gratte-Ciel est un ensemble architectural unique en France. Sa construction a attiré les curieux et curieuses venu∙es photographier les immeubles et la vie qui s’y installe. A partir…,"Le quartier des Gratte-Ciel est un ensemble architectural unique en France. Sa construction a attiré les curieux et curieuses venu∙es photographier les immeubles et la vie qui s’y installe.  
A partir de fonds photographiques emblématiques, du chantier à aujourd’hui, redécouvrez ce patrimoine architectural vu par les photographes.",2026-09-20 10:00:00+02:00,2026-09-20 11:00:00+02:00,TNP - Théâtre national populaire,Villeurbanne,"8 Place Docteur Lazare Goujon, 69100 Villeurbanne, France",Journées européennes du patrimoine 2026 - Auvergne – Rhône-Alpes
29534119,Velo vinyle,"Et si vous pédaliez pour actionner un vinyle ? Silvère Simon alias Métal Brûlant, membre du collectif la Poursuite, vous embarque dans les souvenirs de cyclistes. Pédalez pour écouter à votre rythme…","Et si vous pédaliez pour actionner un vinyle ? Silvère Simon alias Métal Brûlant, membre du collectif la Poursuite, vous embarque dans les souvenirs de cyclistes. Pédalez pour écouter à votre rythme et pourquoi pas vous aussi partager vos souvenirs ?",2026-09-20 10:30:00+02:00,2026-09-20 18:00:00+02:00,Musée de l'automobile Henri Malartre,Rochetaillée-sur-Saône,"645 Rue du Musée, 69270 Rochetaillée-sur-Saône, France",Journées européennes du patrimoine 2026 - Auvergne – Rhône-Alpes
52153924,Visites d’idées // Balades décalées humoristiques,Les visites d'idées,"Les visites d'idées
-------------------

### L'histoire véridiquement subjective de la Croix-Rousse

**Dans le cadre des Journées européennes du patrimoine et de Sirop de rue, festival de balades urbaines et gratuites pour tous les goûts :**  
Un parcours de 45min dans les pentes de la Croix-Rousse pour une visite décalée, déglinguée !  
[https://www.instagram.com/visites\_d\_idees/](https://www.instagram.com/visites_d_idees/)",2026-09-20 10:30:00+02:00,2026-09-20 11:15:00+02:00,"Place Morel, Lyon 1er",Lyon,"Place Morel, 69001 Lyon",Journées européennes du patrimoine 2026 - Auvergne – Rhône-Alpes
4418394,Promenade de deux voitures hippomobiles du 19eme siècle dans les rues de Lyon,Découverte de l'attelage au 19eme siècle.,"Découverte de l'attelage au 19eme siècle.  
Présentation de 2 voitures hippomobiles attellées avec promenade dans les rues du 6e et 2e arrondissement de Lyon, le dimanche 20 septembre à 10h et 14h.  
Une voiture de type "" Milord"" "" et une voiture de type "" Omnibus"", attellées en paire.",2026-09-20 10:30:00+02:00,2026-09-20 11:00:00+02:00,Place Bellecour,Lyon,Place Bellecour 69002 Lyon,Journées européennes du patrimoine 2026 - Auvergne – Rhône-Alpes
85571088,Atelier lecture pour enfants - festival MUSIC'LY,"Prenez place pour une parenthèse en compagnie de la troupe de théâtre de l'UCLy ! À travers des histoires captivantes et drôles, les enfants de 5 à 10 ans sont invités à laisser libre cours à leur et…","Prenez place pour une parenthèse en compagnie de la troupe de théâtre de l'UCLy ! À travers des histoires captivantes et drôles, les enfants de 5 à 10 ans sont invités à laisser libre cours à leur imagination et à partager un moment de découverte et d'évasion. Quatre sessions de lecture de 15 à 20 minutes seront proposées tout au long de la matinée.",2026-09-20 10:30:00+02:00,2026-09-20 11:00:00+02:00,UCLy - Université Catholique de Lyon,Lyon,10 place des archives 69002 Lyon,Journées européennes du patrimoine 2026 - Auvergne – Rhône-Alpes
98560205,"Balade Urbaine ""Où sont les femmes ?"" - Lyon 7","Qu’elles soient artistes, réalisatrices, ouvrières, résistantes ou cheffes, nombreuses sont les femmes qui ont laissé leur empreinte dans notre ville et pourtant, les connaissez-vous ?","Qu’elles soient artistes, réalisatrices, ouvrières, résistantes ou cheffes, nombreuses sont les femmes qui ont laissé leur empreinte dans notre ville et pourtant, les connaissez-vous ?  
Laissez-vous entrainer dans les rues du 7ème arrondissement de Lyon par les guides de Filactions au travers de récits de lieux et de femmes qui ont marqué leur temps.",2026-09-20 10:30:00+02:00,2026-09-20 12:30:00+02:00,Centre d'histoire de la résistance,Lyon,"14 Av. Berthelot, 69007 Lyon, France",Journées européennes du patrimoine 2026 - Auvergne – Rhône-Alpes
95494939,Visite guidée des collections,Partez à la découverte des salles d'exposition du Musée des sciences biologiques Dr Mérieux ! Cette visite guidée vous invite à découvrir l’univers passionnant de la microbiologie ainsi que de la les…,"Partez à la découverte des salles d'exposition du Musée des sciences biologiques Dr Mérieux ! Cette visite guidée vous invite à découvrir l’univers passionnant de la microbiologie ainsi que l'histoire de la lutte contre les maladies infectieuses. À travers les salles d'exposition, nous comprendrons la relation entre les humains et les micro-organismes depuis l'Antiquité ainsi que les stratégies développées au fil de l'histoire pour mieux protéger la santé humaine et animale.  
La visite commence à **10h30**. Le musée ouvrira ses portes à 10h15 uniquement pour accueillir les participants de la visite guidée.  
Il sera ouvert à 11h pour l'accueil des individuels / visites libres.

Informations pratiques :  
**Date et horaire :** le dimanche 20 septembre 2026 à 10h30  
**Tarif :** gratuit, dans le cadre des JEP  
**Public :** adultes et enfants à partir de 13 ans  
**Durée de la visite :** 01h15  
**Adresse :** 309 Avenue Jean Colomb, 69280 Marcy-l'Etoile  
**Réservation obligatoire** à [contact@musee-docteur-merieux.com](mailto:contact@musee-docteur-merieux.com)  
Les inscriptions seront ouvertes à partir du 18 août 2026.",2026-09-20 10:30:00+02:00,2026-09-20 11:45:00+02:00,Musée de sciences biologiques Docteur Mérieux,Marcy-l'Étoile,309 avenue Jean Colomb 69280 Marcy-l'Étoile,Journées européennes du patrimoine 2026 - Auvergne – Rhône-Alpes
20244488,"Ateliers pédagogiques ""arts textiles"" par La Compagnie Excalibur",L'histoire de l'habillement remonte à plusieurs milliers d'années avant notre ère. L'atelier vous fera remonter le fil du temps en vous présentant l'art et les techniques du textile dans l'Occident à…,"L'histoire de l'habillement remonte à plusieurs milliers d'années avant notre ère. L'atelier vous fera remonter le fil du temps en vous présentant l'art et les techniques du textile dans l'Occident médiéval. Démonstration de broderie historique ou de tissage au tablettes seront l'occasion de redécouvrir des gestes oubliés qui sont aujourd'hui de nouveau appréciés et valorisés. La laine est la fibre principale utilisée au Moyen-âge en Occident, de par sa facilité à être obtenue et son confort.  
Mais s'il faut s'habiller, il ne faut toutefois pas négliger d'être beau ! Que ce soit grâce à la broderie, aux galons tissés aux cartes ou aux lacets en « fingerloop », tous les moyens sont bons pour revendiquer un statut ou une condition sociale. Et bien vastes sont les savoir-faire à redécouvrir et à expérimenter, dans cette recherche constante d'embellir toute chose..",2026-09-20 11:00:00+02:00,2026-09-20 19:00:00+02:00,Le Grenier d'Abondance (DRAC Auvergne-Rhône-Alpes-CNSMD),Lyon,"6, quai St-Vincent 69001 Lyon",Journées européennes du patrimoine 2026 - Auvergne – Rhône-Alpes
27137038,"Ateliers pédagogiques ""Scriptorium"" sur le thème de l'écriture par La Compagnie Excalibur","L'écriture, qui a certainement pris naissance en Mésopotamie, au travers de tablette d'argile, sous une forme cunéiforme (en coin), est une découverte capitale dans l'histoire de l'humanité.","L'écriture, qui a certainement pris naissance en Mésopotamie, au travers de tablette d'argile, sous une forme cunéiforme (en coin), est une découverte capitale dans l'histoire de l'humanité.  
L'atelier Scriptorium s'attache à expliquer sont évolutions aux travers des âges avec des reproductions calligraphiées & enluminées.  
Nous découvrirons aussi tout ce qui se trouve autour de l'écriture, la fabrication d'un livre demandait aux moines de nombreux contacts avec l’extérieur pour trouver les précieuses & nombreuses peaux qui feront le parchemin ainsi que les plantes & pigments qui donneront les encres & permettront de peindre les enluminures.  
Nous aborderons aussi la lecture, pour savoir à qui s'adressait ces livres.",2026-09-20 11:00:00+02:00,2026-09-20 19:00:00+02:00,Le Grenier d'Abondance (DRAC Auvergne-Rhône-Alpes-CNSMD),Lyon,"6, quai St-Vincent 69001 Lyon",Journées européennes du patrimoine 2026 - Auvergne – Rhône-Alpes
43196828,Taille de pierre et architecture : des démonstrations de taille auront lieu tout au long de la journée par La Compagnie Excalibur,"Taille de pierre et architecture : des démonstrations de taille, outils et techniques vous seront expliqués.","Taille de pierre et architecture : des démonstrations de taille, outils et techniques vous seront expliqués.  
Dans la conscience collective, il y a deux artisanats qui feront toujours partie de la symbolique du moyen âge : La forge et la taille de pierre.  
Ici, nous vous expliquerons pourquoi la taille de pierre répond parfaitement à la définition de l’artisanat, un mélange d’art et de technique.  
Vous découvrirez qu’un tailleur de pierre se doit d’être également un mathématicien, vous apprendrez que la pierre est un matériau complexe.  
Vous verrez les principaux outils utilisés pour tailler la pierre, on vous expliquera ce qu’est une gradine, une boucharde, une charrue.  
Vous comprendrez également pourquoi le tailleur de pierre travaille toujours à proximité du forgeron.  
Vous découvrirez également les outils qui ont permis à l'homme de construire châteaux et cathédrales. Venez voir comment une simple corde peux dessiner une voûte, une rosasse ou un angle droit.",2026-09-20 11:00:00+02:00,2026-09-20 19:00:00+02:00,Le Grenier d'Abondance (DRAC Auvergne-Rhône-Alpes-CNSMD),Lyon,"6, quai St-Vincent 69001 Lyon",Journées européennes du patrimoine 2026 - Auvergne – Rhône-Alpes
69708036,Jeux médiévaux sur table et jeux dit Viking de force et d’adresse par La Compagnie Excalibur,"Dans la société médiévale, qui comptait plus de 100 jours fériés par an, les jeux sont un aspect important de la vie quotidienne. On joue à la taverne et à l’auberge, bien sûr, mais aussi chez soi, à…","Dans la société médiévale, qui comptait plus de 100 jours fériés par an, les jeux sont un aspect important de la vie quotidienne. On joue à la taverne et à l’auberge, bien sûr, mais aussi chez soi, au château comme à la chaumière, aux bains publics, dans les monastères, à l’église ou sur son lieu de travail. On joue pour se distraire, mais aussi pour apprendre la stratégie, exercer son corps et son adresse dans des jeux de force ou d’habileté, voire pour régler des conflits sans se battre.  
Les jeux au Moyen Âge étaient très variés. Certains, comme la marelle et le jeu des moulins, étaient déjà joués dans l’empire romain, et le sont encore aujourd’hui ; d’autres sont plus exotiques, comme le jeu d’échec, qui fut inventé en Inde et transita par la Perse et le monde musulman avant d’être découvert par les Européens lors des croisades. Certains, enfin, sont tombés dans l’oubli : qui aujourd’hui connait encore le hnefatafl, ce jeu de plateau inventé par les Vikings ?  
Ces jeux ont parfois énormément changé : ainsi, les échecs pouvaient se jouer avec des dés, et le fou de notre échiquier moderne était à l’origine un éléphant !  
Alors, n'hésitez pas : venez faire une partie avec nous !",2026-09-20 11:00:00+02:00,2026-09-20 19:00:00+02:00,Le Grenier d'Abondance (DRAC Auvergne-Rhône-Alpes-CNSMD),Lyon,"6, quai St-Vincent 69001 Lyon",Journées européennes du patrimoine 2026 - Auvergne – Rhône-Alpes
79394946,"À la découverte du théâtre La Mouche : rencontres, ateliers, spectacles...","La Mouche vous ouvre ses portes pour une journée festive à l’occasion du lancement de sa nouvelle saison. Au programme : une visite guidée pour découvrir les coulisses de l’équipement, des ateliers –…","La Mouche vous ouvre ses portes pour une journée festive à l’occasion du lancement de sa nouvelle saison. Au programme : une visite guidée pour découvrir les coulisses de l’équipement, des ateliers créatifs pour les enfants, un spectacle de danse tout public et une présentation de la saison culturelle 2026/2027. Une belle occasion de plonger dans l’univers artistique de La Mouche et de partager un moment convivial en famille ou entre amis.

11h : visite de La Mouche, découverte de l’envers du décor (1h – sur réservation)  
14h : atelier d'initiation au jonglage (1h30 - sur réservation)  
15h45 : spectacle de ""Llabyellov"" de Carlo Cerato (45 min - en accès libre)  
17h : présentation de la saison 2026/2027 (1h30 – sans réservation)",2026-09-20 11:00:00+02:00,2026-09-20 18:30:00+02:00,La Mouche,Saint-Genis-Laval,"8 Rue des Ecoles, 69230 Saint-Genis-Laval, France",Journées européennes du patrimoine 2026 - Auvergne – Rhône-Alpes
26054993,Visite libre du musée,"À l’occasion des Journées du Patrimoine 2026, venez (re)découvrir les collections du musée et explorer comment, de l’Antiquité à nos jours, les scientifiques ont peu à peu compris les mécanismes à à…","À l’occasion des Journées européennes du patrimoine 2026, venez (re)découvrir librement les collections du musée et explorer, à votre rythme, comment, de l’Antiquité à nos jours, les scientifiques ont progressivement compris les mécanismes à l’œuvre derrière les maladies infectieuses.  
Cette année, l’exposition temporaire « Cancers : la face cachée des virus » sera également ouverte au public en visite libre.  
Une journée dédiée à la mise en lumière du patrimoine scientifique, médical et humain qui a façonné notre connaissance du vivant et de la santé.  
Informations pratiques :  
**Date et horaire :** dimanche 20 septembre 2026, de 11h à 18h  
**Modalité de visite :** visite libre  
**Tarif :** gratuit, dans le cadre des Journées européennes du patrimoine  
**Réservation :** aucune réservation n'est nécessaire pour la visite libre des salles. L'entrée est gratuite, dans la limite des places disponibles.  
**Public :** adultes et enfants à partir de 6 ans",2026-09-20 11:00:00+02:00,2026-09-20 18:00:00+02:00,Musée de sciences biologiques Docteur Mérieux,Marcy-l'Étoile,309 avenue Jean Colomb 69280 Marcy-l'Étoile,Journées européennes du patrimoine 2026 - Auvergne – Rhône-Alpes
55157733,CHARLY / Visites commentées du vestibule des peintures du Domaine Melchior Philibert,Visite du vestibule des peintures (de D.Sarrabat),"**Visite du vestibule des peintures (de D.Sarrabat)**  
_Visite commentée_  
L’entrée dans cette maison de maître du XVIIe siècle, par la cour d’honneur, se fait par un **vestibule** communiquant avec le jardin. Ce vestibule est décoré des remarquables peintures réalisées en 1701 par le peintre lyonnais **Daniel Sarrabat**.

*   Remarquable témoin des maisons des champs construites, notamment au XVIIe siècle dans la campagne lyonnaise, le domaine Melchior Philibert est demeuré quasi préservé dans son intégralité jusqu’à nos jours. Cette propriété, inscrite en totalité à l’inventaire des Monuments historiques, forme un ensemble architectural complet (maison de maître, serre, orangerie, corps de ferme, pavillon, tour.)",2026-09-20 11:00:00+02:00,2026-09-20 11:45:00+02:00,Maison dite de Melchior Philibert,Charly,"224 Rue de l'Église, 69390 Charly, France",Journées européennes du patrimoine 2026 - Auvergne – Rhône-Alpes
5642619,Déambulation théâtrale : Les échappées belles,"La compagnie lyonnaise ""Sens inverse"" vous propose une visite théâtralisée autour de la collection de vélos du musée.","La compagnie lyonnaise ""Sens inverse"" vous propose une visite théâtralisée autour de la collection de vélos du musée.  
Embarquez dans une histoire folle avec ces deux comédiens hauts en couleur sur les traces de cet objet quotidien mais révolutionnaire !",2026-09-20 11:00:00+02:00,2026-09-20 12:00:00+02:00,Musée de l'automobile Henri Malartre,Rochetaillée-sur-Saône,"645 Rue du Musée, 69270 Rochetaillée-sur-Saône, France",Journées européennes du patrimoine 2026 - Auvergne – Rhône-Alpes
65356258,CHARLY / CRBA  / La ferme Melchior,"Le **CRBA\*** est un laboratoire d’idées et de recherches interdisciplinaire, appliqué à l’agriculture, l’horticulture, la création, la conception et la réhabilitation de jardins ou de territoires à …","Le **CRBA\*** est un laboratoire d’idées et de recherches interdisciplinaire, appliqué à l’agriculture, l’horticulture, la création, la conception et la réhabilitation de jardins ou de territoires face aux enjeux climatiques. Son approche transversale vise à repenser les relations entre les sociétés humaines et le vivant à travers la question fondamentale de l'alimentation.  
Le conservatoire du CRBA abrite 4 000 espèces et variétés de céréales, de légumes, d’arbres, de fruits et d’aromatiques. Les semences sont testées et sélectionnées en conditions de plein champ, les parcelles sont certifiées en agriculture biologique, afin d'évaluer leur capacité d'adaptation au défi climatique. Ces ressources sont ensuite mises à disposition gratuitement des agriculteurs du territoire. Cette démarche contribue à renforcer la robustesse des systèmes agricoles locaux et à retrouver une relative autonomie alimentaire.  
Implanté depuis 2019 au Domaine Melchior Philibert à Charly, le CRBA a créé la **Ferme Melchior** en 2020 et la station d'expérimentation agronomique Vavilov. En 2022, une ferme semencière est venue compléter cet ensemble dédié à la conservation, à l'expérimentation et à la diffusion des ressources végétales.

*   _Créé en janvier 2008 par Stéphane Crozat et Sabrina Novak, le CRBA est soutenu par la Métropole de Lyon, la Région Auvergne-Rhône-Alpes dans le cadre du dispositif Div'Agri, la Ville de Charly, ainsi que par les mécènes DOMORROW, CNR, 1% for the Planet France, Ecotone, Terideal, Fondation Bullukian, Groupama Rhône-Alpes Auvergne, Fondation Solidarités Crédit Agricole Centre-Est,LexCase Société d'Avocats, Le Poids du Vivant, Fonds Maupertuis, SUEZ, Anne Sarkissian,Fondation Léa Nature / Jardin BiO, Acuity Solutions France, Omaha Beach, ICM Industrie, M PLUS M._

[https://www.crba.fr](https://www.crba.fr)",2026-09-20 11:00:00+02:00,2026-09-20 12:00:00+02:00,Maison dite de Melchior Philibert,Charly,"224 Rue de l'Église, 69390 Charly, France",Journées européennes du patrimoine 2026 - Auvergne – Rhône-Alpes
73161336,Visite guidée du Théâtre de l'Élysée,Découvrez l'histoire du Théâtre de l'Élysée.,"### Découvrez l'histoire du Théâtre de l'Élysée.

Que s’est-il passé entre 1861 – apparition du bâtiment en tant que hangar industriel – et la création du Théâtre de l’Élysée en 1993 ? Pour le découvrir, venez participer à une visite guidée et retracez l’histoire d’un ancien cinéma de quartier et d’un ancien atelier d’industrie au cœur de la Guillotière.  
_Deux départs de visites, à 11h et 12h. Gratuit, sans inscription._  
_Durée de la visite : 45 minutes._",2026-09-20 11:00:00+02:00,2026-09-20 11:45:00+02:00,Théâtre de l'Élysée,Lyon,"14 rue Basse Combalot, 69007 Lyon",Journées européennes du patrimoine 2026 - Auvergne – Rhône-Alpes
1088729,Vacances sur Altaïr ( Les séances du Planétarium ),Les étoiles sont-elles des lucioles géantes ou de gros lampadaires ?,"Les étoiles sont-elles des lucioles géantes ou de gros lampadaires ?  
C’est la question que se posent Lum la luciole et Bog le papillon. Curieux d’en avoir le cœur net, ils embarquent à bord d’un vaisseau spatial pour partir à la découverte de ces drôles de lumières dans la nuit.  
Au cours de leur voyage, ils s’approchent d’un objet extrêmement lumineux… mais ce n’est pas une étoile : c’est Vénus, une planète ! Leur soif de découverte les mène ensuite jusqu’à une véritable étoile, Altaïr, qui brille et chauffe comme le Soleil.  
Ils découvrent alors que, contrairement à ce qu’ils pensaient, les étoiles ne sont ni des lucioles, ni des lampadaires. Les étoiles sont de gigantesques boules de gaz très chaudes qui produisent leur propre lumière, et elles sont bien plus grosses que les planètes.  
Ce spectacle destiné aux enfants de 4 à 7 ans permet de découvrir le ciel de manière amusante et ludique. Les jeunes spectateurs apprennent à distinguer les étoiles des planètes : les planètes tournent autour du Soleil et ne font que réfléchir sa lumière, tandis que les étoiles rayonnent elles-mêmes.

Publics : familles 4 – 7 ans  
Film avec une séance d’astronomie animée par un médiateur scientifique  
Durée 1 heure",2026-09-20 11:00:00+02:00,2026-09-20 12:00:00+02:00,Planétarium de Vaulx-en-Velin,Vaulx-en-Velin,"Place de la Nation, 69120 Vaulx-en-Velin",Journées européennes du patrimoine 2026 - Auvergne – Rhône-Alpes
97564865,Gratte-Ciel·les,"A l’occasion des Journées européennes du patrimoine, venez redécouvrir le quartier des Gratte-Ciel sous un autre regard : celui de l’histoire des femmes qui y ont vécu et y vivent encore aujourd’hui !","A l’occasion des Journées européennes du patrimoine, venez redécouvrir le quartier des Gratte-Ciel sous un autre regard : celui de l’histoire des femmes qui y ont vécu et y vivent encore aujourd’hui ! Saviez-vous que le premier organiste de l’hôtel de ville était une femme ? Qu’une femme était à la tête du dispensaire d’hygiène sociale ? Que les logements des Gratte-ciel ont accueilli de nombreuses institutrices ? Cette balade vous emmènera jusqu’au TNP dans lequel comédiennes et metteuses en scène ont également participé à faire vivre ce lieu.  
En partenariat avec le TNP",2026-09-20 11:15:00+02:00,2026-09-20 12:15:00+02:00,TNP - Théâtre national populaire,Villeurbanne,"8 Place Docteur Lazare Goujon, 69100 Villeurbanne, France",Journées européennes du patrimoine 2026 - Auvergne – Rhône-Alpes
71467866,A la découverte de l'hippodrome et de ses côté coulisses pendant les courses,Découvrir les courses et ses coulisses pour apprécier le spectacle avec un œil averti.,"Découvrir les courses et ses coulisses pour apprécier le spectacle avec un œil averti.

L'hippodrome de Parilly propose chaque année au moins 39 réunions de courses dans toutes les disciplines (trot & galop), dont des journées à thème avec de nombreuses animations, notamment pour les familles.

Le parcours de visite de 45 minutes environ comprend : le passage sur le rond de présentation, l'observation des écuries, du contrôle vétérinaire et de lutte anti-dopage, la découverte des pistes et des disciplines. Vous croiserez les chevaux, les jockeys et les entraîneurs, le personnel de coordination, les juges aux allures et les commissaires chargés de veiller à la régularité des épreuves.

Départ de visite toutes les 15 minutes. Inscriptions sur place, à l'accueil.",2026-09-20 13:00:00+02:00,2026-09-20 17:00:00+02:00,Hippodrome de Parilly,Bron,"4-6, avenue Pierre-Mendès-France, 69500 Bron, Métropole de Lyon, Auvergne-Rhône-Alpes",Journées européennes du patrimoine 2026 - Auvergne – Rhône-Alpes
73024911,Visite guidée avec une guide costumée: traboulez dans les pentes de la Croix Rousse et découvrez l'histoire de la soie et des canuts,"Fin XIXème,","Fin XIXème,  
Jeanne Bergeron, issue d’une famille de négociant, se remémore les changements majeurs qui ont façonné les pentes de la Croix-Rousse. Suivez-la, empruntez quelques traboules et admirez les vestiges de couvents tout en redécouvrant des lieux mythiques ! Le percement de la ficelle, les premières émeutes sociales, le travail de la soie ou l’habitat des canuts elle vous racontera la petite et la grande histoire de « la colline qui travaille ».",2026-09-20 14:00:00+02:00,2026-09-20 15:40:00+02:00,"Le Gros Caillou, Croix Rousse",Lyon,Gros Caillou 69004 Lyon,Journées européennes du patrimoine 2026 - Auvergne – Rhône-Alpes
11596023,Mémoires couzonnaises,Journées européennes du patrimoine,"GAF-Généalogie vous propose, en lien avec les autres manifestations organisées dans le village de Couzon-au-Mont-d’Or pour ces JEP 2026, une balade (virtuelle) dans le village commentée par les ""Témoins"", anciens du village qui partagent leur connaissance des lieux et des Couzonnais.  
Il s’agit d'un moment d'échange autour de la projection de photos de Couzon-au-Mont-d'Or datées de 1902 à 1993. Chacun pourra poser ses questions et écouter les commentaires.",2026-09-20 14:00:00+02:00,2026-09-20 18:00:00+02:00,Salle des fêtes,Couzon-au-Mont-d'Or,rue pierre dupont 69270 Couzon-au-Mont-d'Or,Journées européennes du patrimoine 2026 - Auvergne – Rhône-Alpes
69227054,Chorale dans l'église de Couzon au Mont d'Or,"Cette année, en collaboration avec l'Association du Patrimoine de Couzon au Mont d'Or (APACO), nous vous proposons de venir écouter la chorale Couzon en chœur interpréter des chants","Cette année, l'Association du Patrimoine de Couzon au Mont d'Or (APACO), vous propose de venir écouter la chorale Couzon en Choeur dans l'interprétation d'un répertoire de chants classiques et récents. 4 tours de chant seront présentés en alternance avec 4 visites guidées de l'église saint Maurice de Couzon au Mont d'Or, oeuvre du XIXe siècle de l'architecte Pierre Bossan . Ambiance et déambulation garantie ! Dimanche après-midi uniquement.",2026-09-20 14:00:00+02:00,2026-09-20 18:00:00+02:00,Église Saint Maurice,Couzon-au-Mont-d'Or,"1 Place Fayard, 69270 Couzon-au-Mont-d'Or, France",Journées européennes du patrimoine 2026 - Auvergne – Rhône-Alpes
83954905,Visite église et cloître du couvent dominicain du Saint Nom de Jésus,Visite libre ou guidée de l'église et du cloître du couvent,"Visite libre ou guidée de l'église et du cloître du couvent  
A voir : l'autel du Rosaire, Notre Dame de la Compassion, les vitraux exécutés dans le couvent et consacrés à l'histoire de l'ordre des Dominicains, sur la porte du tabernacle les armoiries du couvent de Lyon",2026-09-20 14:00:00+02:00,2026-09-20 18:00:00+02:00,Eglise et cloître du couvent dominicain du Saint Nom de Jésus,Lyon,91 rue tête d'or 69006 Lyon,Journées européennes du patrimoine 2026 - Auvergne – Rhône-Alpes
96023041,Visite guidée - Église de Couzon au Mont d'Or,"Cette année, en collaboration avec la chorale Couzon en chœur, nous vous proposons un ensemble de visites guidées ponctuées de chants","Cette année, la paroisse Saint Roch et l'Association du Patrimoine de Couzon au Mont d'Or (APACO), vous proposent de venir suivre les visites guidées de l'église saint Maurice. 4 visites sont prévues en alternance avec 4 mini concerts de la chorale Couzon en Choeur et de son répertoire de chants classiques et récents. Le tout se déroulera dans l'église saint Maurice de Couzon au Mont d'Or, oeuvre du XIXe siècle de l'architecte Pierre Bossan. Ambiance et déambulation garantie ! Dimanche après-midi uniquement.",2026-09-20 14:00:00+02:00,2026-09-20 18:00:00+02:00,Église Saint Maurice,Couzon-au-Mont-d'Or,"1 Place Fayard, 69270 Couzon-au-Mont-d'Or, France",Journées européennes du patrimoine 2026 - Auvergne – Rhône-Alpes
16432200,Visites Guidées,"Accompagné par une guide professionnelle de l'Office de Tourisme de Lyon, découvrez les secrets du Fort du Bruissin lors d'une visite de 45 minutes.","Accompagné par une guide professionnelle de l'Office de Tourisme de Lyon, découvrez les secrets du Fort du Bruissin lors d'une visite de 45 minutes.",2026-09-20 14:00:00+02:00,2026-09-20 14:45:00+02:00,Fort du Bruissin,Francheville,69340 Francheville,Journées européennes du patrimoine 2026 - Auvergne – Rhône-Alpes
47183892,CHARLY / Maison Thibaude,"Caractéristique du type des maisons vigneronnes, **La Thibaude** date du XVIème dans ses éléments les plus anciens. Elle a été construite lors de l'essor du village à la Renaissance. On trouve aussi…","Caractéristique du type des maisons vigneronnes, **La Thibaude** date du XVIème dans ses éléments les plus anciens. Elle a été construite lors de l'essor du village à la Renaissance. On trouve aussi des traces des siècles qui ont suivi, avec entre autres un pressoir encore en état et un four à pain. La cour intérieure, calade en pavés, est entourée de trois côtés, typique des maisons de vignerons, avec une galerie en bois faisant face à une coursive en pierre surplombant des arcades. Sous la maison, plusieurs caves atteste la fonction viticole des lieux. Les propriétaires de la maison ont été vignerons, tonneliers, arboriculteurs... et chaque époque a laissé des traces encore visibles : arches en pierre, balcon, piliers, four, boutasse...",2026-09-20 14:00:00+02:00,2026-09-20 17:30:00+02:00,Maison Thibaude,Charly,"91 Rue Pierre Juffet, 69390 Charly",Journées européennes du patrimoine 2026 - Auvergne – Rhône-Alpes
16173053,La grande marraine,Conte jonglé par le collectif Merci LaRattrape,"Conte jonglé par le collectif Merci LaRattrape  
En écho à l’exposition Merveilleux Moyen Âge.  
Adaptation jonglistico-orale d’un conte traditionnel et des mythes qui le traversent. Un voyage dans nos imaginaires du Moyen Âge autour du destin épique d’un homme, conté et jonglé en solo.  
Tout public à partir de 6 ans.  
2e représentation suivie d’une présentation du jonglage médiéval et d’une initiation au jonglage.",2026-09-20 14:00:00+02:00,2026-09-20 14:35:00+02:00,Musée d'histoire de Lyon et Musée des arts de la marionnette,Lyon,"1 Place du Petit Collège, 69005 Lyon, France",Journées européennes du patrimoine 2026 - Auvergne – Rhône-Alpes
19496677,Découverte de la Villa Chapuis,"Venez visiter cette maison bourgeoise qui fut la propriété du musicien Michel Chapuis et découvrez les motifs japonisants de ses vitraux, la beauté de ses lustres, les boiseries et les références…","Venez visiter cette maison bourgeoise qui fut la propriété du musicien Michel Chapuis et découvrez les motifs japonisants de ses vitraux, la beauté de ses lustres, les boiseries et les références musicales.",2026-09-20 14:00:00+02:00,2026-09-20 14:45:00+02:00,Villa Chapuis,Saint-Genis-Laval,"St Genis Mairie, 69230 Saint-Genis-Laval, France",Journées européennes du patrimoine 2026 - Auvergne – Rhône-Alpes
71041866,Jeu de piste patrimoine,"Partez en famille ou entre amis pour une balade ludique à la découverte de la colline de l’Observance. À travers un jeu de piste, explorez ce site remarquable et laissez-vous guider .","Partez en famille ou entre amis pour une balade ludique à la découverte de la colline de l’Observance. À travers un jeu de piste, explorez ce site remarquable et laissez-vous guider .

Ce parcours vous invite à découvrir le patrimoine historique, culturel et naturel du lieu, tout en accédant à certains espaces habituellement fermés au public. Une immersion originale au cœur d’un site chargé d’histoire et de biodiversité.

⚠️ Attention : les jardins ne sont pas accessibles aux personnes à mobilité réduite. Le reste du parcours présente également un dénivelé important en raison de la topographie naturelle du site. Il est donc recommandé de prévoir de bonnes chaussures.",2026-09-20 14:00:00+02:00,2026-09-20 17:00:00+02:00,Intersection du Bd St Exupéry et du Chemin Des Carriers,Lyon,Intersection Du Bd St Exupéry Et Du Chemin Des Carriers 69009 Lyon,Journées européennes du patrimoine 2026 - Auvergne – Rhône-Alpes
70478186,Déambulation théâtre d'impro - pentes de la Croix-Rousse,"Sirop de rue, festival de balades urbaines, gratuites pour tous les goûts : histoire des pentes, théâtre d'impro, atelier d'écriture, jeu de piste,…","Dans le cadre de **Sirop de rue**, festival de balades urbaines et gratuites pour tous les goûts :

*   déambulation théâtre d'impro dans les pentes de la Croix-Rousse Lyon1,
*   RDV 14h, départ 14h30 (durée 2h env)
*   par les [Polygônes](https://www.facebook.com/lespolygones/), troupe de théêtre d'impro",2026-09-20 14:00:00+02:00,2026-09-20 16:30:00+02:00,"Place Morel, Lyon 1er",Lyon,"Place Morel, 69001 Lyon",Journées européennes du patrimoine 2026 - Auvergne – Rhône-Alpes
190639,Street art en pentes avec l’École prend l’air // pentes de la Croix-Rousse,"Dans le cadre des Journées européennes du patrimoine et de Sirop de rue, festival de balades urbaines et gratuites pour tous les goûts :","**Dans le cadre des Journées européennes du patrimoine et de Sirop de rue, festival de balades urbaines et gratuites pour tous les goûts :**

*   Une découverte stimulante du street art, des pentes de la Croix-Rousse, de ses street artists et de leurs œuvres !
    
*   RDV à 14h, départ à 14h30 (durée 2h env.)
    
*   tout public à partir de 7 ans
    
*   par [L'école prend l'air](https://lecoleprendlair.fr/)",2026-09-20 14:00:00+02:00,2026-09-20 16:00:00+02:00,"Place Morel, Lyon 1er",Lyon,"Place Morel, 69001 Lyon",Journées européennes du patrimoine 2026 - Auvergne – Rhône-Alpes
18373959,"""Les affiches en sérigraphie à la Croix-Rousse"" par Papyart","Dans le cadre des Journées européennes du patrimoine et de Sirop de rue, festival de balades urbaines et gratuites pour tous les goûts :","**Dans le cadre des Journées européennes du patrimoine et de Sirop de rue, festival de balades urbaines et gratuites pour tous les goûts :**

*   balade luttes sociales (RDV 14h, départ 14h30, durée 2h env)
*   ""Les affiches en sérigraphie à la Croix-Rousse"" en lien avec les luttes sociales : Canuts, anarchistes, mai 68, luttes des habitants dans les années 70 et 80.
*   par [Papyart](https://www.instagram.com/papyart_serigraphie/)",2026-09-20 14:00:00+02:00,2026-09-20 16:00:00+02:00,"Place Morel, Lyon 1er",Lyon,"Place Morel, 69001 Lyon",Journées européennes du patrimoine 2026 - Auvergne – Rhône-Alpes
63567781,Jeu de piste Canuts avec Repère(s) // pentes de la Croix-Rousse,"Dans le cadre des Journées européennes du patrimoine et de Sirop de rue, festival de balades urbaines et gratuites pour tous les goûts :","Dans le cadre des Journées européennes du patrimoine et de Sirop de rue, festival de balades urbaines et gratuites pour tous les goûts :

*   parcourez le quartier des pentes de la Croix-Rousse pour un jeu de piste sur le thème des Canuts
*   RDV 14h, départ 14h30 (durée 1h30 env)
*   par [Repère(s)](https://www.reperes-lyon.fr/)

[https://www.instagram.com/reperes\_lyon/](https://www.instagram.com/reperes_lyon/)",2026-09-20 14:00:00+02:00,2026-09-20 16:00:00+02:00,"Place Morel, Lyon 1er",Lyon,"Place Morel, 69001 Lyon",Journées européennes du patrimoine 2026 - Auvergne – Rhône-Alpes
70501615,Portes Ouvertes Habitat Participatif,Visite guidée de l'habitat participatif Les Choux Lents,Visite guidée de l'habitat participatif Les Choux Lents,2026-09-20 14:00:00+02:00,2026-09-20 16:00:00+02:00,Les Choux Lents,Saint-Germain-au-Mont-d'Or,19 avenue de la résistance 69650 Saint germain au mont d'or,Journées européennes du patrimoine 2026 - Auvergne – Rhône-Alpes
78925307,"""Le sixième, vous avez dit usines ?...""",Le VI° arrondissement de Lyon affiche une image de quartier résidentiel. On peine à l'imaginer hérissé de cheminées d'usines !... Pourtant des entreprises mondialement connues y firent leurs premiers…,"Le VI° arrondissement de Lyon affiche une image de quartier résidentiel. On peine à l'imaginer hérissé de cheminées d'usines !... Pourtant des entreprises mondialement connues y firent leurs premiers pas. Et contrairement à une idée reçue elle étaient loin d'être toutes implantées à Bellecombe. Au fil de ce parcours commenté nous découvrirons de nombreux bâtiments qui furent autrefois sièges d'entreprises et parfois aussi lieux de production. Certains ont aujourd'hui acquis une nouvelle destinée. La pioche du démolisseur a hélas beaucoup anéanti des oeuvres d'architectes réputés. Mais nous aurons toutefois l'agréable surprise de constater que derrière des constructions récentes se dissimulent parfois des vestiges d'usines dont nous évoquerons l'histoire.  
Départ du parcours à 14h place du Maréchal Lyautey face au Café du Pond  
La réservation est possible car elle garantit votre participation mais elle n'est pas obligatoire.",2026-09-20 14:00:00+02:00,2026-09-20 16:00:00+02:00,Place du Maréchal Lyautey  Lyon VIème,Lyon,Place du Maréchal Lyautey 69006 Lyon,Journées européennes du patrimoine 2026 - Auvergne – Rhône-Alpes
49373027,Poussière d’étoile (Les séances du Planétarium),De quoi sommes-nous faits ?,"De quoi sommes-nous faits ?  
D’où viennent les atomes qui composent notre corps et notre planète ?  
Partez pour un voyage au cœur de vos origines cosmiques et découvrez l’incroyable histoire des étoiles. Apprenez comment elles naissent, vivent et meurent, et comment elles créent des atomes à l’origine des planètes et des êtres vivants. Nous sommes tous des poussières d’étoiles !  
Un voyage fascinant vous attend, pour toucher du doigt vos véritables origines dans l’Univers.",2026-09-20 14:00:00+02:00,2026-09-20 15:00:00+02:00,Planétarium de Vaulx-en-Velin,Vaulx-en-Velin,"Place de la Nation, 69120 Vaulx-en-Velin",Journées européennes du patrimoine 2026 - Auvergne – Rhône-Alpes
70479730,"""L'Art Rebelle"" : Rencontre avec Chamizo - Festival Music'ly","À l'occasion de son exposition présentée en Résonance avec la Biennale d'Art Contemporain, Didier Chamizo vous invite à une rencontre exceptionnelle. Ancien détenu de la prison Saint-Paul devenu de a…","À l'occasion de son exposition présentée en Résonance avec la Biennale d'Art Contemporain, Didier Chamizo vous invite à une rencontre exceptionnelle. Ancien détenu de la prison Saint-Paul devenu artiste de renommée internationale, il reviendra sur son parcours hors du commun et sur la manière dont la création a transformé l'enfermement en un puissant espace de liberté et de transmission.",2026-09-20 14:00:00+02:00,2026-09-20 15:00:00+02:00,UCLy - Université Catholique de Lyon,Lyon,10 place des archives 69002 Lyon,Journées européennes du patrimoine 2026 - Auvergne – Rhône-Alpes
75596001,Héritage Gratte-Ciel,"Inauguré en 1934, le quartier des Gratte-Ciel doit attendre soixante ans avant de faire l’objet d’une protection patrimoniale. Cette protection assure sa sauvegarde et suscite sa valorisation. le à à…","Inauguré en 1934, le quartier des Gratte-Ciel doit attendre soixante ans avant de faire l’objet d’une protection patrimoniale. Cette protection assure sa sauvegarde et suscite sa valorisation.  
Aujourd’hui, le quartier fait face à de nouveaux enjeux. De l’autre côté du cours Emile Zola, un projet urbain se déploie à horizon 2030 afin d’adapter le quartier aux besoins actuels de ses habitant·es, usagers et visiteurs tout en s’appuyant sur l’héritage des Gratte-ciel historiques.",2026-09-20 14:00:00+02:00,2026-09-20 15:00:00+02:00,TNP - Théâtre national populaire,Villeurbanne,"8 Place Docteur Lazare Goujon, 69100 Villeurbanne, France",Journées européennes du patrimoine 2026 - Auvergne – Rhône-Alpes
37316083,Découvrez les coulisses du Cinéma Gérard-Philipe,L’équipe du cinéma vous propose de découvrir les coulisses du cinéma : un parcours documentaire avec deux films réalisés par Thierry Frémaux sur les frères Lumières et des visites de la cabine de du …,"L’équipe du cinéma vous propose de découvrir les coulisses du cinéma : un parcours documentaire avec deux films réalisés par Thierry Frémaux sur les frères Lumières et des visites de la cabine de projection du cinéma.  
14h15 : Séance de LUMIERE L'AVENTURE COMMENCE (1h30)  
14h30 : visite de la cabine de projection  
15h45 : visite de la cabine de projection  
16h15 : Séance de LUMIERE L'AVENTURE CONTINUE (1h44)  
17h : visite de la cabine de projection  
18h : visite de la cabine de projection  
Séances au tarif spécial de 4,30€, visites de la cabine gratuites.",2026-09-20 14:15:00+02:00,2026-09-20 18:00:00+02:00,Cinéma Gérard Philipe,Vénissieux,"12 avenue Jean Cagne, 69200 Vénissieux",Journées européennes du patrimoine 2026 - Auvergne – Rhône-Alpes
13421824,"Animation dessin sur le thème du Patrimoine en péril : raviver, résister, réimaginer","Animation dessin tous niveaux - technique libre - apporter matériel à dessin (crayons, feuilles et siège)","Animation dessin tous niveaux - technique libre - apporter matériel à dessin (crayons, feuilles et siège)  
Départ depuis l'association La Renaissance du Vieux Lyon située au 50 rue St Jean.  
Age minimum : 11 ans",2026-09-20 14:30:00+02:00,2026-09-20 17:30:00+02:00,Association Renaissance du Vieux-Lyon,Lyon,50 rue Saint- Jean 69005 Lyon,Journées européennes du patrimoine 2026 - Auvergne – Rhône-Alpes
4720042,Balade patrimoniale et concert,"Du centre-ville aux Sources, balade commentée en suivant les panneaux historiques.","Du centre-ville aux Sources, balade commentée en suivant les panneaux historiques.  
Départ à 14h30 de l’église Saint Blaise. Arrivée vers 16h, concert du duo Flycase (pop rock acoustique) et goûter. Gratuit sans inscription",2026-09-20 14:30:00+02:00,2026-09-20 17:00:00+02:00,Mairie d'Écully,Écully,"1 Place de la Libération, 69130, Écully",Journées européennes du patrimoine 2026 - Auvergne – Rhône-Alpes
97267001,"Balade Urbaine ""Où sont les femmes ?"" - Lyon 8","Qu’elles soient artistes, réalisatrices, ouvrières, résistantes ou cheffes, nombreuses sont les femmes qui ont laissé leur empreinte dans notre ville et pourtant, les connaissez-vous ?","Qu’elles soient artistes, réalisatrices, ouvrières, résistantes ou cheffes, nombreuses sont les femmes qui ont laissé leur empreinte dans notre ville et pourtant, les connaissez-vous ?  
Laissez-vous entrainer dans les rues du 8ème arrondissement de Lyon par les guides de Filactions au travers de récits de lieux et de femmes qui ont marqué leur temps.",2026-09-20 14:30:00+02:00,2026-09-20 16:30:00+02:00,208 avenue des frères Lumière,Lyon,208 avenue des frères Lumière 69008,Journées européennes du patrimoine 2026 - Auvergne – Rhône-Alpes
56434564,"Un canut, qu'est-ce ? Visite ludique pour les enfants (7-12 ans)","Catastrophe ! Une étrange maladie frappe le ver à soie, la Grande fabrique menace de s'effondrer...","Catastrophe ! Une étrange maladie frappe le ver à soie, la Grande fabrique menace de s'effondrer...  
Parcourez les dédales de la ""colline qui travaille"" pour mener l'enquête et sauver la soierie lyonnaise ! En chemin, remontez le fil de l'histoire de la soie depuis ses origines jusqu'à nos jours, et découvrez les conditions de vie des fameux canuts.",2026-09-20 14:30:00+02:00,2026-09-20 16:00:00+02:00,Pentes de la Croix Rousse,Lyon,place de la Croix Rousse,Journées européennes du patrimoine 2026 - Auvergne – Rhône-Alpes
93539851,Labo Satellite ( Les labos du Planétarium ),Labo Satellite ( Les labos du Planétarium ),"Labo Satellite ( Les labos du Planétarium )  
Ce labo présente le rôle et le fonctionnement des satellites grâce à des maquettes et à la découverte d’exemples comme le satellite Sentinel-3.  
Il permet de comprendre comment les satellites observent la Terre, surveillent les océans ou l’atmosphère et contribuent à la gestion des moyens de communication. On y explore également l’environnement spatial (vide, radiations, micro-débris) et la problématique croissante de la pollution spatiale.  
Public : dès 10 ans",2026-09-20 14:30:00+02:00,2026-09-20 15:10:00+02:00,Planétarium de Vaulx-en-Velin,Vaulx-en-Velin,"Place de la Nation, 69120 Vaulx-en-Velin",Journées européennes du patrimoine 2026 - Auvergne – Rhône-Alpes
89521976,"Maisons castors de Villeurbanne : Ravivez, résistez, réimaginez !","""La peine de l'eau est infinie""","### ""La peine de l'eau est infinie""

_Ravivez !_  
Cette zone de Villeurbanne est un vaste territoire façonné par les anciens bras du Rhône, les lônes. La nappe phréatique comme une vaste étendue souterraine est très affleurante, parfois à moins de deux mètres de la surface des terres.  
Huit maisons de l'utopie castors (1945-1955) sont construites sur l’eau, et des balmes. Il a fallu faire des fondations de quatre mètres de profondeurs, à la pelle et à la pioche. Ils n’ont pas trouvé la roche, seulement du sable et des gravières.  
_Résistez !_  
C’est dans cet espace, traversé par l’histoire d’un pont qui n’a pas eu lieu, irrigué par la mémoire de ceux qui ont tenu, que deux artistes investissent une des maisons.  
_Réimaginez !_  
Jérôme Dupré la Tour et Élodie Tranchant, à l'occasion de ces JEP et en Résonance de la Biennale d'art contemporain, proposent une exposition autour d'un thème lié à ces auto-construction du Patrimoine Ordinaire, _La peine de l’eau est infinie_. À travers un ensemble d’œuvres plastiques et vidéo, ils explorent le rêve par ses bords : non pas le rêve triomphant, mais le rêve comme flux et comme absence, comme ce qui reste lorsque l’image se dérobe au réveil, quand la mémoire s’étiole, laissant des bribes flotter.  
L’eau traverse l’exposition comme elle traverse ce quartier bâti sur les anciens bras du Rhône et ses lônes, pas comme obstacle mais comme passage.  
Elle évoque une forme de fluidité : porosités entre ce qui a eu lieu et ce qui aurait pu être, témoignant et transmettant cette mémoire collective.

_En résonance avec la Biennale d'art contemporain de Lyon 2026_",2026-09-20 15:00:00+02:00,2026-09-20 19:30:00+02:00,"Maisons Castors, Villeurbanne",Villeurbanne,12 rue Alfred Brinon 69100,Journées européennes du patrimoine 2026 - Auvergne – Rhône-Alpes
8932892,A la découverte des peintures restaurées de l'église Saint-Louis,Venez découvrir les magnifiques peintures monumentales du peintre Henry de Gaudemaris récemment restaurées dans le choeur de l'église Saint-Louis datées de la fin XIXe siècle.,"Venez découvrir les magnifiques peintures monumentales du peintre Henry de Gaudemaris récemment restaurées dans le choeur de l'église Saint-Louis datées de la fin XIXe siècle.  
Activités proposées le dimanche 20 septembre de 15h à 18h, aucune inscription obligatoire :  
\- Parcours découverte et concours photo, à l'aide de ton smartphone, observe, cherche et capture et participe au concours photo  
\- Présentation des peintures remarquables par une restauratrice ayant participé aux travaux  
\- Visites commentées par l'association Fontaines Patrimoine  
\- Exposition photographique et historique de l'église St Louis par les associations Photographes et Parkinsoniens et Fontaines Patrimoine",2026-09-20 15:00:00+02:00,2026-09-20 18:00:00+02:00,Eglise Saint-Louis,Fontaines-sur-Saône,Place Carnot 69270 Fontaines-sur-Saône,Journées européennes du patrimoine 2026 - Auvergne – Rhône-Alpes
31316343,À la découverte des vignes de Beauregard,"Les vignerons de Beauregard proposent une visite commentée des vignes, pour mieux comprendre l’histoire et le travail autour de ce patrimoine local.","Les vignerons de Beauregard proposent une visite commentée des vignes, pour mieux comprendre l’histoire et le travail autour de ce patrimoine local.",2026-09-20 15:00:00+02:00,2026-09-20 16:00:00+02:00,Parc de Beauregard,Saint-Genis-Laval,"23 avenue de Beauregard, Saint-Genis-Laval, 69230",Journées européennes du patrimoine 2026 - Auvergne – Rhône-Alpes
44315759,Visite de l'orgue de Saint-Genis-Laval,L'orgue de Saint-Genis-Laval fête le patrimoine musical !,"L'orgue de Saint-Genis-Laval fête le patrimoine musical !
---------------------------------------------------------

### Venez le découvrir de l'intérieur, grâce à une visite commentée par les organistes.

### Présentation du fonctionnement de l'instrument, agrémenté d'éclairages sonores.",2026-09-20 15:00:00+02:00,2026-09-20 18:00:00+02:00,Eglise de Saint-Genis-Laval,Saint-Genis-Laval,5 place Chanoine Coupat 69230 Saint-Genis-Laval,Journées européennes du patrimoine 2026 - Auvergne – Rhône-Alpes
60067005,Visite découverte de l'orgue de l'église Saint-Genest,"Découverte d'un objet mobilier particulier, l'orgue de l'église de Saint-Genis-Laval, par le biais d'une présentation historique entrecoupée d'interludes musicaux.","Découverte d'un objet mobilier particulier, l'orgue de l'église de Saint-Genis-Laval, par le biais d'une présentation historique entrecoupée d'interludes musicaux.",2026-09-20 15:00:00+02:00,2026-09-20 18:00:00+02:00,Eglise de Saint-Genis-Laval,Saint-Genis-Laval,5 place Chanoine Coupat 69230 Saint-Genis-Laval,Journées européennes du patrimoine 2026 - Auvergne – Rhône-Alpes
68296627,"Conférence sur le pèlerinage de Compostelle aujourd'hui: un ""patrimoine"" à préserver ?","Conférence sur le Chemin de Compostelle aujourd'hui: un ""patrimoine"" à préserver ?","Conférence sur le Chemin de Compostelle aujourd'hui: un ""patrimoine"" à préserver ?  
Présentation de l'actualité du Chemin de Compostelle, son attrait grandissant depuis plusieurs années: un ""patrimoine"" exposé à son succès ?",2026-09-20 15:00:00+02:00,2026-09-20 17:00:00+02:00,Église Saint-Nizier,Lyon,"Place Saint-Nizier, 69002 Lyon, France",Journées européennes du patrimoine 2026 - Auvergne – Rhône-Alpes
70296661,"Balade urbaine inédite : Bellecombe, le village caché du 6e","Bellecombe, le village caché du 6e","Bellecombe, le village caché du 6e
----------------------------------

A l’écart des Brotteaux par le chemin de fer, Bellecombe s’est développé comme un véritable village.  
Au fil des rues, cette promenade vous invitera à découvrir ce quartier du 6ᵉ avec ses maisons anciennes, ses immeubles faubouriens, ses ateliers disparus, ses lieux insolites comme ses lieux de sociabilité qui ont façonné son caractère bien affirmé. Entre patrimoine bâti, mémoire populaire et transformations urbaines importantes depuis l’Après-guerre et encore en cours, Bellecombe nous révélera son histoire encore trop méconnue.  
Balade urbaine commentée par R. BILLARD",2026-09-20 15:00:00+02:00,2026-09-20 17:00:00+02:00,181 avenue Thiers,Lyon,181 avenue Thiers 69006 Lyon,Journées européennes du patrimoine 2026 - Auvergne – Rhône-Alpes
13022259,Balade guidée - Les hauts lieux de la médecine lyonnaise,Comment la ville réagit-elle face aux épidémies qui la frappent ? Participez à cette balade urbaine pour découvrir l’histoire des lieux et des grandes figures qui ont permis l’avancée de la médecine …,"Comment la ville réagit-elle face aux épidémies qui la frappent ?  
Cette balade urbaine, organisée par le Musée de sciences biologiques Docteur Mérieux, vous invite à découvrir comment Lyon a fait évoluer ses pratiques de soins au fil des crises sanitaires. À travers son patrimoine hospitalier et les grandes figures de la médecine lyonnaise, explorez un aspect essentiel de l'histoire de la ville et de son héritage médical.  
  
**Informations pratiques :**  
**Modalité de visite :** visite guidée à Lyon  
**Horaire de début de la visite :** 15h  
**Durée** : 01h30  
**Tarif** : gratuit dans le cadre des JEP (dans la limite des places disponibles).  
**Public** : adultes et enfants à partir de 13 ans  
**Lieu de rendez-vous** : début de la visite à 15h à la Place Antonin Jutard - 69003 Lyon. Plus de détails à préciser au moment de la confirmation de la réservation.  
**Réservation obligatoire à** [contact@musee-docteur-merieux.com](mailto:contact@musee-docteur-merieux.com)  
Les inscriptions seront ouvertes à partir du 18 août 2026.",2026-09-20 15:00:00+02:00,2026-09-20 16:30:00+02:00,Lieu de départ,Lyon,Place Antonin Jutard - 69003 Lyon,Journées européennes du patrimoine 2026 - Auvergne – Rhône-Alpes
67271171,Feyzin au fil des siècles,"Pierre Bailly, agriculteur, vous propose une visite guidée de sa ferme du 16e siècle qu’il a transformé progressivement en musée sur l’histoire de la commune et de la vallée du Rhône, fleuve De la à…","Pierre Bailly, agriculteur, vous propose une visite guidée de sa ferme du 16e siècle qu’il a transformé progressivement en musée sur l’histoire de la commune et de la vallée du Rhône, fleuve nourricier. De la présence romaine à l’industrialisation, parcourez les siècles avec mariniers et pirates, les crues du fleuve, l’agriculture, les seigneurs de Feyzin et Joséphine de Beauharnais, les joutes nautiques, iles, vorgines et lônes,",2026-09-20 15:00:00+02:00,2026-09-20 16:30:00+02:00,Mas des Razes,Feyzin,12 rue Thomas 69320 Feyzin,Journées européennes du patrimoine 2026 - Auvergne – Rhône-Alpes
29180284,Découverte de l'orgue,Journées européennes du patrimoine,"Découverte de l'orgue:  
Présentation, explications, échanges, temps musical",2026-09-20 15:00:00+02:00,2026-09-20 16:00:00+02:00,Eglise Notre Dame Saint-Louis,Lyon,"1, rue de la Madeleine 69007 Lyon",Journées européennes du patrimoine 2026 - Auvergne – Rhône-Alpes
60379363,Des Oasis dans l'espace ( Les séances du Planétarium ),"Nous vivons sur une planète aquatique, précieuse et unique : la Terre.","Nous vivons sur une planète aquatique, précieuse et unique : la Terre.  
La vie telle que nous la connaissons a besoin d’eau liquide pour apparaître… Mais notre planète est-elle vraiment la seule à en posséder ?  
Comment détecter de l’eau sur une autre planète ? Existe-t-il ailleurs, dans notre galaxie, d’autres oasis de vie ?  
Embarquez pour un voyage à travers le Système solaire, à la recherche de l’eau sous toutes ses formes : solide, liquide et gazeuse.  
Des cratères de Mercure à la lointaine Pluton, en passant par la surface aride de Mars et les lunes mystérieuses de Jupiter, explorez les mondes qui pourraient, eux aussi, abriter ce trésor indispensable.

Publics : adultes, ados, familles dès 8 ans  
Film avec une séance d’astronomie animée par un médiateur scientifique  
Durée 1 heure",2026-09-20 15:30:00+02:00,2026-09-20 16:30:00+02:00,Planétarium de Vaulx-en-Velin,Vaulx-en-Velin,"Place de la Nation, 69120 Vaulx-en-Velin",Journées européennes du patrimoine 2026 - Auvergne – Rhône-Alpes
79181941,Labo Bar à planètes ( Les labos du Planétarium ),Labo Bar à planètes ( Les labos du Planétarium ),"Labo Bar à planètes ( Les labos du Planétarium )  
Dans ce laboratoire, différentes expériences permettent d’explorer et de comparer les caractéristiques des planètes du Système solaire.  
En manipulant des matériaux, en observant des maquettes ou en réalisant de petites expériences, les participants découvrent les notions de masse, densité, taille, composition, température et gravité.  
Public : dès 8 ans",2026-09-20 16:00:00+02:00,2026-09-20 16:40:00+02:00,Planétarium de Vaulx-en-Velin,Vaulx-en-Velin,"Place de la Nation, 69120 Vaulx-en-Velin",Journées européennes du patrimoine 2026 - Auvergne – Rhône-Alpes
32540265,Découverte du ciel ( Les séances du Planétarium ),"Le ciel est riche de milliards d'étoiles, de planètes et de galaxies. Mais savez-vous où se situent la Grande Ourse, l'Etoile polaire, les constellations d'Orion ou de Cassiopée ? une séance guidée à…","Le ciel est riche de milliards d'étoiles, de planètes et de galaxies. Mais savez-vous où se situent la Grande Ourse, l'Etoile polaire, les constellations d'Orion ou de Cassiopée ? une séance entièrement guidée par un médiateur scientifique, pour apprendre à reconnaître les principaux objets célestes et phénomènes visibles le soir-même : phases de la Lune, étoiles filantes, planètes du Système solaire.",2026-09-20 17:00:00+02:00,2026-09-20 18:00:00+02:00,Planétarium de Vaulx-en-Velin,Vaulx-en-Velin,"Place de la Nation, 69120 Vaulx-en-Velin",Journées européennes du patrimoine 2026 - Auvergne – Rhône-Alpes
80016297,Récital d'orgue,"Récital d'orgue, sur l'orgue Joseph Merklin de 1891. Programme en cours d'élaboration. Dimanche 20 septembre à 17h30. Entrée libre, libre participation aux frais.","Récital d'orgue, sur l'orgue Joseph Merklin de 1891. Programme en cours d'élaboration. Dimanche 20 septembre à 17h30. Entrée libre, libre participation aux frais.",2026-09-20 17:30:00+02:00,2026-09-20 18:30:00+02:00,Temple de la Lanterne,Lyon,"10 rue Lanterne, 69001 Lyon",Journées européennes du patrimoine 2026 - Auvergne – Rhône-Alpes
15624457,Projection du film : Les Chaillées de l'enfer de Léo Boudet,Projection du film Les Chaillées de l'enfer de Léo Boudet.,"Projection du film Les Chaillées de l'enfer de Léo Boudet.  
Projection en présence d'un membre de l'équipe du film  
Séance le dimanche 20 septembre à 18h, ouverture de la billetterie au guichet 30 minutes avant le début de la séance.",2026-09-20 18:00:00+02:00,2026-09-20 20:00:00+02:00,Espace Culturel Eole,Craponne,16 rue centrale 69290 Craponne,Journées européennes du patrimoine 2026 - Auvergne – Rhône-Alpes
